Distance_km,Travel_Time_min,Avg_Speed_kmh,Traffic_Level,Vehicle_Type,Fuel_Type,CO2_Emission_kg
10.3,18.6,33.3,Moderate,SUV,Diesel,2.72
5.4,6.7,48.3,Low,Sedan,Petrol,1
15.4,23.8,38.8,Moderate,SUV,Petrol,4.77
13.4,13.5,59.4,Low,Hatchback,Petrol,2.06
29.1,67.4,25.9,High,Sedan,Diesel,6.41
18.3,39.4,27.9,High,Sedan,Diesel,3.9
4.3,5.3,48.5,Low,Hatchback,Petrol,0.7
5,8.8,34,Moderate,Motorcycle,Petrol,0.53
11.7,40.1,17.5,High,Hatchback,Diesel,2.39
16.8,37.9,26.6,High,Hatchback,Petrol,3.46
3.7,16.1,13.8,Severe,Hatchback,Diesel,0.93
26.9,47.9,33.7,Moderate,Sedan,Petrol,5.95
26,34.7,45,Moderate,Sedan,Petrol,5.19
7,19.7,21.3,High,Hatchback,Petrol,1.69
19.7,77.8,15.2,High,SUV,Diesel,6.25
7.1,8.3,51.5,Low,Sedan,Diesel,1.25
6,6.1,58.7,Low,Motorcycle,Petrol,0.53
16.1,17.1,56.4,Low,Sedan,Diesel,2.75
4.6,4.7,58.9,Low,Motorcycle,Petrol,0.43
2.5,5.1,29.2,High,Hatchback,Petrol,0.5
17.7,20.4,52.1,Low,Sedan,Petrol,3.49
3.7,5.4,40.9,Moderate,Hatchback,Petrol,0.68
14.4,27.2,31.8,Moderate,Hatchback,Petrol,2.68
3.8,4.2,54.5,Low,Hatchback,Diesel,0.55
3.9,12.9,18.2,High,Hatchback,Diesel,0.79
17.8,59.7,17.9,High,Hatchback,Petrol,4.06
17.3,34.8,29.8,High,Hatchback,Petrol,3.57
23.7,27.5,51.7,Low,Sedan,Petrol,4.39
26.6,68.5,23.3,High,Hatchback,Diesel,5.53
58.2,199.5,17.5,High,Sedan,Petrol,15.74
5,39,7.7,Severe,SUV,Petrol,2.34
59.9,88.1,40.8,Moderate,Hatchback,Petrol,11.04
15.4,58.1,15.9,High,Sedan,Petrol,4.35
9.7,12.2,47.8,Low,Sedan,Diesel,1.61
9.1,14,38.9,Moderate,Sedan,Petrol,2.01
19.3,28.5,40.7,Moderate,Hatchback,Petrol,3.46
4.5,16.8,16.1,High,Sedan,Diesel,1.15
3.7,5,44,Moderate,Motorcycle,Petrol,0.38
3.3,7.7,25.6,High,Sedan,Diesel,0.75
8.5,12.8,40,Moderate,Motorcycle,Petrol,0.81
2.9,5.1,34.1,Moderate,Sedan,Diesel,0.55
12.6,17.3,43.6,Moderate,SUV,Petrol,3.58
2,4.9,24.6,High,Hatchback,Diesel,0.4
2.1,2.2,58.2,Low,Motorcycle,Petrol,0.19
28.7,36.7,46.9,Low,Hatchback,Diesel,4.14
33.5,59.6,33.7,Moderate,Hatchback,Diesel,5.63
7,7.1,58.9,Low,Motorcycle,Petrol,0.66
33.2,35.6,56,Low,Hatchback,Diesel,4.79
32.2,46.2,41.8,Moderate,Hatchback,Diesel,5.14
8.5,14.7,34.6,Moderate,SUV,Petrol,2.43
4.6,9.4,29.5,High,Hatchback,Petrol,0.96
48.4,468.4,6.2,Severe,Motorcycle,Petrol,7.64
41.6,48.5,51.5,Low,SUV,Petrol,10.93
13.9,24.7,33.8,Moderate,SUV,Petrol,4.35
17.2,41.1,25.1,High,Hatchback,Petrol,3.67
4.5,10.5,25.8,High,Hatchback,Petrol,0.94
4.4,5.1,51.3,Low,Motorcycle,Petrol,0.4
29.2,45.9,38.2,Moderate,Hatchback,Petrol,5.36
16.5,27,36.6,Moderate,Hatchback,Petrol,3.17
11.7,13.3,52.7,Low,Sedan,Petrol,2.29
16.7,30.4,33,Moderate,Hatchback,Petrol,3.08
21.1,32.1,39.4,Moderate,Hatchback,Diesel,3.41
7.2,7.7,56.3,Low,SUV,Petrol,1.86
9.7,18.9,30.8,Moderate,Hatchback,Diesel,1.56
30,163.6,11,Severe,Motorcycle,Petrol,5.09
17.2,24.3,42.5,Moderate,Sedan,Diesel,3.29
12.6,19.1,39.6,Moderate,SUV,Petrol,3.83
2.6,4.6,34.1,Moderate,Hatchback,Petrol,0.46
7.6,28.5,16,High,Sedan,Petrol,2.06
5.4,30,10.8,Severe,SUV,Diesel,2.21
2,2.9,41.3,Moderate,Motorcycle,Petrol,0.21
8,12.3,39,Moderate,Hatchback,Petrol,1.47
4.7,13.4,21.1,High,Hatchback,Petrol,1.04
10.3,16.1,38.5,Moderate,Hatchback,Petrol,1.83
10.5,19,33.2,Moderate,Hatchback,Diesel,1.68
18.3,35.2,31.2,Moderate,Hatchback,Petrol,3.55
7.2,17.4,24.8,High,SUV,Diesel,2.21
3.2,3.5,55,Low,Sedan,Petrol,0.62
11.7,26.8,26.2,High,Hatchback,Diesel,2.25
2.2,3.3,40.2,Moderate,Motorcycle,Petrol,0.22
10.8,26.6,24.4,High,Hatchback,Diesel,2.25
11.2,52.5,12.8,Severe,Hatchback,Petrol,3.21
13.4,29.5,27.3,High,Hatchback,Diesel,2.5
30.6,44.8,41,Moderate,Motorcycle,Petrol,2.96
28.1,46.2,36.5,Moderate,SUV,Petrol,8.74
21.3,68.3,18.7,High,Sedan,Petrol,5.75
8.8,11,48.2,Low,SUV,Petrol,2.38
12.8,13,59.2,Low,Hatchback,Diesel,1.79
16.9,45.3,22.4,High,SUV,Petrol,6.14
13.1,21.2,37.1,Moderate,Sedan,Petrol,2.95
7.6,13.5,33.8,Moderate,Hatchback,Petrol,1.35
17.6,21.9,48.2,Low,Sedan,Diesel,3.13
12.8,16,47.9,Low,Hatchback,Petrol,1.95
12.7,72.6,10.5,Severe,SUV,Petrol,6.21
18.7,30.3,37,Moderate,Sedan,Petrol,3.92
27.2,77.7,21,High,Hatchback,Petrol,5.98
6.5,8.7,44.9,Moderate,Hatchback,Diesel,1.01
12.3,20.1,36.8,Moderate,Sedan,Diesel,2.53
7,16.1,26.1,High,Motorcycle,Petrol,0.8
7.3,9.2,47.6,Low,Hatchback,Petrol,1.16
12.9,19.1,40.6,Moderate,SUV,Petrol,3.76
31.8,76.6,24.9,High,Motorcycle,Petrol,4.08
16.5,74.4,13.3,Severe,Hatchback,Petrol,4.69
15.7,29.5,31.9,Moderate,SUV,Diesel,4.17
14.9,19.6,45.6,Low,Sedan,Petrol,2.76
9.7,24.7,23.6,High,Motorcycle,Petrol,1.32
12.7,13.5,56.3,Low,Sedan,Diesel,2.25
6.7,17.9,22.4,High,Hatchback,Petrol,1.52
18.6,27.6,40.4,Moderate,Hatchback,Diesel,2.95
14.5,25,34.8,Moderate,Motorcycle,Petrol,1.49
19.9,51.7,23.1,High,Sedan,Petrol,5.36
16.3,54,18.1,High,Sedan,Diesel,3.96
11.2,60.5,11.1,Severe,Hatchback,Petrol,3.26
10.9,46.4,14.1,Severe,Sedan,Petrol,3.88
17.2,30.3,34.1,Moderate,SUV,Diesel,4.26
13.8,82,10.1,Severe,Motorcycle,Petrol,2.33
8.3,11.3,44,Moderate,Sedan,Diesel,1.52
6.7,40.6,9.9,Severe,Hatchback,Petrol,1.91
15.4,26.6,34.8,Moderate,Hatchback,Diesel,2.51
8.2,8.8,56.2,Low,SUV,Diesel,1.78
18.2,109.2,10,Severe,Hatchback,Petrol,5.33
33.1,52.4,37.9,Moderate,Sedan,Diesel,6.44
11.5,15.5,44.5,Moderate,Hatchback,Diesel,1.8
32.8,95.1,20.7,High,Hatchback,Diesel,6.77
20.5,22.6,54.5,Low,Motorcycle,Petrol,1.94
14.3,15.7,54.5,Low,Motorcycle,Petrol,1.28
19,20,56.9,Low,Hatchback,Petrol,2.93
15.7,53.8,17.5,High,Hatchback,Diesel,3.2
9.3,10.8,51.9,Low,Hatchback,Petrol,1.41
33.5,115.5,17.4,High,Sedan,Petrol,9.23
14.2,20,42.7,Moderate,Hatchback,Petrol,2.5
6.6,8.8,44.9,Moderate,Hatchback,Diesel,1.03
6.5,14.9,26.2,High,Hatchback,Petrol,1.36
24.3,60.5,24.1,High,Hatchback,Petrol,5.66
17.2,37.4,27.6,High,Sedan,Diesel,3.89
5.5,8,41,Moderate,Hatchback,Petrol,0.99
3.1,4.2,44.6,Moderate,Sedan,Diesel,0.6
8.6,12.3,42.1,Moderate,SUV,Petrol,2.36
38.5,169.9,13.6,Severe,SUV,Diesel,16.07
25.5,100.7,15.2,High,Sedan,Petrol,7.09
15.8,32.6,29.1,High,Hatchback,Petrol,3.16
28.4,236.7,7.2,Severe,Hatchback,Diesel,7.5
5.3,5.4,59.2,Low,Hatchback,Petrol,0.81
22,32.9,40.1,Moderate,SUV,Diesel,5.28
11.5,21.9,31.5,Moderate,Sedan,Petrol,2.64
5,6.8,44.3,Moderate,Motorcycle,Petrol,0.48
15.4,107.4,8.6,Severe,Hatchback,Petrol,4.3
26.8,65.4,24.6,High,Sedan,Petrol,7.53
3,5.8,31,Moderate,SUV,Petrol,0.88
24.9,25.5,58.5,Low,Hatchback,Diesel,3.36
4,4.4,54.9,Low,Hatchback,Petrol,0.66
4.6,6,45.8,Low,SUV,Petrol,1.23
17.8,33.8,31.6,Moderate,Sedan,Diesel,3.34
18.7,30.4,36.9,Moderate,Motorcycle,Petrol,1.86
14,37.5,22.4,High,Motorcycle,Petrol,1.73
6.9,8.4,49.1,Low,Sedan,Petrol,1.29
48.3,74.1,39.1,Moderate,Hatchback,Diesel,8.09
17.7,58.4,18.2,High,Sedan,Petrol,4.76
14.2,16.6,51.4,Low,SUV,Petrol,3.56
21,76.8,16.4,High,Hatchback,Diesel,4.36
15.9,27.3,34.9,Moderate,Hatchback,Petrol,2.99
18.7,38,29.5,High,Sedan,Petrol,4.7
7.3,13.9,31.6,Moderate,SUV,Petrol,2.25
18.1,36.7,29.6,High,SUV,Petrol,6.26
9.4,29.7,19,High,Hatchback,Diesel,1.86
2,5.1,23.5,High,Sedan,Petrol,0.55
8,13.2,36.3,Moderate,Hatchback,Petrol,1.51
15.7,20.6,45.8,Low,Hatchback,Petrol,2.56
7.3,12,36.6,Moderate,Hatchback,Diesel,1.13
4.3,11.6,22.3,High,SUV,Petrol,1.59
10.1,18.3,33.2,Moderate,Hatchback,Petrol,1.83
8,9.5,50.7,Low,SUV,Petrol,2.15
21.1,81.2,15.6,High,Hatchback,Diesel,4.4
15.7,44.2,21.3,High,Hatchback,Petrol,3.55
29.3,61,28.8,High,Hatchback,Diesel,5.25
15.2,26.3,34.7,Moderate,Hatchback,Petrol,2.72
11.1,15.3,43.6,Moderate,Hatchback,Diesel,1.76
23.5,29.4,48,Low,Sedan,Diesel,4.06
8.2,11.9,41.3,Moderate,SUV,Petrol,2.44
16.4,35.1,28,High,Sedan,Petrol,3.91
4.4,8.6,30.8,Moderate,Sedan,Petrol,0.96
8.7,9,58,Low,Motorcycle,Petrol,0.79
14.6,20.9,41.9,Moderate,Motorcycle,Petrol,1.44
29.8,48.2,37.1,Moderate,Hatchback,Petrol,5.29
25.2,66.9,22.6,High,Hatchback,Petrol,5.76
6.2,7.4,50.6,Low,Hatchback,Petrol,0.98
17.9,67.1,16,High,Hatchback,Diesel,3.52
16.6,72.7,13.7,Severe,Hatchback,Petrol,4.64
9.7,27.8,20.9,High,Sedan,Diesel,2.33
8.3,19.8,25.1,High,SUV,Diesel,2.44
16.5,28,35.4,Moderate,Hatchback,Petrol,2.96
27.3,51,32.1,Moderate,Hatchback,Diesel,4.24
18.4,70.8,15.6,High,Hatchback,Diesel,3.57
3.3,7.4,26.6,High,SUV,Petrol,1.12
7.4,12.1,36.7,Moderate,Hatchback,Diesel,1.19
13.1,35.7,22,High,SUV,Petrol,5.12
46.5,78.2,35.7,Moderate,Sedan,Diesel,9.42
22.1,33.5,39.6,Moderate,Motorcycle,Petrol,2.31
8.8,27.4,19.3,High,SUV,Petrol,3.42
5.5,45.8,7.2,Severe,Sedan,Petrol,1.8
6,8,44.9,Moderate,Hatchback,Petrol,1.1
29.7,104.2,17.1,High,Hatchback,Diesel,6.09
7.6,15.1,30.1,Moderate,Hatchback,Petrol,1.45
17.3,32.7,31.7,Moderate,Hatchback,Petrol,3.05
8.4,15.9,31.7,Moderate,Motorcycle,Petrol,0.88
6.1,11.4,32.2,Moderate,Sedan,Petrol,1.3
7.3,7.3,59.6,Low,Hatchback,Petrol,1.17
48.9,79.1,37.1,Moderate,Sedan,Diesel,9.36
8.3,12.1,41,Moderate,Sedan,Diesel,1.59
2.4,3.4,42.2,Moderate,Hatchback,Diesel,0.37
16.3,61.5,15.9,High,SUV,Petrol,5.97
3.6,3.7,59,Low,Sedan,Diesel,0.61
8,9.5,50.4,Low,SUV,Diesel,1.73
4.9,11.3,26.1,High,Motorcycle,Petrol,0.57
47.4,64.8,43.9,Moderate,Sedan,Diesel,9.07
6.8,17.6,23.2,High,Hatchback,Petrol,1.59
6.8,10.1,40.3,Moderate,Hatchback,Petrol,1.24
10,13.4,44.7,Moderate,Motorcycle,Petrol,0.95
13.6,32.4,25.2,High,Motorcycle,Petrol,1.55
17.8,23.2,46,Low,SUV,Petrol,4.57
16.1,33.1,29.2,High,Hatchback,Diesel,2.98
14,44.9,18.7,High,Hatchback,Diesel,2.82
6.5,11.5,33.9,Moderate,Sedan,Diesel,1.25
27.4,28.4,57.8,Low,Sedan,Diesel,4.63
7.5,22.7,19.8,High,Hatchback,Petrol,1.73
32.8,68.1,28.9,High,Sedan,Diesel,7.32
3.6,3.8,56.9,Low,Hatchback,Petrol,0.57
28.3,104.2,16.3,High,Hatchback,Diesel,5.82
17.7,66,16.1,High,Motorcycle,Petrol,2.32
7.4,10.3,43.2,Moderate,SUV,Petrol,2.05
45.8,490.7,5.6,Severe,Hatchback,Petrol,12.84
7.7,10.5,44.1,Moderate,Motorcycle,Petrol,0.79
7.1,13.4,31.9,Moderate,Hatchback,Petrol,1.31
9.5,10.4,54.9,Low,SUV,Petrol,2.55
18.3,24,45.7,Low,Sedan,Petrol,3.53
14.2,37.9,22.5,High,Sedan,Petrol,4.06
18,55.4,19.5,High,Hatchback,Petrol,4.11
12,36.5,19.7,High,SUV,Diesel,3.93
38.3,59.8,38.4,Moderate,Hatchback,Petrol,6.91
2.8,4.7,35.8,Moderate,Sedan,Petrol,0.64
4.6,8,34.7,Moderate,SUV,Petrol,1.38
13.1,13.3,59.2,Low,Sedan,Diesel,2.16
2.4,3.3,43.2,Moderate,SUV,Petrol,0.69
26.5,61.4,25.9,High,SUV,Petrol,8.95
11.9,23,31.1,Moderate,Sedan,Diesel,2.29
52,52.3,59.6,Low,Hatchback,Diesel,7.16
31.3,35.7,52.6,Low,Sedan,Petrol,5.73
5.8,8.9,39.1,Moderate,Sedan,Petrol,1.29
9.9,30.5,19.5,High,Hatchback,Diesel,2
13,38,20.5,High,SUV,Diesel,4.15
17.3,67.4,15.4,High,Sedan,Diesel,4.35
15.8,39.8,23.8,High,Hatchback,Petrol,3.68
22.2,85.9,15.5,High,Motorcycle,Petrol,2.76
4.5,4.9,55.4,Low,Sedan,Diesel,0.8
31,39.5,47.1,Low,Hatchback,Petrol,5.04
13.1,13.4,58.7,Low,Hatchback,Petrol,2.15
16.4,40.7,24.2,High,Hatchback,Petrol,3.79
9.8,17.1,34.3,Moderate,Hatchback,Diesel,1.56
9.5,29.8,19.1,High,Hatchback,Diesel,1.89
55.5,256.2,13,Severe,Hatchback,Petrol,16.44
5.5,8.9,37.2,Moderate,Hatchback,Petrol,1.06
11.4,28.7,23.8,High,Hatchback,Diesel,2.3
10.5,15.4,40.8,Moderate,Hatchback,Diesel,1.54
19.3,26.3,44,Moderate,Motorcycle,Petrol,1.91
9.7,14.7,39.7,Moderate,Motorcycle,Petrol,0.97
15.4,31.8,29.1,High,Motorcycle,Petrol,1.76
22.6,90.4,15,Severe,Hatchback,Petrol,6.29
58.2,231.3,15.1,High,Sedan,Petrol,16.66
9.9,15.9,37.4,Moderate,Motorcycle,Petrol,1.07
11.9,15.1,47.4,Low,Sedan,Petrol,2.19
17.9,25.9,41.4,Moderate,Hatchback,Diesel,2.87
27.7,30.2,55,Low,Hatchback,Petrol,4.35
4.1,6,41.3,Moderate,Motorcycle,Petrol,0.4
10.1,23.9,25.4,High,Hatchback,Petrol,2.08
6,14.1,25.6,High,Hatchback,Petrol,1.31
6.9,12.9,32,Moderate,Hatchback,Diesel,1.13
6.4,10.1,38.1,Moderate,SUV,Petrol,1.87
18.7,21.7,51.7,Low,SUV,Petrol,4.89
6.4,9.9,38.6,Moderate,Hatchback,Petrol,1.19
3.6,6.9,31.4,Moderate,Sedan,Diesel,0.7
14.6,16.9,51.9,Low,SUV,Diesel,3.18
31.2,61,30.7,Moderate,Hatchback,Petrol,6.05
21,237.7,5.3,Severe,Sedan,Diesel,6.64
51.1,68.3,44.9,Moderate,Hatchback,Diesel,8.19
7.5,19.5,23.1,High,SUV,Petrol,2.71
15.3,50.2,18.3,High,Hatchback,Petrol,3.45
15.4,21.8,42.4,Moderate,Hatchback,Petrol,2.65
30.9,32.5,57.1,Low,Sedan,Diesel,5.45
3.6,4.7,45.5,Low,Sedan,Diesel,0.58
14,25.2,33.3,Moderate,Motorcycle,Petrol,1.39
12.9,29.8,26,High,Hatchback,Petrol,2.76
4.4,4.8,54.9,Low,Hatchback,Petrol,0.67
33.2,176.3,11.3,Severe,Sedan,Petrol,11.97
30.1,91.2,19.8,High,Sedan,Petrol,8.12
14.7,45.2,19.5,High,SUV,Diesel,4.84
19.7,36.9,32,Moderate,Hatchback,Petrol,3.69
32.7,35.1,55.9,Low,Hatchback,Petrol,5.32
18.7,19.9,56.4,Low,SUV,Petrol,4.85
25,288.5,5.2,Severe,Motorcycle,Petrol,4.27
10,17.9,33.6,Moderate,Sedan,Petrol,2.29
17.8,28.1,38,Moderate,Hatchback,Petrol,3.29
11,68,9.7,Severe,SUV,Diesel,4.33
6.5,12.1,32.2,Moderate,Hatchback,Diesel,1.06
3.2,5.4,35.7,Moderate,SUV,Petrol,0.98
12.6,25.6,29.5,High,Sedan,Petrol,3.04
11.7,31.5,22.3,High,Motorcycle,Petrol,1.52
10.6,11,57.7,Low,Motorcycle,Petrol,0.97
14.1,45.7,18.5,High,SUV,Petrol,5.27
6.9,17.1,24.2,High,Sedan,Petrol,1.79
10.1,17.8,34.1,Moderate,Motorcycle,Petrol,1
30.1,63.1,28.6,High,Hatchback,Petrol,6.1
6.2,19.6,19,High,Hatchback,Petrol,1.41
19.9,29.6,40.3,Moderate,SUV,Diesel,4.99
10.9,17.1,38.3,Moderate,Hatchback,Petrol,1.95
14.3,36.5,23.5,High,Motorcycle,Petrol,1.78
10.4,14.5,43,Moderate,Motorcycle,Petrol,1.03
2.6,11.1,14,Severe,Sedan,Petrol,0.93
9.7,14.1,41.3,Moderate,SUV,Petrol,2.66
3.9,11.2,20.8,High,Motorcycle,Petrol,0.5
11.4,56.1,12.2,Severe,Sedan,Diesel,3.36
8.7,12.6,41.5,Moderate,Motorcycle,Petrol,0.85
10.3,13.8,44.9,Moderate,Sedan,Petrol,2.25
7.4,27.2,16.3,High,Sedan,Diesel,1.85
3.2,7.8,24.5,High,SUV,Petrol,1.15
4.5,7.9,34,Moderate,Hatchback,Petrol,0.83
14.1,16.8,50.3,Low,Hatchback,Petrol,2.22
4.3,8.2,31.3,Moderate,Motorcycle,Petrol,0.47
49.3,58.3,50.7,Low,Hatchback,Petrol,7.88
5.5,8.8,37.3,Moderate,Hatchback,Petrol,0.99
15.9,20.5,46.6,Low,Hatchback,Diesel,2.19
18,30.9,35,Moderate,SUV,Diesel,4.79
4.6,39.4,7,Severe,Hatchback,Diesel,1.22
7.6,11.8,38.6,Moderate,Hatchback,Petrol,1.45
2.9,4.5,38.9,Moderate,Sedan,Diesel,0.57
46.5,129.2,21.6,High,Hatchback,Diesel,9.66
14.1,21.4,39.5,Moderate,Hatchback,Diesel,2.33
10.7,65.5,9.8,Severe,Sedan,Petrol,3.84
15.4,45.3,20.4,High,Motorcycle,Petrol,2
10.8,26,24.9,High,Hatchback,Petrol,2.37
51.9,75.4,41.3,Moderate,Motorcycle,Petrol,5.1
4.1,6.5,37.8,Moderate,Sedan,Petrol,0.89
8.2,13.1,37.5,Moderate,Hatchback,Petrol,1.46
9.7,9.8,59.1,Low,Hatchback,Petrol,1.55
5.9,9.7,36.6,Moderate,SUV,Petrol,1.74
21.7,52.7,24.7,High,SUV,Petrol,8.5
3.4,3.8,53.4,Low,Motorcycle,Petrol,0.3
3.5,9.8,21.5,High,Hatchback,Petrol,0.78
13.9,46.1,18.1,High,SUV,Diesel,4.2
9,10.8,49.9,Low,Sedan,Petrol,1.77
16.4,25.1,39.2,Moderate,Sedan,Petrol,3.72
18.1,55.7,19.5,High,Sedan,Petrol,4.76
4.4,4.8,55.4,Low,Sedan,Petrol,0.81
3.5,8.3,25.4,High,Sedan,Diesel,0.79
11.4,18.6,36.8,Moderate,Hatchback,Petrol,2
8.5,50.5,10.1,Severe,Sedan,Diesel,2.6
27.3,36,45.5,Low,SUV,Petrol,6.94
11.7,17.1,41.1,Moderate,SUV,Petrol,3.22
8.2,24,20.5,High,SUV,Petrol,3.13
19.9,20.8,57.5,Low,SUV,Petrol,5.43
4.8,13.3,21.6,High,Motorcycle,Petrol,0.64
8.5,14.4,35.3,Moderate,SUV,Petrol,2.47
3.7,7.2,30.9,Moderate,Hatchback,Petrol,0.69
7.6,13.4,34,Moderate,Motorcycle,Petrol,0.83
11,51.2,12.9,Severe,Motorcycle,Petrol,1.88
21.9,70.3,18.7,High,SUV,Diesel,7.11
14.9,26.3,34,Moderate,Sedan,Petrol,3.31
21.4,37.5,34.2,Moderate,Motorcycle,Petrol,2.2
43.2,45.8,56.6,Low,SUV,Diesel,9.46
13.6,15.4,53,Low,Hatchback,Petrol,2.11
8.6,13.3,38.7,Moderate,Sedan,Petrol,1.86
10.5,11.1,56.8,Low,Sedan,Petrol,2.07
2,17.1,7,Severe,SUV,Petrol,0.96
9.5,14.3,39.8,Moderate,Hatchback,Petrol,1.83
5.2,7.7,40.5,Moderate,Hatchback,Diesel,0.82
5.8,7.2,48.4,Low,SUV,Petrol,1.54
34.8,65.2,32,Moderate,Hatchback,Petrol,6.58
4.5,15.8,17.1,High,SUV,Diesel,1.37
38.6,76.9,30.1,Moderate,SUV,Petrol,11.85
11.5,17.1,40.3,Moderate,Motorcycle,Petrol,1.09
8,13.4,35.8,Moderate,Motorcycle,Petrol,0.82
4.2,4.7,53.3,Low,Sedan,Petrol,0.82
18.5,56.9,19.5,High,Sedan,Petrol,5.18
2.4,4.9,29.3,High,Sedan,Petrol,0.6
15.3,61.6,14.9,Severe,Motorcycle,Petrol,2.4
28.5,42.5,40.2,Moderate,SUV,Diesel,7.08
2.5,4.9,30.6,Moderate,Hatchback,Diesel,0.4
15,22.2,40.5,Moderate,Hatchback,Petrol,2.67
4.5,8.2,33,Moderate,SUV,Petrol,1.34
18.3,68.6,16,High,SUV,Diesel,5.99
2.7,4.4,36.8,Moderate,Sedan,Petrol,0.61
11.2,26.4,25.5,High,Hatchback,Diesel,2.06
17.2,22,46.9,Low,SUV,Petrol,4.64
10.3,32.4,19.1,High,Hatchback,Diesel,2.09
5.6,9,37.5,Moderate,Sedan,Petrol,1.2
6.6,21.5,18.4,High,Sedan,Petrol,1.87
5.8,10.8,32.3,Moderate,Motorcycle,Petrol,0.62
19.1,53.8,21.3,High,Hatchback,Petrol,4.49
2.6,4.2,37.5,Moderate,Motorcycle,Petrol,0.26
34.7,365.3,5.7,Severe,Sedan,Petrol,12.36
6.4,8,48,Low,Sedan,Petrol,1.23
15.9,22.9,41.6,Moderate,Hatchback,Diesel,2.51
2.1,3.8,33.5,Moderate,Hatchback,Diesel,0.35
35,75.8,27.7,High,SUV,Petrol,11.98
5.9,5.9,60,Low,SUV,Petrol,1.6
27.8,81,20.6,High,Motorcycle,Petrol,3.45
3.1,11.6,16.1,High,Sedan,Petrol,0.89
4.1,5.9,42,Moderate,SUV,Diesel,0.97
2.6,3.7,41.7,Moderate,Sedan,Petrol,0.53
14.1,19,44.5,Moderate,Hatchback,Petrol,2.42
3.3,7.2,27.4,High,SUV,Petrol,1.16
2.7,4.6,35.3,Moderate,Sedan,Diesel,0.52
35.8,58.4,36.8,Moderate,SUV,Petrol,10.71
22.1,23.1,57.5,Low,Motorcycle,Petrol,1.92
25.6,62.2,24.7,High,Sedan,Petrol,7.21
2.5,16,9.4,Severe,Hatchback,Diesel,0.66
2.3,4.2,32.5,Moderate,Sedan,Diesel,0.45
7.5,9.3,48.2,Low,Hatchback,Petrol,1.25
7,12.2,34.4,Moderate,Sedan,Petrol,1.47
3.1,3.2,58.3,Low,Sedan,Petrol,0.61
19.9,58.5,20.4,High,Sedan,Petrol,5.66
13.9,16.7,49.8,Low,Hatchback,Diesel,2
9.9,14.3,41.5,Moderate,Motorcycle,Petrol,1.03
7.3,10.4,42.2,Moderate,Motorcycle,Petrol,0.69
40.5,90,27,High,Hatchback,Diesel,7.7
6.7,15.8,25.5,High,Motorcycle,Petrol,0.75
19.5,30.5,38.4,Moderate,Hatchback,Diesel,3.27
13.1,25,31.4,Moderate,Hatchback,Petrol,2.43
9.3,17.4,32,Moderate,SUV,Diesel,2.44
2.2,3,43.8,Moderate,SUV,Diesel,0.55
44.3,295.3,9,Severe,Hatchback,Petrol,12.38
9.6,19.6,29.4,High,Sedan,Petrol,2.51
19.3,63.3,18.3,High,Sedan,Petrol,5.17
11.3,23.2,29.2,High,Motorcycle,Petrol,1.32
59.1,65.7,54,Low,Motorcycle,Petrol,5.57
6.5,60.9,6.4,Severe,SUV,Petrol,3.21
9.1,9.8,55.6,Low,Sedan,Diesel,1.54
4,4.9,48.8,Low,Hatchback,Petrol,0.63
19.7,52.8,22.4,High,Hatchback,Petrol,4.35
18.6,44.1,25.3,High,Hatchback,Petrol,4.04
4.5,47.4,5.7,Severe,Hatchback,Petrol,1.34
19,21.2,53.9,Low,Sedan,Petrol,3.44
22.5,77.6,17.4,High,Hatchback,Petrol,5.01
17.2,54.3,19,High,Hatchback,Petrol,3.78
18.4,21.9,50.4,Low,Sedan,Petrol,3.55
12,15.1,47.6,Low,Hatchback,Petrol,1.99
5.2,7.8,39.9,Moderate,Hatchback,Petrol,0.93
25.5,45.1,33.9,Moderate,Sedan,Petrol,5.47
8,29.4,16.3,High,Hatchback,Petrol,1.93
15.5,34.1,27.3,High,Sedan,Petrol,4.01
18.8,36.2,31.2,Moderate,Motorcycle,Petrol,2
19,45.2,25.2,High,Sedan,Petrol,4.86
9.9,45.3,13.1,Severe,Hatchback,Petrol,3.01
10,21.8,27.5,High,Hatchback,Diesel,1.91
5.1,8.8,34.9,Moderate,Hatchback,Petrol,0.98
16.2,26.8,36.3,Moderate,Sedan,Petrol,3.59
19.4,109.8,10.6,Severe,Hatchback,Petrol,5.65
5.3,8.5,37.3,Moderate,Sedan,Petrol,1.14
6.9,26.5,15.6,High,Motorcycle,Petrol,0.88
8,34.3,14,Severe,Hatchback,Diesel,1.99
5.9,21.5,16.5,High,Motorcycle,Petrol,0.74
46.1,145.6,19,High,Sedan,Petrol,12.2
8.6,19.5,26.4,High,Motorcycle,Petrol,1.05
11.6,18.5,37.6,Moderate,Hatchback,Diesel,1.95
3.5,7.6,27.6,High,Hatchback,Petrol,0.77
12.7,33.7,22.6,High,Sedan,Petrol,3.31
6.8,7,58.1,Low,Sedan,Petrol,1.25
31.2,97,19.3,High,Hatchback,Petrol,7.23
56.4,134.3,25.2,High,Hatchback,Petrol,11.28
17.7,18.1,58.7,Low,Sedan,Petrol,3.2
8.4,11.3,44.5,Moderate,Sedan,Petrol,1.73
4,6,40.2,Moderate,SUV,Petrol,1.1
16.6,48.3,20.6,High,Sedan,Petrol,4.44
2.5,13.2,11.4,Severe,Motorcycle,Petrol,0.4
18.9,35.2,32.2,Moderate,SUV,Diesel,4.95
29,69,25.2,High,SUV,Diesel,8.79
5.3,10.4,30.5,Moderate,SUV,Petrol,1.54
12.2,17.5,41.8,Moderate,Motorcycle,Petrol,1.23
18.5,39.5,28.1,High,Hatchback,Petrol,3.74
8.5,28.8,17.7,High,SUV,Petrol,3.05
8,11.5,41.8,Moderate,Hatchback,Petrol,1.38
27.1,68.3,23.8,High,Motorcycle,Petrol,3.36
27.5,79.7,20.7,High,Hatchback,Petrol,6.55
3.6,5.6,38.5,Moderate,Motorcycle,Petrol,0.37
7.7,20.7,22.3,High,Sedan,Petrol,2.13
4.2,14.4,17.5,High,SUV,Petrol,1.61
6.9,19.6,21.1,High,Motorcycle,Petrol,0.88
3.6,7.2,30.2,Moderate,Hatchback,Diesel,0.56
16.3,24.2,40.4,Moderate,Hatchback,Petrol,2.84
11.7,36,19.5,High,Hatchback,Diesel,2.38
9.1,65,8.4,Severe,Motorcycle,Petrol,1.46
9.6,64,9,Severe,Hatchback,Diesel,2.35
15.9,18.9,50.5,Low,SUV,Petrol,4.29
6.3,6.3,59.9,Low,SUV,Diesel,1.32
14.2,22.3,38.2,Moderate,Sedan,Petrol,3.18
13,31.3,24.9,High,Hatchback,Petrol,2.88
21.6,77.1,16.8,High,Hatchback,Petrol,4.82
4.1,7.5,33,Moderate,SUV,Petrol,1.17
12.1,87.5,8.3,Severe,Hatchback,Diesel,3.2
30,38.8,46.4,Low,Sedan,Diesel,4.9
3.8,28.5,8,Severe,Sedan,Petrol,1.27
4.3,13.1,19.7,High,SUV,Petrol,1.65
8.8,30,17.6,High,Hatchback,Petrol,2.05
21.4,72.5,17.7,High,Sedan,Diesel,5.11
8.8,21.4,24.7,High,SUV,Petrol,3.35
9.5,11.1,51.2,Low,Sedan,Diesel,1.64
5,9.9,30.4,Moderate,SUV,Diesel,1.33
9.4,11,51.2,Low,Hatchback,Petrol,1.48
16.8,42.7,23.6,High,Sedan,Diesel,4.18
6.2,22.7,16.4,High,SUV,Petrol,2.28
13.8,35.4,23.4,High,Motorcycle,Petrol,1.71
11.6,25,27.8,High,Motorcycle,Petrol,1.31
12.4,135.3,5.5,Severe,Hatchback,Petrol,3.56
5.7,15.8,21.7,High,Motorcycle,Petrol,0.73
6,21.8,16.5,High,Sedan,Petrol,1.56
6.8,20.8,19.6,High,Sedan,Petrol,1.89
44.1,54.8,48.3,Low,Sedan,Petrol,8.48
16.6,59.6,16.7,High,SUV,Petrol,6.11
34.5,54.8,37.8,Moderate,SUV,Petrol,10.01
7.7,27.8,16.6,High,Sedan,Petrol,2.19
5.7,13.3,25.8,High,Hatchback,Petrol,1.25
28.8,79.3,21.8,High,SUV,Diesel,8.78
15.3,15.6,59,Low,SUV,Petrol,3.98
22.7,33.2,41,Moderate,Hatchback,Petrol,4.04
27.6,37,44.7,Moderate,Motorcycle,Petrol,2.8
9.7,61.3,9.5,Severe,Hatchback,Petrol,2.87
13,28,27.9,High,SUV,Diesel,3.8
7,11.9,35.2,Moderate,SUV,Diesel,1.81
47.6,144.2,19.8,High,Hatchback,Petrol,10.93
16.7,24.3,41.2,Moderate,SUV,Petrol,4.94
27.8,35.3,47.2,Low,SUV,Petrol,7.41
4.3,6.1,42.6,Moderate,SUV,Petrol,1.26
8.5,8.8,58,Low,SUV,Diesel,1.92
12.4,27.6,27,High,Hatchback,Diesel,2.38
9.7,71.9,8.1,Severe,Sedan,Petrol,3.26
17.8,39,27.4,High,Motorcycle,Petrol,2.15
17.6,27,39.1,Moderate,SUV,Diesel,4.38
7.5,9.5,47.6,Low,Sedan,Petrol,1.41
11.3,20.1,33.8,Moderate,Hatchback,Diesel,1.76
4.6,4.7,59,Low,Sedan,Diesel,0.78
13.6,41.2,19.8,High,Hatchback,Petrol,2.99
14.2,27.1,31.4,Moderate,Hatchback,Petrol,2.58
3.7,9.7,23,High,Motorcycle,Petrol,0.49
35.2,97.3,21.7,High,Motorcycle,Petrol,4.61
19.6,59.4,19.8,High,Motorcycle,Petrol,2.65
6.3,8.6,43.7,Moderate,SUV,Petrol,1.86
2.4,8,17.9,High,Sedan,Diesel,0.57
48.4,63.1,46,Low,SUV,Diesel,11.04
2.8,4.1,40.5,Moderate,Motorcycle,Petrol,0.28
19.4,67.3,17.3,High,Sedan,Petrol,5.08
8.4,13.1,38.6,Moderate,Hatchback,Petrol,1.53
14.3,15.6,55.1,Low,Sedan,Petrol,2.75
15.9,59.3,16.1,High,Motorcycle,Petrol,1.98
13,13.8,56.5,Low,Sedan,Petrol,2.51
15.3,18,50.9,Low,SUV,Petrol,4.16
7.4,34.2,13,Severe,SUV,Petrol,3.64
15.6,20.8,45.1,Low,Sedan,Petrol,3.1
8,57.1,8.4,Severe,Sedan,Petrol,2.76
3.8,12.7,17.9,High,Hatchback,Diesel,0.79
34,212.5,9.6,Severe,Sedan,Petrol,11.2
7.8,13.4,35,Moderate,Hatchback,Diesel,1.21
19,31,36.8,Moderate,Sedan,Petrol,4.2
13.6,22.4,36.4,Moderate,Hatchback,Petrol,2.44
14.4,50.8,17,High,SUV,Diesel,4.54
4.4,8.1,32.6,Moderate,Sedan,Diesel,0.89
6.3,8.7,43.3,Moderate,Hatchback,Petrol,1.06
10.3,17.1,36.1,Moderate,Sedan,Diesel,2.03
20,28.8,41.6,Moderate,Hatchback,Petrol,3.62
12.9,20.5,37.7,Moderate,Hatchback,Petrol,2.42
32.1,110.1,17.5,High,Sedan,Petrol,8.49
29.9,144.7,12.4,Severe,Sedan,Petrol,10.01
10.6,20.8,30.6,Moderate,Hatchback,Diesel,1.69
14.5,14.6,59.7,Low,Hatchback,Diesel,2.03
32.5,51,38.2,Moderate,Hatchback,Diesel,5.18
18.4,31,35.6,Moderate,Motorcycle,Petrol,1.92
8.9,14.4,37.2,Moderate,Sedan,Petrol,1.88
2.6,8.6,18.2,High,Hatchback,Petrol,0.61
3.8,8.8,25.8,High,Sedan,Petrol,0.92
8.7,11.4,45.6,Low,Sedan,Petrol,1.67
6.6,8.1,48.9,Low,Hatchback,Diesel,0.93
10.2,24.6,24.9,High,Hatchback,Petrol,2.33
56.7,59.2,57.5,Low,Sedan,Diesel,9.95
7.3,10.7,40.9,Moderate,Hatchback,Petrol,1.3
5.1,6.4,48,Low,Motorcycle,Petrol,0.46
3.2,3.7,52.1,Low,Sedan,Petrol,0.63
11.2,21,32,Moderate,Sedan,Diesel,2.29
16.5,27.8,35.6,Moderate,Hatchback,Petrol,2.97
31.8,49.2,38.8,Moderate,SUV,Diesel,8.24
3.1,5.6,33.5,Moderate,Motorcycle,Petrol,0.32
26.1,28.2,55.6,Low,SUV,Petrol,6.53
7.2,21.9,19.7,High,Hatchback,Petrol,1.68
8.8,14.9,35.5,Moderate,Hatchback,Diesel,1.46
8.3,14,35.6,Moderate,Sedan,Petrol,1.79
7.6,16.4,27.8,High,SUV,Diesel,2.18
11.6,19.3,36,Moderate,Hatchback,Petrol,2.19
11.6,136.5,5.1,Severe,Hatchback,Petrol,3.51
2.5,4.8,31.2,Moderate,Hatchback,Petrol,0.48
15.2,38,24,High,Motorcycle,Petrol,2.03
14.4,21.7,39.9,Moderate,SUV,Petrol,4.12
15.2,28.1,32.5,Moderate,Hatchback,Petrol,2.67
10,29.6,20.3,High,Hatchback,Petrol,2.3
10.7,13,49.3,Low,SUV,Diesel,2.32
41.9,140.4,17.9,High,Motorcycle,Petrol,5.46
5.3,6.9,46.1,Low,Hatchback,Diesel,0.76
56.9,144.7,23.6,High,SUV,Diesel,18.11
17.6,110,9.6,Severe,Sedan,Petrol,5.77
2.5,5,29.9,High,SUV,Petrol,0.84
47.9,50,57.5,Low,Hatchback,Petrol,7.8
21.1,129.2,9.8,Severe,Hatchback,Diesel,5.23
30.2,181.2,10,Severe,Hatchback,Diesel,7.95
3.6,5.5,39.3,Moderate,Hatchback,Petrol,0.69
16.6,37.6,26.5,High,Sedan,Petrol,4.13
14.9,63.9,14,Severe,Motorcycle,Petrol,2.43
57.9,104.3,33.3,Moderate,Sedan,Petrol,13.09
15.4,25.7,35.9,Moderate,SUV,Petrol,4.84
14.6,57.6,15.2,High,Hatchback,Petrol,3.3
12.6,22.5,33.6,Moderate,Sedan,Petrol,2.73
12.1,35.2,20.6,High,Motorcycle,Petrol,1.53
3,5.4,33.4,Moderate,Hatchback,Petrol,0.54
5,5.1,59.4,Low,Hatchback,Diesel,0.68
20,52.6,22.8,High,SUV,Diesel,6.2
15.7,23.3,40.4,Moderate,Hatchback,Diesel,2.41
14.5,24.6,35.4,Moderate,Sedan,Diesel,2.78
3,6.1,29.4,High,Hatchback,Petrol,0.64
8.2,12.3,40.1,Moderate,Sedan,Diesel,1.59
4.3,15,17.2,High,Hatchback,Diesel,0.85
15.7,58.5,16.1,High,Hatchback,Petrol,3.54
4.1,12.9,19.1,High,Sedan,Diesel,0.99
19.7,36,32.8,Moderate,Hatchback,Diesel,3.24
30.5,38.5,47.5,Low,Hatchback,Petrol,5.06
10.3,14.9,41.5,Moderate,Hatchback,Petrol,1.75
18.9,33.6,33.7,Moderate,Hatchback,Petrol,3.36
20.4,43.9,27.9,High,Hatchback,Petrol,4.49
12.7,17.1,44.5,Moderate,SUV,Petrol,3.67
16.4,26,37.9,Moderate,Sedan,Petrol,3.54
18,30.4,35.5,Moderate,Hatchback,Petrol,3.16
32.7,53,37,Moderate,Hatchback,Diesel,5.52
10.1,17.6,34.4,Moderate,Hatchback,Petrol,1.84
6.5,12,32.4,Moderate,SUV,Petrol,1.93
5.4,7.8,41.5,Moderate,Motorcycle,Petrol,0.55
12.8,28.3,27.1,High,Sedan,Diesel,2.77
7.1,22.3,19.1,High,Sedan,Petrol,1.85
6.3,8.1,46.5,Low,Hatchback,Diesel,0.9
3.2,5.5,35.1,Moderate,Hatchback,Diesel,0.54
17.9,25.2,42.7,Moderate,Motorcycle,Petrol,1.69
10.7,19.5,32.9,Moderate,SUV,Diesel,2.81
8.1,11.7,41.6,Moderate,Sedan,Diesel,1.44
17.7,23.8,44.7,Moderate,Sedan,Diesel,3.25
7,7.1,59.1,Low,Sedan,Petrol,1.35
9.1,29.8,18.3,High,Hatchback,Petrol,2.06
4.2,4.4,56.8,Low,Hatchback,Petrol,0.69
16,30.7,31.3,Moderate,Hatchback,Petrol,2.99
35,132.1,15.9,High,Sedan,Diesel,8.8
3.9,18.1,12.9,Severe,SUV,Diesel,1.55
7.5,14.1,32,Moderate,Motorcycle,Petrol,0.78
4.4,14.8,17.8,High,Hatchback,Petrol,1.04
8.7,49.7,10.5,Severe,Hatchback,Petrol,2.47
4.9,5.4,54.6,Low,Hatchback,Petrol,0.75
31.6,46.5,40.8,Moderate,SUV,Petrol,8.94
15,23,39.2,Moderate,Hatchback,Petrol,2.66
10.7,38,16.9,High,Motorcycle,Petrol,1.34
11,15.5,42.5,Moderate,SUV,Petrol,3.21
4.9,18.3,16.1,High,Motorcycle,Petrol,0.62
18.9,19.9,57,Low,Hatchback,Petrol,3.16
5,10.9,27.4,High,Hatchback,Petrol,1
9.6,96,6,Severe,SUV,Petrol,4.38
12.5,42.4,17.7,High,SUV,Petrol,4.49
13.6,20.4,40,Moderate,Motorcycle,Petrol,1.3
5.2,9.6,32.4,Moderate,Motorcycle,Petrol,0.54
4.5,32.9,8.2,Severe,Hatchback,Diesel,1.13
16.1,29.1,33.2,Moderate,SUV,Diesel,3.99
46.2,67.8,40.9,Moderate,Motorcycle,Petrol,4.62
19.9,34.6,34.5,Moderate,Hatchback,Diesel,3.06
30.3,47.5,38.3,Moderate,Sedan,Diesel,5.74
4.8,5.7,50.5,Low,Sedan,Petrol,0.94
5.2,25.4,12.3,Severe,SUV,Diesel,2.01
30.3,41.7,43.6,Moderate,Sedan,Petrol,6.48
10.8,11.4,56.6,Low,Hatchback,Diesel,1.5
33,49.7,39.8,Moderate,Sedan,Petrol,7.44
4.4,5,53.1,Low,Hatchback,Petrol,0.68
7.9,12.9,36.7,Moderate,Sedan,Petrol,1.69
5.2,6.8,46.2,Low,Sedan,Petrol,0.98
6,21.2,17,High,Hatchback,Petrol,1.38
12,27.7,26,High,Hatchback,Petrol,2.59
9.4,10.2,55.1,Low,Sedan,Petrol,1.75
10.2,13.7,44.8,Moderate,Sedan,Diesel,1.9
2.4,8,18,High,Hatchback,Diesel,0.5
2.4,10.1,14.3,Severe,Motorcycle,Petrol,0.4
7.6,8.8,51.8,Low,Hatchback,Petrol,1.22
6.2,10,37.2,Moderate,SUV,Petrol,1.9
6.7,25.6,15.7,High,Hatchback,Petrol,1.59
10.5,41.7,15.1,High,Hatchback,Petrol,2.5
18.6,19.2,58,Low,Sedan,Petrol,3.49
37.5,52.3,43,Moderate,Sedan,Petrol,7.84
19.3,23.8,48.7,Low,Sedan,Petrol,3.63
4.8,7.3,39.4,Moderate,Hatchback,Diesel,0.78
29.4,62.1,28.4,High,SUV,Petrol,10.09
3.2,7.7,24.9,High,Hatchback,Petrol,0.77
16.3,29.1,33.6,Moderate,Hatchback,Diesel,2.74
6.3,11.8,32.1,Moderate,Sedan,Diesel,1.28
7.6,14.2,32,Moderate,Motorcycle,Petrol,0.83
9.5,69.5,8.2,Severe,Sedan,Diesel,2.82
9,20.4,26.5,High,Motorcycle,Petrol,1.05
5.5,23.7,13.9,Severe,Motorcycle,Petrol,0.88
11.1,11.8,56.4,Low,Sedan,Petrol,2.12
3.9,11.5,20.4,High,SUV,Petrol,1.46
17.1,24,42.8,Moderate,Sedan,Petrol,3.46
8.1,9.9,49,Low,Sedan,Diesel,1.44
10.7,43.1,14.9,Severe,Motorcycle,Petrol,1.74
5.7,9.5,36.1,Moderate,Hatchback,Diesel,0.91
6.9,17.3,23.9,High,Sedan,Diesel,1.73
14.5,55.8,15.6,High,Motorcycle,Petrol,1.88
7.9,12.6,37.7,Moderate,Sedan,Petrol,1.7
4.4,12.1,21.9,High,Sedan,Petrol,1.15
11.4,31.4,21.8,High,SUV,Petrol,4.38
30.4,35.6,51.2,Low,Sedan,Petrol,5.83
12,21.3,33.8,Moderate,SUV,Diesel,3.14
11.2,13,51.7,Low,Hatchback,Petrol,1.77
15.1,103,8.8,Severe,Hatchback,Diesel,3.99
16.6,17.2,58,Low,Hatchback,Diesel,2.31
8.1,12.3,39.4,Moderate,Hatchback,Petrol,1.45
12.5,17.5,42.8,Moderate,Sedan,Petrol,2.71
6.7,11.1,36.2,Moderate,Hatchback,Petrol,1.21
16.2,22.9,42.4,Moderate,Hatchback,Petrol,2.89
8.8,19.1,27.6,High,Hatchback,Diesel,1.54
3.4,8.4,24.2,High,SUV,Petrol,1.31
5.6,7.6,44,Moderate,Hatchback,Petrol,0.97
2.5,3.9,38.3,Moderate,Hatchback,Petrol,0.47
6.2,9.2,40.4,Moderate,Sedan,Petrol,1.33
19.9,29.6,40.3,Moderate,Motorcycle,Petrol,2.07
6.9,10.9,37.9,Moderate,Motorcycle,Petrol,0.71
6.5,9.9,39.5,Moderate,Sedan,Petrol,1.44
19.8,26.2,45.4,Low,Sedan,Petrol,3.89
20,34.3,35,Moderate,Sedan,Petrol,4.17
4.3,13.2,19.6,High,Sedan,Petrol,1.12
13.4,33.2,24.2,High,Hatchback,Petrol,3.03
7.4,34.2,13,Severe,Sedan,Petrol,2.58
28.1,40.3,41.8,Moderate,Sedan,Diesel,5.43
7.8,12.3,38,Moderate,Hatchback,Diesel,1.3
25.3,194.6,7.8,Severe,Hatchback,Diesel,6.5
28.6,44.1,38.9,Moderate,Motorcycle,Petrol,3.05
13.1,15.4,51.2,Low,Sedan,Petrol,2.48
40.4,76.5,31.7,Moderate,SUV,Diesel,10.69
2.2,3.5,37.5,Moderate,Hatchback,Diesel,0.36
17.8,18.4,58.1,Low,SUV,Diesel,3.99
7.8,11.5,40.7,Moderate,Sedan,Petrol,1.7
15.9,18.3,52,Low,Hatchback,Petrol,2.58
6.6,9.1,43.4,Moderate,Hatchback,Petrol,1.14
5.5,7,47.2,Low,Hatchback,Petrol,0.89
12.1,20.9,34.8,Moderate,Hatchback,Diesel,1.91
2.6,7.8,20.1,High,Sedan,Petrol,0.71
11.1,13,51.4,Low,Hatchback,Petrol,1.79
30.5,92.9,19.7,High,SUV,Diesel,9.81
19.7,53.7,22,High,Hatchback,Diesel,4.13
14.6,34.1,25.7,High,Sedan,Petrol,3.54
29.3,197.5,8.9,Severe,SUV,Diesel,12.02
26.8,30.9,52.1,Low,Hatchback,Petrol,4.15
16,20.6,46.5,Low,SUV,Diesel,3.46
17.9,29.8,36,Moderate,Sedan,Petrol,3.95
44.6,63.4,42.2,Moderate,Sedan,Diesel,8.29
15.4,23.2,39.9,Moderate,Hatchback,Diesel,2.51
15.9,24.9,38.3,Moderate,SUV,Petrol,4.99
2.9,6.5,26.6,High,Hatchback,Petrol,0.62
8.5,17.9,28.5,High,Sedan,Petrol,2.04
6.3,9.8,38.7,Moderate,Hatchback,Diesel,1
19.1,26,44.1,Moderate,Sedan,Diesel,3.52
2.1,14,9,Severe,Hatchback,Petrol,0.6
10.5,23.1,27.3,High,Hatchback,Diesel,2
7.6,13.1,34.8,Moderate,Hatchback,Petrol,1.41
14.7,17.4,50.8,Low,Motorcycle,Petrol,1.37
10,35.3,17,High,Hatchback,Petrol,2.35
14.4,149,5.8,Severe,Sedan,Petrol,4.94
16,29.4,32.7,Moderate,Sedan,Petrol,3.49
3.5,8.9,23.7,High,SUV,Petrol,1.31
6.4,8.6,44.7,Moderate,Sedan,Diesel,1.15
16.9,18.1,56,Low,Motorcycle,Petrol,1.59
14.6,15,58.3,Low,Hatchback,Petrol,2.39
37,82.2,27,High,Hatchback,Petrol,7.65
14.7,23.8,37,Moderate,SUV,Petrol,4.62
12.9,13.2,58.8,Low,SUV,Diesel,2.86
5.8,7.6,45.8,Low,Motorcycle,Petrol,0.54
12.9,14.7,52.6,Low,Motorcycle,Petrol,1.14
4.2,16.6,15.2,High,Hatchback,Petrol,0.97
5.6,17.8,18.9,High,SUV,Petrol,2.16
25.1,31.9,47.2,Low,Motorcycle,Petrol,2.18
19.9,64.2,18.6,High,Sedan,Petrol,5.28
13.5,30.8,26.3,High,Hatchback,Petrol,2.81
8,20.9,23,High,Hatchback,Diesel,1.61
9,9.2,58.9,Low,Sedan,Diesel,1.6
10.4,54.7,11.4,Severe,Motorcycle,Petrol,1.68
32.9,58.1,34,Moderate,Hatchback,Diesel,5.26
17.5,44.1,23.8,High,Hatchback,Petrol,4.1
6.4,14,27.5,High,Hatchback,Petrol,1.29
3.8,6.9,32.9,Moderate,Hatchback,Petrol,0.73
18.4,96.8,11.4,Severe,SUV,Petrol,8.98
7.3,18.6,23.5,High,Motorcycle,Petrol,0.98
12.5,17,44,Moderate,Sedan,Diesel,2.29
9.2,27.7,19.9,High,Hatchback,Petrol,2.17
4.7,4.8,59.3,Low,Hatchback,Petrol,0.75
29.2,33.4,52.4,Low,Hatchback,Diesel,3.97
19.1,69.5,16.5,High,Hatchback,Petrol,4.28
9.2,10.1,54.6,Low,Motorcycle,Petrol,0.84
7.6,42.6,10.7,Severe,Sedan,Diesel,2.34
8.8,19.7,26.8,High,Sedan,Petrol,2.29
27.2,37.1,44,Moderate,Hatchback,Diesel,4.15
19.6,22.2,53,Low,Motorcycle,Petrol,1.69
17.7,60.3,17.6,High,Hatchback,Petrol,3.95
19,55.9,20.4,High,Hatchback,Petrol,4.47
3.5,8.8,23.9,High,Sedan,Petrol,0.96
6.3,17.4,21.7,High,Motorcycle,Petrol,0.78
8.3,10.6,46.8,Low,SUV,Diesel,1.82
18.7,20.9,53.7,Low,Motorcycle,Petrol,1.61
7.2,9.9,43.8,Moderate,Hatchback,Diesel,1.07
2.4,3.4,41.9,Moderate,Sedan,Petrol,0.51
21.6,30.9,42,Moderate,Hatchback,Diesel,3.3
34.7,104.6,19.9,High,Motorcycle,Petrol,4.52
8.7,19.7,26.5,High,Sedan,Petrol,2.09
5.3,13.6,23.3,High,Sedan,Diesel,1.24
8.8,19.8,26.7,High,Hatchback,Petrol,1.76
2.7,5.7,28.3,High,Sedan,Diesel,0.62
12.1,31.8,22.8,High,Sedan,Diesel,2.99
3.4,4.6,44.3,Moderate,Sedan,Diesel,0.63
3.9,4.4,53,Low,Hatchback,Petrol,0.64
12.2,29.4,24.9,High,Hatchback,Petrol,2.89
19.7,36.3,32.6,Moderate,SUV,Petrol,6
5.5,7.8,42.1,Moderate,SUV,Petrol,1.61
22.6,60.8,22.3,High,Hatchback,Diesel,4.65
13.3,14.5,55.2,Low,Hatchback,Diesel,1.83
7.9,23,20.6,High,Hatchback,Petrol,1.81
22.2,140.2,9.5,Severe,Hatchback,Petrol,6.58
19.8,37.2,31.9,Moderate,SUV,Petrol,5.73
26.9,32.2,50.2,Low,Motorcycle,Petrol,2.45
16.4,56.2,17.5,High,Motorcycle,Petrol,2.2
8.9,11.9,44.9,Moderate,Sedan,Diesel,1.63
17.4,29.9,34.9,Moderate,Sedan,Diesel,3.45
6.6,6.6,59.7,Low,Hatchback,Petrol,1.08
6.2,8.9,42,Moderate,SUV,Petrol,1.73
10.1,20.8,29.2,High,Hatchback,Petrol,2.15
5.8,8.6,40.5,Moderate,Motorcycle,Petrol,0.59
5.6,12,28.1,High,Sedan,Diesel,1.23
16.3,60.7,16.1,High,Motorcycle,Petrol,2.07
5.4,7.3,44.2,Moderate,Sedan,Diesel,1.04
9,34.2,15.8,High,Motorcycle,Petrol,1.18
21.7,33.1,39.3,Moderate,Hatchback,Petrol,4.03
7.7,10.3,44.7,Moderate,Hatchback,Petrol,1.35
28.7,242.5,7.1,Severe,SUV,Petrol,13.33
7.4,14.3,31,Moderate,Hatchback,Petrol,1.37
7.7,20.1,23,High,Hatchback,Petrol,1.82
32.1,337.9,5.7,Severe,Motorcycle,Petrol,5.21
9.2,12.5,44.3,Moderate,Hatchback,Petrol,1.65
18.7,28.5,39.4,Moderate,Hatchback,Diesel,3.04
4.8,7.3,39.7,Moderate,Hatchback,Petrol,0.92
9.6,27.2,21.2,High,Hatchback,Petrol,2.17
17,47,21.7,High,Hatchback,Petrol,4.02
4.1,5.5,44.6,Moderate,SUV,Petrol,1.16
11.7,58,12.1,Severe,Hatchback,Diesel,3.07
16.7,20.6,48.6,Low,Hatchback,Petrol,2.57
3.5,6.9,30.5,Moderate,Hatchback,Petrol,0.64
11.6,15.9,43.8,Moderate,Sedan,Petrol,2.34
13.2,14.1,56.1,Low,Motorcycle,Petrol,1.17
14.7,20,44.2,Moderate,Motorcycle,Petrol,1.47
6.5,41.5,9.4,Severe,SUV,Diesel,2.7
6.4,10.7,36,Moderate,SUV,Petrol,1.84
7.1,12.8,33.3,Moderate,Motorcycle,Petrol,0.72
6.3,9.4,40.1,Moderate,Hatchback,Petrol,1.07
6.8,28.9,14.1,Severe,Hatchback,Petrol,2.04
5,8.5,35.3,Moderate,Motorcycle,Petrol,0.54
7.8,10.4,44.9,Moderate,SUV,Petrol,2.3
45.6,160,17.1,High,Sedan,Petrol,12.09
18.7,196.8,5.7,Severe,Motorcycle,Petrol,3.13
5.3,34.9,9.1,Severe,Sedan,Diesel,1.67
3.5,5.5,38.3,Moderate,Hatchback,Diesel,0.58
6.5,12.8,30.4,Moderate,Hatchback,Petrol,1.26
27.1,57.3,28.4,High,Sedan,Petrol,6.89
3,4,44.9,Moderate,Hatchback,Diesel,0.47
18.7,50.8,22.1,High,SUV,Petrol,7
18.5,24.2,45.9,Low,Hatchback,Diesel,2.5
4.2,5.8,43.7,Moderate,Hatchback,Petrol,0.74
27.7,93.9,17.7,High,Hatchback,Diesel,5.6
32.4,99.7,19.5,High,SUV,Diesel,9.83
18.2,20.7,52.8,Low,Hatchback,Petrol,2.87
21.5,26.7,48.3,Low,Hatchback,Diesel,3.04
27.9,43.7,38.3,Moderate,SUV,Petrol,8.35
8.6,52.7,9.8,Severe,Hatchback,Petrol,2.57
29,86.6,20.1,High,SUV,Petrol,11.18
8.9,11,48.4,Low,Hatchback,Petrol,1.36
17.8,18.9,56.6,Low,SUV,Petrol,4.45
15.1,19.4,46.8,Low,Hatchback,Petrol,2.46
17.8,150.4,7.1,Severe,Motorcycle,Petrol,2.81
2.7,5.6,29.1,High,Motorcycle,Petrol,0.31
6,19.4,18.6,High,Sedan,Petrol,1.65
3.7,4.5,49.2,Low,Motorcycle,Petrol,0.33
37.5,59.8,37.6,Moderate,SUV,Petrol,11.36
9.7,11.6,50.3,Low,Hatchback,Petrol,1.51
9.9,12.7,46.7,Low,Hatchback,Diesel,1.41
10.4,19.7,31.7,Moderate,Hatchback,Petrol,1.89
46.1,80.4,34.4,Moderate,Motorcycle,Petrol,4.64
8.7,13,40.2,Moderate,Hatchback,Diesel,1.34
5.5,20.2,16.3,High,Hatchback,Petrol,1.28
9.4,100.7,5.6,Severe,Motorcycle,Petrol,1.51
19.9,20.7,57.6,Low,SUV,Petrol,5.28
12.7,30.9,24.7,High,Sedan,Petrol,3.5
5.9,8.5,41.5,Moderate,Hatchback,Petrol,1.04
11.3,14.8,45.8,Low,Hatchback,Diesel,1.66
7.4,8.2,54.3,Low,Hatchback,Petrol,1.21
17.9,26.9,39.9,Moderate,Sedan,Petrol,3.87
28.2,319.2,5.3,Severe,Sedan,Diesel,8.59
5,9.8,30.5,Moderate,Sedan,Diesel,0.96
14.9,16.1,55.7,Low,Sedan,Petrol,2.88
16.9,27.3,37.1,Moderate,Motorcycle,Petrol,1.76
6,32.1,11.2,Severe,Hatchback,Diesel,1.5
2.4,7.1,20.2,High,SUV,Petrol,0.93
2.8,4.7,35.4,Moderate,Hatchback,Diesel,0.44
15.9,167.4,5.7,Severe,Hatchback,Petrol,4.39
5.7,14.6,23.5,High,Motorcycle,Petrol,0.72
15.9,108.4,8.8,Severe,Hatchback,Petrol,4.75
7.4,11.8,37.5,Moderate,SUV,Petrol,2.25
5.5,7.7,42.7,Moderate,SUV,Diesel,1.34
2.4,16,9,Severe,Hatchback,Diesel,0.58
21.4,41.4,31,Moderate,SUV,Petrol,6.24
16.5,23.5,42.1,Moderate,Sedan,Petrol,3.35
7,10.1,41.5,Moderate,Hatchback,Petrol,1.26
28.7,38.8,44.4,Moderate,SUV,Petrol,8.57
16.1,44.9,21.5,High,Sedan,Petrol,4.41
3.2,3.5,55.3,Low,Hatchback,Petrol,0.5
21,34.8,36.2,Moderate,SUV,Petrol,6.15
14.1,17.7,47.9,Low,Hatchback,Diesel,1.97
14.4,55.4,15.6,High,Hatchback,Petrol,3.23
29.9,31,57.8,Low,Motorcycle,Petrol,2.69
8.9,9.9,54,Low,Motorcycle,Petrol,0.83
4.9,17.9,16.4,High,Motorcycle,Petrol,0.65
2.9,6,29,High,Sedan,Diesel,0.68
23.8,76.8,18.6,High,Hatchback,Diesel,4.71
13.9,45.1,18.5,High,Sedan,Petrol,3.67
46,71.1,38.8,Moderate,Sedan,Petrol,10.55
5.4,11,29.4,High,Motorcycle,Petrol,0.67
7.7,30.2,15.3,High,Motorcycle,Petrol,1.01
29.9,150.8,11.9,Severe,SUV,Petrol,14.16
9.7,13.8,42.2,Moderate,Hatchback,Diesel,1.55
9.3,12.5,44.7,Moderate,Hatchback,Petrol,1.69
3.7,7.7,28.7,High,Sedan,Diesel,0.85
2.3,5.1,27.3,High,Motorcycle,Petrol,0.27
8.7,18.5,28.2,High,SUV,Diesel,2.56
13.5,29.8,27.2,High,SUV,Petrol,4.39
7.1,15.8,26.9,High,Hatchback,Petrol,1.51
2.7,3.1,52.7,Low,Motorcycle,Petrol,0.25
18.5,41.3,26.9,High,Hatchback,Petrol,3.98
7.5,16.7,27,High,Hatchback,Petrol,1.52
34.2,111.5,18.4,High,Motorcycle,Petrol,4.61
16.3,66.5,14.7,Severe,Hatchback,Diesel,4
5.4,10.4,31.3,Moderate,Hatchback,Diesel,0.84
14.4,90.9,9.5,Severe,SUV,Petrol,6.93
8.9,27.7,19.3,High,Sedan,Petrol,2.52
20,29.9,40.2,Moderate,Sedan,Petrol,4.03
4.1,8.6,28.6,High,Hatchback,Diesel,0.75
3.1,4.6,40.4,Moderate,SUV,Diesel,0.77
12.6,16.5,45.9,Low,Hatchback,Petrol,2.1
58.5,319.1,11,Severe,SUV,Petrol,26.89
13,21.9,35.6,Moderate,Motorcycle,Petrol,1.36
12.6,17.2,44,Moderate,Motorcycle,Petrol,1.2
6.2,7.9,46.8,Low,Hatchback,Petrol,1.03
31.2,240,7.8,Severe,Motorcycle,Petrol,5.15
12.6,17.4,43.4,Moderate,Hatchback,Diesel,1.99
8.8,19.6,27,High,Hatchback,Petrol,1.8
4.1,11.4,21.5,High,Motorcycle,Petrol,0.55
4.9,13.2,22.3,High,Sedan,Diesel,1.24
2.7,9.2,17.7,High,Hatchback,Petrol,0.61
28.8,38.7,44.6,Moderate,Sedan,Petrol,5.97
8.1,17.2,28.3,High,Hatchback,Diesel,1.52
6.7,30,13.4,Severe,Hatchback,Petrol,2.01
14.5,79.8,10.9,Severe,Hatchback,Diesel,3.74
43.1,99.5,26,High,Motorcycle,Petrol,5.13
2.4,7.3,19.8,High,Hatchback,Petrol,0.58
5.2,5.2,59.5,Low,Motorcycle,Petrol,0.45
22.4,69.6,19.3,High,SUV,Diesel,6.82
14.3,43.6,19.7,High,SUV,Petrol,5.43
27.7,38.4,43.3,Moderate,Sedan,Petrol,5.74
18.1,50.5,21.5,High,Sedan,Petrol,4.87
12.2,42.3,17.3,High,Sedan,Petrol,3.34
5.5,33.7,9.8,Severe,Hatchback,Petrol,1.66
27.8,54.3,30.7,Moderate,Hatchback,Petrol,4.94
2.8,7.1,23.5,High,Hatchback,Petrol,0.62
11.1,37.6,17.7,High,Hatchback,Petrol,2.45
24.5,39.9,36.8,Moderate,SUV,Petrol,7.18
56.8,71.3,47.8,Low,SUV,Petrol,15.32
6.3,8.1,46.8,Low,Hatchback,Petrol,1.03
34.5,92.8,22.3,High,Sedan,Diesel,8.31
16.9,29.4,34.5,Moderate,Hatchback,Petrol,3
9.8,32.5,18.1,High,Sedan,Petrol,2.66
17.9,21.7,49.5,Low,Sedan,Petrol,3.24
3.2,6.5,29.5,High,Sedan,Diesel,0.72
6.6,25.1,15.8,High,Hatchback,Petrol,1.55
56.2,141.1,23.9,High,Sedan,Petrol,15.33
15.9,37.9,25.2,High,SUV,Petrol,5.54
14.2,27.5,31,Moderate,Motorcycle,Petrol,1.46
14.9,105.2,8.5,Severe,SUV,Petrol,6.87
4.8,8.6,33.3,Moderate,Motorcycle,Petrol,0.49
18.4,64.9,17,High,Hatchback,Diesel,3.87
30.1,67.1,26.9,High,SUV,Diesel,8.8
8,28.4,16.9,High,Hatchback,Petrol,1.77
10,18.1,33.1,Moderate,Hatchback,Petrol,1.92
3.3,7,28.4,High,Hatchback,Petrol,0.69
11.2,19.8,33.9,Moderate,Hatchback,Petrol,1.98
24,26,55.4,Low,Sedan,Diesel,4.16
26.6,37.5,42.6,Moderate,Hatchback,Petrol,4.73
19.5,75,15.6,High,Hatchback,Petrol,4.65
22.4,36.7,36.6,Moderate,Sedan,Diesel,4.22
13.3,13.8,57.7,Low,Sedan,Petrol,2.59
8.5,13.6,37.6,Moderate,Hatchback,Petrol,1.61
7.3,7.8,56.3,Low,Sedan,Petrol,1.43
5.3,7.4,42.8,Moderate,SUV,Petrol,1.44
2.1,4.3,29.2,High,Hatchback,Petrol,0.46
2.5,6,24.9,High,Sedan,Diesel,0.58
17.1,45,22.8,High,Hatchback,Petrol,4
13,27.3,28.6,High,Hatchback,Petrol,2.74
30.5,55.3,33.1,Moderate,Sedan,Diesel,6.08
18.9,53.7,21.1,High,Hatchback,Petrol,4.15
7.8,27.7,16.9,High,Motorcycle,Petrol,0.99
6.4,9.3,41.4,Moderate,Hatchback,Petrol,1.16
12.4,28.7,25.9,High,Motorcycle,Petrol,1.41
5,14.8,20.3,High,Hatchback,Diesel,0.97
7.9,10.6,44.7,Moderate,SUV,Diesel,1.92
29.4,45.3,38.9,Moderate,Hatchback,Petrol,5.59
16.7,43.9,22.8,High,Hatchback,Petrol,3.87
25.4,27.4,55.7,Low,SUV,Petrol,6.31
27.1,45.8,35.5,Moderate,Sedan,Petrol,5.96
4.1,6.8,36.4,Moderate,Sedan,Diesel,0.8
55.6,71.1,46.9,Low,SUV,Petrol,14.75
21.8,35.3,37.1,Moderate,SUV,Diesel,5.47
50,94.3,31.8,Moderate,Sedan,Petrol,10.59
9.9,15.9,37.3,Moderate,SUV,Petrol,3
9.2,30.3,18.2,High,SUV,Petrol,3.31
9,14,38.6,Moderate,Sedan,Diesel,1.82
17.2,39.1,26.4,High,Sedan,Petrol,4.27
8.9,12.7,42,Moderate,SUV,Petrol,2.48
6.3,27.2,13.9,Severe,SUV,Petrol,3.08
15.7,36.8,25.6,High,Sedan,Petrol,3.94
6.9,13.4,30.8,Moderate,Sedan,Petrol,1.51
21.8,192.4,6.8,Severe,Hatchback,Diesel,5.39
18.9,26.9,42.1,Moderate,Sedan,Petrol,3.77
20.3,33.6,36.2,Moderate,Motorcycle,Petrol,2.07
2.9,3.7,47.5,Low,Hatchback,Petrol,0.44
5.3,5.9,54.2,Low,Hatchback,Petrol,0.81
4.6,7.9,34.9,Moderate,Hatchback,Diesel,0.72
8,12.8,37.4,Moderate,SUV,Petrol,2.31
5.7,9.2,37.3,Moderate,Sedan,Petrol,1.3
9.7,31.1,18.7,High,Sedan,Diesel,2.32
2.7,9,18.1,High,Motorcycle,Petrol,0.34
54.6,90,36.4,Moderate,Motorcycle,Petrol,5.65
5.7,17.7,19.3,High,Motorcycle,Petrol,0.7
27.2,38.3,42.6,Moderate,Hatchback,Petrol,4.85
15.1,16.1,56.1,Low,Sedan,Petrol,2.84
3.1,5.4,34.2,Moderate,Sedan,Petrol,0.71
7.5,13.3,33.9,Moderate,SUV,Petrol,2.2
43.5,66.9,39,Moderate,Hatchback,Diesel,7.14
5.8,29.7,11.7,Severe,Sedan,Diesel,1.82
15.4,37.4,24.7,High,Hatchback,Petrol,3.66
16.7,23.7,42.2,Moderate,SUV,Petrol,4.62
17,19.7,51.9,Low,Motorcycle,Petrol,1.52
2.2,3,43.8,Moderate,Hatchback,Petrol,0.39
7.7,12.4,37.4,Moderate,Hatchback,Petrol,1.48
12.1,12.7,57.3,Low,Hatchback,Diesel,1.71
15.5,39.6,23.5,High,SUV,Petrol,5.54
2.5,3.9,38.5,Moderate,Hatchback,Petrol,0.48
7.4,37.3,11.9,Severe,Sedan,Petrol,2.56
19.4,40,29.1,High,Hatchback,Diesel,3.54
41.9,114.3,22,High,Hatchback,Diesel,8.76
4.2,6.9,36.7,Moderate,Hatchback,Petrol,0.74
10.3,20.8,29.7,High,Sedan,Petrol,2.5
4.5,16.4,16.5,High,Sedan,Diesel,1.11
13.3,25.3,31.6,Moderate,Hatchback,Petrol,2.35
8.4,39.4,12.8,Severe,Sedan,Diesel,2.62
10.9,14.4,45.5,Low,Hatchback,Diesel,1.46
9.4,16.3,34.5,Moderate,Sedan,Petrol,2.1
12.9,24.6,31.4,Moderate,SUV,Petrol,3.91
10.1,14.5,41.9,Moderate,Motorcycle,Petrol,1.01
9.5,26.1,21.8,High,Hatchback,Petrol,2.1
10.7,35.9,17.9,High,Sedan,Petrol,2.85
7.8,13.9,33.6,Moderate,SUV,Petrol,2.3
9.7,29.5,19.7,High,Motorcycle,Petrol,1.29
4.5,7.6,35.5,Moderate,Hatchback,Petrol,0.85
6.1,13.1,27.9,High,Sedan,Petrol,1.48
31.8,47.7,40,Moderate,SUV,Diesel,7.77
6.6,35.4,11.2,Severe,Sedan,Petrol,2.26
10.4,20.7,30.1,Moderate,Hatchback,Petrol,1.95
7.9,57.1,8.3,Severe,SUV,Petrol,3.61
44.1,58.2,45.5,Low,Hatchback,Petrol,6.84
17.7,23.4,45.4,Low,Hatchback,Petrol,2.94
13.4,24.6,32.7,Moderate,Hatchback,Diesel,2.26
7.4,10.6,41.8,Moderate,Hatchback,Diesel,1.12
8.5,17.5,29.1,High,Motorcycle,Petrol,1.05
33.2,42.2,47.2,Low,Motorcycle,Petrol,3.08
5,7.7,39,Moderate,Motorcycle,Petrol,0.51
6.9,7.8,53,Low,SUV,Petrol,1.71
18.7,38,29.5,High,Motorcycle,Petrol,2.14
5.8,21.8,16,High,Sedan,Diesel,1.44
15,25.9,34.8,Moderate,Hatchback,Diesel,2.48
12.7,17.4,43.8,Moderate,Sedan,Petrol,2.58
8.9,15.4,34.6,Moderate,Motorcycle,Petrol,0.93
25.6,48,32,Moderate,Hatchback,Petrol,4.66
14.7,41.2,21.4,High,Sedan,Petrol,4.14
5.1,6.3,48.5,Low,Sedan,Petrol,0.93
27.7,62,26.8,High,Motorcycle,Petrol,3.14
2.3,4.2,32.9,Moderate,Hatchback,Petrol,0.44
12.7,25.4,30,High,Motorcycle,Petrol,1.54
19.1,23.2,49.5,Low,SUV,Diesel,4.16
6.6,17.9,22.1,High,Sedan,Diesel,1.56
3.8,10.3,22.1,High,Sedan,Diesel,0.95
14.6,44.5,19.7,High,Hatchback,Diesel,3
5.6,9.4,35.6,Moderate,Sedan,Petrol,1.28
8.5,25.4,20.1,High,Sedan,Diesel,2.06
15.4,30.5,30.3,Moderate,SUV,Diesel,3.78
43.3,108.2,24,High,Sedan,Diesel,11.09
5.1,9.3,32.8,Moderate,Hatchback,Petrol,0.94
21.4,24.1,53.3,Low,Hatchback,Diesel,2.99
2.6,20,7.8,Severe,Hatchback,Diesel,0.63
6.1,6.3,57.9,Low,Sedan,Petrol,1.11
14.8,15,59.3,Low,Motorcycle,Petrol,1.28
5.5,14.9,22.1,High,Sedan,Diesel,1.36
16.8,33.5,30.1,Moderate,Hatchback,Petrol,3.07
27.9,121.3,13.8,Severe,Sedan,Petrol,9.84
9,13.3,40.5,Moderate,SUV,Petrol,2.6
22.6,31.2,43.5,Moderate,SUV,Petrol,6.73
6.5,8.8,44.2,Moderate,Hatchback,Diesel,0.98
12.9,64.5,12,Severe,SUV,Petrol,6.08
48.8,504.8,5.8,Severe,Hatchback,Diesel,12.17
12.5,20.3,36.9,Moderate,Hatchback,Diesel,2.07
8,22.9,21,High,Hatchback,Petrol,1.92
8,15.5,31,Moderate,Sedan,Petrol,1.83
8.6,29.3,17.6,High,Hatchback,Petrol,1.94
13.9,14.8,56.5,Low,SUV,Petrol,3.56
2.3,7.6,18.2,High,SUV,Diesel,0.75
17.2,49.4,20.9,High,Hatchback,Petrol,3.76
17.7,122.1,8.7,Severe,Hatchback,Petrol,5.09
43.4,47.3,55,Low,Hatchback,Diesel,6.26
22.5,26.4,51.2,Low,Hatchback,Petrol,3.62
3.7,5,44.1,Moderate,Hatchback,Petrol,0.64
5.2,8.7,35.8,Moderate,Sedan,Petrol,1.18
13.7,17,48.3,Low,Hatchback,Petrol,2.3
6.3,28,13.5,Severe,Hatchback,Diesel,1.61
52.4,106.2,29.6,High,SUV,Petrol,18.12
24.8,67,22.2,High,Hatchback,Petrol,5.75
7.1,11,38.8,Moderate,Motorcycle,Petrol,0.72
19,27.7,41.1,Moderate,SUV,Petrol,5.19
4.4,5.5,48.1,Low,Hatchback,Diesel,0.62
31.1,54.6,34.2,Moderate,Sedan,Diesel,6.12
51.2,101.1,30.4,Moderate,SUV,Petrol,14.98
19.1,61.3,18.7,High,SUV,Diesel,6.11
4.6,9.2,30.1,Moderate,Motorcycle,Petrol,0.46
7.1,8.9,48.1,Low,Hatchback,Petrol,1.17
23.5,25.2,55.9,Low,Hatchback,Diesel,3.21
4,6.5,36.7,Moderate,Sedan,Petrol,0.9
9.8,18.1,32.5,Moderate,Sedan,Petrol,2.2
18.2,71.4,15.3,High,Hatchback,Diesel,3.76
28.9,31,55.9,Low,Hatchback,Petrol,4.6
6.8,8.7,47,Low,Sedan,Petrol,1.25
6,16.1,22.4,High,Motorcycle,Petrol,0.81
44.3,67.1,39.6,Moderate,Sedan,Petrol,9.27
25.8,47.1,32.9,Moderate,Sedan,Petrol,5.9
15.1,22.5,40.3,Moderate,SUV,Diesel,3.81
12.4,13,57.2,Low,Sedan,Diesel,2.15
12.6,18.8,40.2,Moderate,Hatchback,Petrol,2.32
20.2,49.1,24.7,High,Motorcycle,Petrol,2.59
19,34.8,32.8,Moderate,Sedan,Diesel,3.64
9.7,28.1,20.7,High,Hatchback,Petrol,2.31
10.9,24.5,26.7,High,Hatchback,Petrol,2.35
26,34.8,44.8,Moderate,SUV,Petrol,7.12
15.2,35.1,26,High,Hatchback,Petrol,3.26
3.5,22.1,9.5,Severe,SUV,Petrol,1.58
8.1,11.2,43.5,Moderate,Sedan,Petrol,1.71
22.5,37.8,35.7,Moderate,Hatchback,Petrol,4.19
16.7,21.8,45.9,Low,SUV,Petrol,4.38
37.4,74.6,30.1,Moderate,Sedan,Diesel,7.54
27.1,44.7,36.4,Moderate,Hatchback,Diesel,4.6
34.1,98.8,20.7,High,Hatchback,Petrol,7.71
5.7,13.2,25.9,High,Motorcycle,Petrol,0.65
18.7,27.7,40.5,Moderate,SUV,Petrol,5.41
14.8,27.1,32.8,Moderate,Motorcycle,Petrol,1.61
20.2,39.5,30.7,Moderate,SUV,Petrol,6.03
14,51.9,16.2,High,Sedan,Diesel,3.57
56.4,275.1,12.3,Severe,Hatchback,Petrol,15.77
15.7,41.7,22.6,High,Hatchback,Diesel,3.1
15.5,53.1,17.5,High,Sedan,Petrol,4.3
3.7,8.9,24.9,High,Hatchback,Petrol,0.87
9.4,44.4,12.7,Severe,Hatchback,Petrol,2.72
21.8,24.7,53,Low,SUV,Petrol,5.78
34,85,24,High,Sedan,Petrol,9.49
13.8,35.4,23.4,High,Motorcycle,Petrol,1.84
2.9,3.8,46.3,Low,SUV,Diesel,0.65
4.9,10,29.3,High,Sedan,Petrol,1.17
18.5,135.4,8.2,Severe,Hatchback,Diesel,4.83
16,26.7,35.9,Moderate,Sedan,Petrol,3.39
32.6,53.2,36.8,Moderate,Sedan,Petrol,7.27
30.5,52.9,34.6,Moderate,Motorcycle,Petrol,3.05
52.7,74.6,42.4,Moderate,Sedan,Diesel,9.73
43.3,142.7,18.2,High,SUV,Diesel,13.97
8.9,10.2,52.3,Low,Hatchback,Diesel,1.27
34.9,59.7,35.1,Moderate,SUV,Diesel,9.1
6.2,9.2,40.4,Moderate,Hatchback,Diesel,0.94
8,11.4,42.1,Moderate,SUV,Diesel,1.93
3.1,9.6,19.4,High,Hatchback,Petrol,0.73
10.1,25.7,23.6,High,SUV,Diesel,3.08
45.7,94.9,28.9,High,Hatchback,Diesel,8.13
9.8,24.6,23.9,High,Motorcycle,Petrol,1.28
2.3,3.7,37.3,Moderate,SUV,Diesel,0.59
7.5,18.1,24.9,High,SUV,Diesel,2.41
7.2,13.6,31.8,Moderate,Hatchback,Petrol,1.35
10.2,15.9,38.6,Moderate,Hatchback,Diesel,1.7
5.9,16.5,21.5,High,Sedan,Petrol,1.54
31.9,33.5,57.2,Low,Hatchback,Petrol,5.12
27.3,42.2,38.8,Moderate,SUV,Diesel,6.68
19.7,66.8,17.7,High,Sedan,Petrol,5.41
21.8,27.2,48.1,Low,Hatchback,Petrol,3.61
9.8,16.6,35.5,Moderate,Sedan,Petrol,2.25
4.4,25.9,10.2,Severe,SUV,Diesel,1.74
17,22.8,44.8,Moderate,Hatchback,Petrol,2.91
8.6,15.7,32.8,Moderate,Hatchback,Diesel,1.45
12.2,22.9,31.9,Moderate,Sedan,Petrol,2.61
9.2,17.7,31.2,Moderate,Hatchback,Petrol,1.73
10.7,21.5,29.9,High,SUV,Petrol,3.6
18.2,51.3,21.3,High,Hatchback,Diesel,3.64
6.8,8.7,46.9,Low,Hatchback,Petrol,1.04
13.6,23.9,34.1,Moderate,Motorcycle,Petrol,1.37
5,34.1,8.8,Severe,Hatchback,Diesel,1.23
13.1,35.2,22.3,High,Sedan,Diesel,3.32
16.1,54.9,17.6,High,Motorcycle,Petrol,2.06
7.9,46,10.3,Severe,Sedan,Diesel,2.43
2.1,3.9,32.3,Moderate,Hatchback,Petrol,0.4
7.8,38.7,12.1,Severe,Hatchback,Petrol,2.31
9.9,26.4,22.5,High,Hatchback,Petrol,2.38
32.2,45,42.9,Moderate,Motorcycle,Petrol,3.16
2.7,2.9,55.9,Low,Motorcycle,Petrol,0.23
7.9,12.7,37.4,Moderate,Motorcycle,Petrol,0.86
6.1,16.5,22.2,High,Sedan,Diesel,1.55
14.1,29.5,28.7,High,SUV,Diesel,4.15
12.4,25.4,29.3,High,SUV,Diesel,3.59
16.1,82.6,11.7,Severe,Motorcycle,Petrol,2.63
2.6,6.9,22.7,High,Motorcycle,Petrol,0.33
5,5.1,58.7,Low,Hatchback,Petrol,0.82
4.4,8,33.2,Moderate,SUV,Petrol,1.28
9.5,20.8,27.4,High,Hatchback,Petrol,2.02
13.6,41,19.9,High,Hatchback,Petrol,3.25
4.8,5.5,52.4,Low,Hatchback,Petrol,0.74
5.9,6.5,54.8,Low,Hatchback,Petrol,0.93
3.5,12.7,16.6,High,Sedan,Diesel,0.83
5.5,7.7,43.1,Moderate,Hatchback,Petrol,0.92
8,72.7,6.6,Severe,Hatchback,Petrol,2.36
5.4,7.7,42,Moderate,SUV,Petrol,1.59
27.5,123.1,13.4,Severe,Hatchback,Petrol,7.66
3.2,4.6,41.5,Moderate,Hatchback,Diesel,0.49
53.4,93.4,34.3,Moderate,Sedan,Diesel,10.22
6.1,8.8,41.5,Moderate,Motorcycle,Petrol,0.63
8.6,9.3,55.6,Low,SUV,Diesel,1.89
9.9,15,39.5,Moderate,Hatchback,Petrol,1.75
58.2,89.1,39.2,Moderate,Hatchback,Petrol,10.66
7.1,12.2,35,Moderate,Sedan,Petrol,1.58
4.2,7.1,35.3,Moderate,Sedan,Petrol,0.88
2.4,7.9,18.2,High,Sedan,Diesel,0.56
9.6,16.6,34.6,Moderate,Hatchback,Petrol,1.78
25,73.5,20.4,High,SUV,Petrol,9.22
12.1,16.8,43.3,Moderate,Hatchback,Diesel,1.79
19.1,64,17.9,High,SUV,Diesel,5.78
13.4,27,29.8,High,Hatchback,Diesel,2.35
6.4,8.9,43.2,Moderate,Motorcycle,Petrol,0.66
57.4,84.4,40.8,Moderate,Motorcycle,Petrol,5.44
9.5,18.8,30.3,Moderate,Sedan,Diesel,1.8
6.5,15.4,25.4,High,SUV,Petrol,2.26
34.6,36.9,56.3,Low,Hatchback,Diesel,4.8
3.5,4.3,48.3,Low,SUV,Diesel,0.79
17.1,29.7,34.6,Moderate,Hatchback,Diesel,2.78
2.4,4.7,30.6,Moderate,Hatchback,Diesel,0.4
8.3,26.6,18.7,High,SUV,Petrol,2.95
6.8,13.1,31.2,Moderate,SUV,Petrol,2.09
6.9,13.4,30.9,Moderate,SUV,Diesel,1.7
39.4,227.3,10.4,Severe,Motorcycle,Petrol,6.61
11.1,32.2,20.7,High,SUV,Diesel,3.56
18.2,32.1,34,Moderate,Sedan,Diesel,3.66
3.9,11.4,20.5,High,Motorcycle,Petrol,0.48
3.5,11.8,17.8,High,Sedan,Diesel,0.87
3.3,3.9,50.9,Low,Sedan,Petrol,0.6
9.3,93,6,Severe,Sedan,Diesel,2.95
13.8,14.4,57.4,Low,SUV,Petrol,3.42
2.7,3,54.4,Low,Hatchback,Diesel,0.4
7.9,11.7,40.6,Moderate,Hatchback,Petrol,1.4
3.3,6.1,32.3,Moderate,Hatchback,Diesel,0.54
8.6,10.4,49.5,Low,Sedan,Diesel,1.41
20.4,38,32.2,Moderate,SUV,Petrol,6.36
9.1,32.7,16.7,High,Hatchback,Petrol,2.01
43.9,156.8,16.8,High,Motorcycle,Petrol,5.92
29.1,32.9,53,Low,Sedan,Diesel,4.77
13,38.6,20.2,High,Hatchback,Diesel,2.66
32.2,120,16.1,High,Hatchback,Diesel,6.25
13.2,19.4,40.8,Moderate,SUV,Petrol,3.61
19.6,37.5,31.4,Moderate,Motorcycle,Petrol,1.97
4.6,6.8,40.4,Moderate,Sedan,Diesel,0.85
29.8,49.3,36.3,Moderate,Sedan,Petrol,6.56
25.8,42.6,36.3,Moderate,Sedan,Diesel,5.19
12.4,12.4,59.9,Low,Hatchback,Petrol,2.07
20.9,29.4,42.7,Moderate,Motorcycle,Petrol,2.14
3.2,6.5,29.6,High,Motorcycle,Petrol,0.37
20.8,21,59.4,Low,SUV,Petrol,5.15
44.3,106.7,24.9,High,Hatchback,Diesel,9.25
4.9,6.4,46.2,Low,Sedan,Diesel,0.8
7.9,18.6,25.5,High,Hatchback,Petrol,1.63
17,31.6,32.3,Moderate,Motorcycle,Petrol,1.68
15,15.7,57.5,Low,SUV,Diesel,3.32
33.8,50,40.6,Moderate,Sedan,Petrol,7.4
19.8,24.6,48.2,Low,Sedan,Petrol,3.64
15.6,34.4,27.2,High,Sedan,Petrol,3.95
22.5,54.7,24.7,High,Hatchback,Petrol,4.96
18.5,22.6,49.2,Low,Sedan,Petrol,3.55
13.1,19.8,39.6,Moderate,Hatchback,Petrol,2.54
15.6,59.6,15.7,High,Hatchback,Diesel,2.99
4.3,7.8,32.9,Moderate,SUV,Diesel,1.14
11,16.1,41.1,Moderate,Hatchback,Diesel,1.63
13.8,19.3,42.8,Moderate,Hatchback,Petrol,2.42
21.4,45.4,28.3,High,SUV,Diesel,6.35
9.7,14.2,40.9,Moderate,SUV,Diesel,2.31
13.4,18.8,42.8,Moderate,Sedan,Diesel,2.57
3.7,13.8,16.1,High,Hatchback,Petrol,0.85
22.1,57.2,23.2,High,Motorcycle,Petrol,2.94
2.8,3.8,44,Moderate,Hatchback,Petrol,0.49
3.4,10.8,18.9,High,Sedan,Petrol,0.96
11.4,12.8,53.5,Low,Hatchback,Diesel,1.58
33.8,40.2,50.5,Low,SUV,Diesel,7.34
15.1,21,43.1,Moderate,SUV,Petrol,4.38
12.4,49.3,15.1,High,Motorcycle,Petrol,1.57
5.2,6.1,50.8,Low,Sedan,Petrol,0.98
19,36.4,31.3,Moderate,SUV,Diesel,5.03
12,20.7,34.8,Moderate,Motorcycle,Petrol,1.25
14.8,29,30.6,Moderate,Hatchback,Petrol,2.77
2.3,6.7,20.7,High,Motorcycle,Petrol,0.29
5.8,6,58,Low,Motorcycle,Petrol,0.53
7.1,9.3,46,Low,Sedan,Petrol,1.38
27.9,88.6,18.9,High,SUV,Petrol,10.85
8,9.6,50.2,Low,Sedan,Petrol,1.55
7.6,11.3,40.4,Moderate,Hatchback,Petrol,1.38
10.8,26.8,24.2,High,Hatchback,Diesel,2.27
17.4,32.3,32.3,Moderate,Sedan,Petrol,3.96
9.8,15.6,37.8,Moderate,Hatchback,Petrol,1.87
5.6,56,6,Severe,Hatchback,Diesel,1.41
11.7,19.9,35.2,Moderate,Motorcycle,Petrol,1.27
10.1,39.9,15.2,High,Motorcycle,Petrol,1.31
30.5,83.9,21.8,High,Sedan,Petrol,8.37
17.7,22.3,47.6,Low,Sedan,Petrol,3.39
13.8,32.7,25.3,High,Sedan,Petrol,3.48
32.9,150.7,13.1,Severe,Hatchback,Petrol,9.65
6,12.5,28.9,High,Hatchback,Petrol,1.27
4.3,7.7,33.3,Moderate,Sedan,Petrol,0.91
11.2,47.7,14.1,Severe,Sedan,Diesel,3.52
10.1,18.1,33.4,Moderate,Hatchback,Diesel,1.59
31.9,57,33.6,Moderate,Motorcycle,Petrol,3.29
3.2,4.5,42.3,Moderate,SUV,Petrol,0.9
59.8,80.4,44.6,Moderate,Hatchback,Petrol,10.87
28.7,31.6,54.5,Low,Motorcycle,Petrol,2.5
27.8,53,31.5,Moderate,SUV,Petrol,8.46
18.4,58.4,18.9,High,Sedan,Diesel,4.36
5.5,13.8,23.9,High,Hatchback,Diesel,1.15
5.1,18,17,High,Sedan,Petrol,1.37
9.2,14.5,38,Moderate,Hatchback,Diesel,1.53
16.6,22.6,44,Moderate,Sedan,Petrol,3.5
5.7,10.8,31.6,Moderate,Hatchback,Diesel,0.88
13.6,39,20.9,High,Sedan,Petrol,3.56
36.9,107.5,20.6,High,Hatchback,Diesel,7.66
2.1,2.4,53.5,Low,Sedan,Petrol,0.42
47.1,121.8,23.2,High,Hatchback,Diesel,9.88
2.2,2.5,52.7,Low,Hatchback,Diesel,0.3
4.6,6.7,40.9,Moderate,Motorcycle,Petrol,0.44
19.5,30.5,38.3,Moderate,Hatchback,Diesel,3.15
14,17.6,47.6,Low,SUV,Diesel,3.01
6.7,20.4,19.7,High,SUV,Diesel,2.12
26.4,58.2,27.2,High,Sedan,Petrol,6.54
13.7,51.4,16,High,Hatchback,Petrol,3.15
12.9,31.3,24.7,High,Motorcycle,Petrol,1.64
3.4,4.9,41.9,Moderate,Hatchback,Petrol,0.61
8.2,9.9,49.8,Low,Hatchback,Petrol,1.31
19,31.8,35.8,Moderate,Sedan,Petrol,4
6.9,14.8,27.9,High,Hatchback,Diesel,1.26
13.2,24,33,Moderate,SUV,Petrol,4.16
3,3.6,49.9,Low,Hatchback,Petrol,0.47
18.6,79.1,14.1,Severe,Hatchback,Diesel,4.67
33.8,37.1,54.7,Low,Hatchback,Petrol,5.57
12.7,36.3,21,High,Sedan,Petrol,3.51
7.6,10.7,42.7,Moderate,Motorcycle,Petrol,0.72
6.9,9.1,45.7,Low,Hatchback,Petrol,1.08
14.4,18,47.9,Low,Motorcycle,Petrol,1.28
34.8,152.4,13.7,Severe,Hatchback,Diesel,8.49
21.1,32.3,39.2,Moderate,SUV,Petrol,6.13
5.7,5.9,57.9,Low,SUV,Diesel,1.31
5.6,6.4,52.9,Low,Sedan,Diesel,1
7.8,13.8,34,Moderate,Hatchback,Petrol,1.45
29.9,99.1,18.1,High,Hatchback,Diesel,5.75
3.7,12.5,17.8,High,Hatchback,Petrol,0.86
18.6,56.6,19.7,High,Sedan,Petrol,5.08
23.3,31.3,44.6,Moderate,Motorcycle,Petrol,2.31
11.9,22,32.5,Moderate,Hatchback,Diesel,1.95
9,29,18.6,High,Motorcycle,Petrol,1.13
7.3,12.9,34,Moderate,Motorcycle,Petrol,0.73
3.2,5.1,37.6,Moderate,Hatchback,Petrol,0.57
17.3,30.2,34.4,Moderate,Sedan,Petrol,3.81
14.3,34.7,24.7,High,Motorcycle,Petrol,1.8
2.3,4.5,31,Moderate,Hatchback,Petrol,0.43
13.9,14.9,56,Low,Motorcycle,Petrol,1.22
8.3,14.5,34.3,Moderate,Sedan,Diesel,1.56
17,29.5,34.6,Moderate,Motorcycle,Petrol,1.72
2.6,2.7,58.5,Low,Hatchback,Petrol,0.41
3.4,6.5,31.2,Moderate,SUV,Diesel,0.87
49.6,88.3,33.7,Moderate,Hatchback,Diesel,8.07
55.9,103.2,32.5,Moderate,Hatchback,Petrol,10.13
14.5,29.2,29.8,High,Hatchback,Petrol,3
4.8,10.1,28.4,High,SUV,Diesel,1.44
11.1,25.7,25.9,High,Hatchback,Diesel,2.11
11.4,20.3,33.7,Moderate,SUV,Diesel,2.86
11.9,62.6,11.4,Severe,Motorcycle,Petrol,2.01
19,25.7,44.4,Moderate,Sedan,Petrol,4.04
25.9,34.6,44.9,Moderate,Hatchback,Petrol,4.57
6.9,11.3,36.8,Moderate,Motorcycle,Petrol,0.74
9.8,14.6,40.3,Moderate,Sedan,Petrol,2.14
16.6,29,34.3,Moderate,SUV,Petrol,4.76
6.7,8.1,49.6,Low,Sedan,Diesel,1.08
4.8,6.7,42.9,Moderate,SUV,Diesel,1.12
4.2,36,7,Severe,Sedan,Petrol,1.41
13.5,32.9,24.6,High,Sedan,Diesel,3.17
4.4,6.9,38.5,Moderate,SUV,Petrol,1.33
12,13.5,53.3,Low,Hatchback,Petrol,1.93
15.5,21.6,43.1,Moderate,Sedan,Petrol,3.22
9.5,25.9,22,High,Sedan,Petrol,2.57
6.5,42.4,9.2,Severe,SUV,Petrol,3
6.1,6.9,53.1,Low,Sedan,Petrol,1.19
5.2,5.5,57.1,Low,Motorcycle,Petrol,0.47
2.4,5.8,24.7,High,Hatchback,Petrol,0.54
13.3,14.2,56.1,Low,SUV,Diesel,2.8
3.2,8.6,22.4,High,Hatchback,Diesel,0.67
4.5,52.9,5.1,Severe,Sedan,Diesel,1.33
6.8,8.8,46.5,Low,Hatchback,Petrol,1.12
2.4,2.8,51.1,Low,Motorcycle,Petrol,0.22
28.2,67.1,25.2,High,Motorcycle,Petrol,3.37
7.1,7.4,57.3,Low,SUV,Petrol,1.89
14.8,22.2,40,Moderate,Motorcycle,Petrol,1.46
13.9,50.2,16.6,High,Sedan,Petrol,3.62
15.6,18.9,49.5,Low,Sedan,Diesel,2.68
9.3,57.5,9.7,Severe,SUV,Petrol,4.59
8.8,15,35.2,Moderate,SUV,Petrol,2.53
13.5,40.3,20.1,High,SUV,Diesel,4.17
13,17.8,43.7,Moderate,Sedan,Petrol,2.71
15.8,74.1,12.8,Severe,Sedan,Petrol,5.35
43.7,124.3,21.1,High,Hatchback,Diesel,8.49
2.8,17.1,9.8,Severe,SUV,Diesel,1.15
12.4,42.3,17.6,High,Motorcycle,Petrol,1.65
2.5,9,16.7,High,SUV,Petrol,0.96
18.4,134.6,8.2,Severe,SUV,Petrol,9.09
12,19.7,36.6,Moderate,Hatchback,Petrol,2.14
32.1,35.9,53.7,Low,Sedan,Diesel,5.3
33.4,55.5,36.1,Moderate,Sedan,Petrol,7.1
19.1,51.2,22.4,High,SUV,Petrol,7.12
6.9,12.9,32.1,Moderate,Hatchback,Petrol,1.26
2.6,8,19.5,High,Hatchback,Petrol,0.6
3.8,16.1,14.2,Severe,Hatchback,Diesel,0.92
34.5,38.6,53.6,Low,Motorcycle,Petrol,3.24
14,15.1,55.5,Low,Hatchback,Petrol,2.33
2.2,3.9,33.9,Moderate,Hatchback,Diesel,0.34
17.3,89.5,11.6,Severe,Motorcycle,Petrol,2.75
9.6,48,12,Severe,SUV,Petrol,4.74
29,107.4,16.2,High,Sedan,Diesel,6.92
2.3,3.5,39.8,Moderate,Sedan,Petrol,0.52
35.5,37.6,56.6,Low,SUV,Petrol,9.56
17.4,33.9,30.8,Moderate,SUV,Diesel,4.39
3.1,4.3,43.5,Moderate,Motorcycle,Petrol,0.3
5.5,6.8,48.5,Low,Sedan,Petrol,1.07
31.9,42.6,44.9,Moderate,Hatchback,Diesel,5.07
3,3.9,45.7,Low,Hatchback,Diesel,0.41
6.8,12.8,31.8,Moderate,Hatchback,Petrol,1.26
17.4,23.9,43.7,Moderate,Hatchback,Diesel,2.8
12.9,33.8,22.9,High,Hatchback,Diesel,2.6
9.2,22.7,24.3,High,Hatchback,Petrol,2.04
40.8,134.5,18.2,High,Hatchback,Diesel,7.92
52.5,144.5,21.8,High,Hatchback,Petrol,11.51
5.1,18.8,16.3,High,Hatchback,Petrol,1.17
25.8,32.2,48.1,Low,Hatchback,Petrol,3.94
6.3,12.4,30.4,Moderate,Sedan,Diesel,1.29
32.2,46.7,41.4,Moderate,Hatchback,Diesel,4.93
7.8,29.4,15.9,High,Hatchback,Petrol,1.83
18.6,116.3,9.6,Severe,Sedan,Petrol,6.42
5.1,10.6,28.9,High,Hatchback,Petrol,1.1
37.1,58.4,38.1,Moderate,Hatchback,Petrol,6.94
7.3,16.1,27.2,High,Sedan,Petrol,1.83
4.1,4.7,51.9,Low,Sedan,Petrol,0.82
18.4,35.7,30.9,Moderate,Motorcycle,Petrol,1.87
13.1,16.5,47.7,Low,SUV,Petrol,3.53
7,7.7,54.3,Low,Hatchback,Petrol,1.07
18.6,36.5,30.6,Moderate,SUV,Petrol,5.71
4.1,8.8,27.9,High,Hatchback,Diesel,0.76
2.6,4.1,37.7,Moderate,Hatchback,Petrol,0.47
26.2,55.9,28.1,High,Hatchback,Petrol,5.66
5.3,14.4,22.1,High,Motorcycle,Petrol,0.69
2.4,10.2,14.1,Severe,Hatchback,Petrol,0.72
17.8,27.6,38.7,Moderate,Hatchback,Petrol,3.4
7.8,10.4,45,Moderate,Hatchback,Petrol,1.43
6,9.4,38.2,Moderate,Sedan,Diesel,1.22
10.5,16.6,37.9,Moderate,Sedan,Petrol,2.38
4,5.8,41.5,Moderate,Hatchback,Petrol,0.72
3.9,8.3,28.2,High,Hatchback,Petrol,0.82
29.8,82.4,21.7,High,Sedan,Petrol,8.41
6.3,17.9,21.1,High,Sedan,Petrol,1.68
4.5,5.3,51.3,Low,Motorcycle,Petrol,0.41
17.7,37.8,28.1,High,Hatchback,Petrol,3.63
19.3,68.5,16.9,High,Hatchback,Petrol,4.52
38.3,79.8,28.8,High,Motorcycle,Petrol,4.46
6.5,23.2,16.8,High,Motorcycle,Petrol,0.87
16.2,176.7,5.5,Severe,SUV,Petrol,7.6
5.6,17.4,19.3,High,Sedan,Petrol,1.48
19.2,198.6,5.8,Severe,Motorcycle,Petrol,3.16
7.2,11.8,36.6,Moderate,Sedan,Petrol,1.65
4.4,6.9,38.5,Moderate,Motorcycle,Petrol,0.46
26.4,45.5,34.8,Moderate,Hatchback,Petrol,5.03
19.9,31.6,37.8,Moderate,Sedan,Petrol,4.19
2.9,4.8,36.6,Moderate,Motorcycle,Petrol,0.3
34.8,72.2,28.9,High,SUV,Petrol,11.53
31.3,32.1,58.5,Low,Motorcycle,Petrol,2.83
10.1,39.4,15.4,High,Hatchback,Diesel,2.05
15.2,47,19.4,High,Hatchback,Diesel,3.16
5.5,7.7,43,Moderate,Motorcycle,Petrol,0.56
4.8,5.1,56.9,Low,SUV,Petrol,1.25
7,10.1,41.7,Moderate,SUV,Petrol,2.09
9.5,28.8,19.8,High,SUV,Diesel,3.12
7.1,9,47.1,Low,Hatchback,Diesel,1.01
3.2,7.4,26,High,Hatchback,Petrol,0.7
56.4,225.6,15,High,Hatchback,Petrol,12.59
5.3,8.9,35.7,Moderate,Sedan,Petrol,1.16
11.8,21.1,33.5,Moderate,Hatchback,Petrol,2.25
4.9,9.4,31.4,Moderate,Hatchback,Diesel,0.81
9.8,14.7,39.9,Moderate,Hatchback,Petrol,1.78
7.6,17.1,26.6,High,Sedan,Diesel,1.69
3.9,6.2,37.6,Moderate,Motorcycle,Petrol,0.42
8.2,14.1,34.8,Moderate,Hatchback,Petrol,1.5
24,71.6,20.1,High,SUV,Petrol,8.89
11.7,17.8,39.4,Moderate,Motorcycle,Petrol,1.23
6.8,7.3,55.8,Low,SUV,Petrol,1.8
31.5,47.5,39.8,Moderate,Sedan,Petrol,6.7
6.3,20.5,18.4,High,SUV,Diesel,1.96
7.9,87.8,5.4,Severe,Hatchback,Diesel,1.92
5.9,7.2,49.5,Low,Hatchback,Diesel,0.81
3,7.3,24.8,High,Hatchback,Diesel,0.59
2.6,5.9,26.4,High,Sedan,Petrol,0.67
11.5,25.7,26.9,High,Hatchback,Petrol,2.37
6.1,7.5,49.1,Low,Hatchback,Petrol,0.99
12.9,13,59.5,Low,Sedan,Petrol,2.55
12.4,14.2,52.5,Low,Hatchback,Petrol,1.99
3.8,25.3,9,Severe,Hatchback,Petrol,1.11
13.3,27,29.6,High,Hatchback,Petrol,2.89
12.5,13.8,54.2,Low,Sedan,Diesel,2.14
8.1,14,34.7,Moderate,Hatchback,Petrol,1.47
14.1,15.3,55.4,Low,SUV,Diesel,3.12
7.2,10.6,40.6,Moderate,Sedan,Diesel,1.41
2.8,8.2,20.6,High,SUV,Petrol,1.07
5.5,61.1,5.4,Severe,Sedan,Petrol,1.95
17.5,29.2,36,Moderate,Hatchback,Petrol,3.17
30.2,46.2,39.2,Moderate,Hatchback,Diesel,4.71
12,28,25.7,High,Sedan,Petrol,2.98
33.9,73.2,27.8,High,Hatchback,Petrol,7.35
5.3,6.9,46,Low,Motorcycle,Petrol,0.47
7.6,13,35,Moderate,Hatchback,Petrol,1.36
6.5,9.9,39.4,Moderate,Motorcycle,Petrol,0.66
33,57.2,34.6,Moderate,Sedan,Petrol,7.06
16.6,21.1,47.3,Low,SUV,Petrol,4.21
8.4,12.1,41.5,Moderate,Hatchback,Diesel,1.31
8.5,20.4,25,High,Sedan,Petrol,2.18
37.3,130.1,17.2,High,Hatchback,Diesel,7.37
20.8,34.1,36.6,Moderate,SUV,Petrol,6.25
6.5,10.9,35.8,Moderate,Sedan,Petrol,1.43
18.8,38.5,29.3,High,Motorcycle,Petrol,2.29
18.4,29.5,37.4,Moderate,SUV,Diesel,4.7
4.8,5.7,50.5,Low,Sedan,Diesel,0.83
6.5,27.1,14.4,Severe,Hatchback,Petrol,1.93
5.5,11,30.1,Moderate,Hatchback,Petrol,1
9.4,36.4,15.5,High,Hatchback,Petrol,2.06
12.5,25.3,29.6,High,SUV,Diesel,3.76
50.8,82.2,37.1,Moderate,Motorcycle,Petrol,5.41
20.6,21.2,58.4,Low,Hatchback,Diesel,2.99
5.4,20.5,15.8,High,Sedan,Petrol,1.42
19.8,21.9,54.2,Low,Hatchback,Diesel,2.87
7.7,42.4,10.9,Severe,Motorcycle,Petrol,1.26
26,62.4,25,High,Hatchback,Diesel,4.78
10.8,19,34.1,Moderate,Hatchback,Petrol,1.93
18.4,22.5,49.1,Low,Hatchback,Petrol,2.96
15.7,29.7,31.7,Moderate,Hatchback,Diesel,2.46
19.7,44.1,26.8,High,Hatchback,Petrol,3.96
12.5,30.5,24.6,High,Motorcycle,Petrol,1.57
11.3,12.2,55.6,Low,Hatchback,Petrol,1.77
3.5,11.9,17.7,High,Hatchback,Diesel,0.69
15.8,23.9,39.6,Moderate,Sedan,Petrol,3.58
8.7,13.7,38.1,Moderate,Hatchback,Diesel,1.39
31.9,47.3,40.5,Moderate,Sedan,Diesel,6.14
8.2,13.3,37,Moderate,Hatchback,Petrol,1.54
3.1,5.2,35.6,Moderate,Hatchback,Petrol,0.55
16.3,64.8,15.1,High,Sedan,Petrol,4.52
9.3,15.1,37,Moderate,Hatchback,Petrol,1.77
15.8,26.3,36,Moderate,SUV,Petrol,4.68
7.4,10,44.6,Moderate,Motorcycle,Petrol,0.75
27.6,39.8,41.6,Moderate,Motorcycle,Petrol,2.71
6.1,26.3,13.9,Severe,Motorcycle,Petrol,1.04
9.8,34.8,16.9,High,Hatchback,Diesel,2.07
8.1,22.2,21.9,High,Hatchback,Petrol,1.8
24.5,30.3,48.5,Low,Hatchback,Petrol,3.82
18.5,29.8,37.2,Moderate,Hatchback,Petrol,3.48
19.1,41.7,27.5,High,SUV,Diesel,5.29
8.1,8.6,56.6,Low,Motorcycle,Petrol,0.75
14.2,27.4,31.1,Moderate,Sedan,Diesel,2.81
6.9,20.2,20.5,High,Hatchback,Diesel,1.4
19.1,67,17.1,High,Hatchback,Petrol,4.36
7.2,12.6,34.3,Moderate,Hatchback,Diesel,1.11
45.5,49.5,55.2,Low,SUV,Petrol,11.34
11,24.4,27.1,High,Hatchback,Petrol,2.33
5.6,7.6,44.4,Moderate,Sedan,Diesel,1.03
7.1,15.8,27,High,Sedan,Petrol,1.77
6.3,9,41.8,Moderate,Motorcycle,Petrol,0.63
7.4,8.9,50.1,Low,Motorcycle,Petrol,0.67
8.5,23.4,21.8,High,Hatchback,Petrol,1.88
13.7,32.5,25.3,High,Hatchback,Petrol,2.82
28.1,33.5,50.4,Low,Hatchback,Petrol,4.56
13.6,14.5,56.1,Low,Hatchback,Petrol,2.09
16.3,28.7,34.1,Moderate,Motorcycle,Petrol,1.73
8.6,19.8,26,High,Sedan,Petrol,2.05
3.2,16.8,11.4,Severe,Motorcycle,Petrol,0.52
37,177.6,12.5,Severe,Sedan,Petrol,13.32
7.2,15.7,27.6,High,Sedan,Petrol,1.74
4.4,6.2,42.8,Moderate,Hatchback,Diesel,0.67
17.6,25.6,41.2,Moderate,SUV,Petrol,5.12
19.1,60,19.1,High,Sedan,Petrol,5.17
4.1,5.5,44.6,Moderate,Hatchback,Petrol,0.69
2.5,3.7,40.7,Moderate,SUV,Petrol,0.72
5.1,60,5.1,Severe,Hatchback,Petrol,1.47
17.4,25.8,40.5,Moderate,SUV,Petrol,4.74
34.5,88.5,23.4,High,Hatchback,Petrol,8.32
4.3,6.4,40.1,Moderate,Hatchback,Petrol,0.73
5.5,63.5,5.2,Severe,Motorcycle,Petrol,0.9
12.3,117.1,6.3,Severe,Sedan,Diesel,3.64
9.9,18.2,32.7,Moderate,Hatchback,Diesel,1.64
5.3,14.9,21.3,High,Sedan,Petrol,1.43
9.1,43.3,12.6,Severe,Hatchback,Petrol,2.61
27.4,38.8,42.4,Moderate,Sedan,Diesel,4.96
6.3,10.2,37,Moderate,Hatchback,Diesel,1.01
19.7,29.9,39.5,Moderate,Sedan,Petrol,4.38
50,102.7,29.2,High,Hatchback,Petrol,10.57
10.9,15.9,41.1,Moderate,Motorcycle,Petrol,1.1
18.6,64.1,17.4,High,Hatchback,Diesel,3.62
33.8,59,34.4,Moderate,Motorcycle,Petrol,3.41
12.5,25.2,29.8,High,SUV,Diesel,3.61
6.8,9.3,43.8,Moderate,Hatchback,Petrol,1.25
2.3,4.9,28,High,Motorcycle,Petrol,0.28
5.3,7.8,40.7,Moderate,Hatchback,Diesel,0.83
10.2,15,40.9,Moderate,Hatchback,Petrol,1.85
13.6,35.9,22.7,High,Sedan,Petrol,3.57
4.1,9.4,26.3,High,Hatchback,Petrol,0.85
9.3,30.7,18.2,High,Hatchback,Petrol,2.05
27.4,48.5,33.9,Moderate,Hatchback,Petrol,5.21
15.7,22.8,41.4,Moderate,Hatchback,Petrol,2.69
4.9,6.7,44.2,Moderate,Hatchback,Petrol,0.86
4.4,10.4,25.4,High,Hatchback,Petrol,0.91
10.3,17.9,34.5,Moderate,Sedan,Petrol,2.31
20,30.5,39.3,Moderate,Hatchback,Petrol,3.57
24.7,34.5,43,Moderate,Sedan,Petrol,5.18
9.2,9.3,59.2,Low,Hatchback,Petrol,1.43
8.2,19.9,24.7,High,Hatchback,Petrol,1.96
32.6,73.3,26.7,High,Sedan,Petrol,7.89
14,16.8,49.9,Low,Hatchback,Petrol,2.25
18.7,200.4,5.6,Severe,Sedan,Petrol,6.28
16.9,54.2,18.7,High,SUV,Petrol,6.03
15.5,19.4,47.9,Low,SUV,Petrol,4.19
10.6,16.4,38.8,Moderate,Sedan,Petrol,2.33
13.2,44.2,17.9,High,Hatchback,Petrol,2.94
12.1,18.9,38.5,Moderate,Sedan,Diesel,2.28
31.7,33.3,57.1,Low,Sedan,Petrol,5.72
16,29.4,32.6,Moderate,Sedan,Petrol,3.67
8.9,15.7,34.1,Moderate,Sedan,Petrol,1.94
58.6,101,34.8,Moderate,Motorcycle,Petrol,6.07
2.5,4.3,34.6,Moderate,Motorcycle,Petrol,0.26
15.4,16.3,56.7,Low,SUV,Petrol,4
6.2,7.5,49.5,Low,Sedan,Petrol,1.14
8.1,17.5,27.8,High,Sedan,Petrol,2.11
51.3,115.3,26.7,High,Hatchback,Diesel,9.4
24.6,29.5,50,Low,Hatchback,Diesel,3.43
5.1,7.4,41.4,Moderate,Sedan,Diesel,0.94
34.6,135.7,15.3,High,SUV,Petrol,13.21
5,7.2,41.9,Moderate,Hatchback,Petrol,0.85
6,21.7,16.6,High,Hatchback,Petrol,1.38
14.7,160.4,5.5,Severe,SUV,Diesel,6.1
12.8,37.3,20.6,High,Hatchback,Petrol,2.88
9.4,12,47,Low,SUV,Petrol,2.51
3.2,3.9,49.5,Low,Hatchback,Petrol,0.5
17.6,27.8,38,Moderate,Hatchback,Petrol,3.34
8.3,25.3,19.7,High,Motorcycle,Petrol,1.12
9.1,10.5,52,Low,Sedan,Petrol,1.76
12.6,49.4,15.3,High,Hatchback,Petrol,2.87
10.5,14.4,43.7,Moderate,Sedan,Petrol,2.18
6,13.4,26.9,High,Sedan,Petrol,1.52
15.7,73.6,12.8,Severe,Sedan,Diesel,5.01
9.4,18.9,29.9,High,SUV,Diesel,2.7
5.6,12.9,26.1,High,SUV,Petrol,1.94
6.2,13.6,27.3,High,Sedan,Petrol,1.56
8.6,10.7,48.4,Low,Sedan,Petrol,1.59
13.3,20,40,Moderate,SUV,Petrol,3.75
33,35,56.6,Low,Hatchback,Petrol,5.03
18.4,47.8,23.1,High,Motorcycle,Petrol,2.34
3.8,6.6,34.5,Moderate,Sedan,Petrol,0.87
4.8,4.9,58.5,Low,Sedan,Diesel,0.81
8,23.2,20.7,High,Sedan,Petrol,2.12
8.5,10.7,47.6,Low,Motorcycle,Petrol,0.78
8.1,9.3,52.3,Low,Sedan,Diesel,1.35
9.9,29.1,20.4,High,Hatchback,Petrol,2.27
8.4,11.7,42.9,Moderate,Hatchback,Diesel,1.34
8.8,11.7,45,Moderate,Hatchback,Petrol,1.53
19.5,29.5,39.7,Moderate,Hatchback,Petrol,3.51
11.3,12.2,55.4,Low,SUV,Petrol,3.03
29.9,49.6,36.2,Moderate,Hatchback,Petrol,5.77
53.5,181.4,17.7,High,Motorcycle,Petrol,6.65
6,9.1,39.4,Moderate,Motorcycle,Petrol,0.61
8.3,11.5,43.3,Moderate,Hatchback,Diesel,1.33
5,7.9,37.9,Moderate,Hatchback,Petrol,0.96
9.9,11.4,52.1,Low,Motorcycle,Petrol,0.92
11.3,27.6,24.6,High,Hatchback,Petrol,2.7
7.3,11.2,39.2,Moderate,SUV,Petrol,2.25
22.9,43.1,31.9,Moderate,Motorcycle,Petrol,2.32
2.8,3.9,43.3,Moderate,Hatchback,Petrol,0.48
13.3,68.2,11.7,Severe,Sedan,Petrol,4.76
11.3,17,39.9,Moderate,Sedan,Diesel,2.12
25.8,32.2,48,Low,Hatchback,Petrol,3.94
11.6,18,38.6,Moderate,Sedan,Petrol,2.58
28.7,51.9,33.2,Moderate,Sedan,Petrol,6.06
8.1,57.9,8.4,Severe,Motorcycle,Petrol,1.29
27.3,41.1,39.9,Moderate,SUV,Petrol,8.21
4.9,10,29.5,High,Hatchback,Petrol,1.02
6.4,8.9,43.1,Moderate,Hatchback,Petrol,1.18
8.9,14.8,36,Moderate,Motorcycle,Petrol,0.97
8.7,17.2,30.3,Moderate,SUV,Petrol,2.64
8.9,12.7,42,Moderate,Hatchback,Petrol,1.64
13.7,17.3,47.5,Low,Sedan,Petrol,2.69
11.5,62.2,11.1,Severe,Motorcycle,Petrol,1.83
58.7,81,43.5,Moderate,Motorcycle,Petrol,6.04
11.4,136.8,5,Severe,Hatchback,Petrol,3.24
29.2,312.9,5.6,Severe,Sedan,Petrol,10.38
18.1,146.8,7.4,Severe,SUV,Petrol,8.44
8.7,8.8,59.5,Low,Hatchback,Diesel,1.17
19.4,22.5,51.7,Low,SUV,Diesel,4.06
4.5,5,54.4,Low,Sedan,Diesel,0.75
7.9,15.2,31.1,Moderate,Motorcycle,Petrol,0.85
4.2,28.6,8.8,Severe,Motorcycle,Petrol,0.66
15.8,37.3,25.4,High,SUV,Diesel,4.44
10,25,24,High,Hatchback,Diesel,2.05
34.4,52.1,39.6,Moderate,Motorcycle,Petrol,3.5
12.8,20.4,37.6,Moderate,Sedan,Diesel,2.63
2.8,9,18.6,High,Sedan,Petrol,0.78
8.2,21,23.4,High,SUV,Petrol,3.07
25.7,64.5,23.9,High,SUV,Diesel,8.19
8.1,12.1,40.1,Moderate,Motorcycle,Petrol,0.8
8,11.5,41.8,Moderate,Motorcycle,Petrol,0.8
19.4,47.7,24.4,High,SUV,Diesel,5.84
10.2,102,6,Severe,Motorcycle,Petrol,1.71
18.5,26.2,42.3,Moderate,Hatchback,Diesel,2.78
2.4,3.2,44.9,Moderate,Hatchback,Diesel,0.36
15.5,25.8,36,Moderate,Hatchback,Diesel,2.59
25,57.5,26.1,High,SUV,Petrol,8.81
7.8,23.8,19.7,High,Sedan,Petrol,2.11
7.7,11,42.1,Moderate,Motorcycle,Petrol,0.78
43.1,48.2,53.7,Low,Motorcycle,Petrol,3.96
17.6,29.3,36,Moderate,SUV,Petrol,5.07
18.8,33.2,34,Moderate,SUV,Petrol,5.59
21.6,98.9,13.1,Severe,Motorcycle,Petrol,3.45
10.8,68.9,9.4,Severe,Hatchback,Petrol,3.18
6,12.1,29.7,High,Hatchback,Petrol,1.28
2.1,4.2,30.3,Moderate,Sedan,Diesel,0.41
15.7,22.1,42.7,Moderate,Sedan,Petrol,3.41
53.7,108.5,29.7,High,SUV,Petrol,18.09
34.1,57.8,35.4,Moderate,Motorcycle,Petrol,3.42
34.8,54.8,38.1,Moderate,Hatchback,Diesel,5.79
14.8,21.1,42.1,Moderate,Sedan,Diesel,2.83
15.5,95.9,9.7,Severe,Sedan,Petrol,5.4
14.4,129,6.7,Severe,Sedan,Petrol,4.74
8.9,9.7,55.2,Low,Hatchback,Diesel,1.25
30.9,82.8,22.4,High,SUV,Diesel,10.25
5.6,8.4,40.1,Moderate,Hatchback,Petrol,1.02
22.2,33.1,40.2,Moderate,Hatchback,Petrol,3.95
13.6,13.7,59.7,Low,Sedan,Petrol,2.64
12.5,28.4,26.4,High,Hatchback,Petrol,2.66
11.2,11.4,59.2,Low,Sedan,Diesel,1.88
7.6,9.1,50.1,Low,Hatchback,Petrol,1.24
27.5,32.4,51,Low,Hatchback,Diesel,3.9
8,15.8,30.3,Moderate,Sedan,Diesel,1.5
3.3,19.2,10.3,Severe,Hatchback,Petrol,0.91
28.5,58.4,29.3,High,Hatchback,Petrol,5.79
4.8,10,28.7,High,Sedan,Petrol,1.24
18.8,23.9,47.2,Low,SUV,Petrol,4.66
19.6,89.8,13.1,Severe,Hatchback,Petrol,5.6
6.1,36.6,10,Severe,Sedan,Diesel,1.96
33.9,56.8,35.8,Moderate,Sedan,Petrol,7.48
4.9,7,42.3,Moderate,Hatchback,Petrol,0.85
33.8,70.9,28.6,High,SUV,Diesel,9.37
16.6,26.3,37.9,Moderate,Sedan,Petrol,3.6
12,19.6,36.7,Moderate,Hatchback,Diesel,1.93
2.7,3.5,46.6,Low,Sedan,Petrol,0.5
54.3,127.8,25.5,High,Sedan,Petrol,14.15
6.7,38.7,10.4,Severe,Sedan,Diesel,2.07
4.4,4.4,59.5,Low,Hatchback,Diesel,0.64
15.2,18,50.6,Low,SUV,Diesel,3.21
33.4,124.5,16.1,High,Hatchback,Petrol,7.79
9.4,14,40.3,Moderate,Motorcycle,Petrol,0.88
8.5,17.1,29.8,High,Motorcycle,Petrol,1.04
8.7,11.1,47.1,Low,Hatchback,Diesel,1.26
6.6,16.2,24.4,High,Hatchback,Diesel,1.36
7.5,12.4,36.2,Moderate,Hatchback,Diesel,1.25
16,45.9,20.9,High,SUV,Petrol,6.08
7.1,7.3,58.5,Low,Sedan,Petrol,1.33
23.8,49.2,29,High,Hatchback,Petrol,4.89
11.1,11.6,57.3,Low,Motorcycle,Petrol,1.04
15,15,59.9,Low,Sedan,Petrol,2.77
22.8,50.5,27.1,High,Hatchback,Petrol,4.76
6.8,6.9,59,Low,SUV,Petrol,1.72
6.6,47.1,8.4,Severe,Motorcycle,Petrol,1.12
3.6,10.3,20.9,High,Hatchback,Petrol,0.79
3.6,10,21.6,High,Motorcycle,Petrol,0.45
6.2,11.6,32.2,Moderate,Motorcycle,Petrol,0.62
14.1,21.5,39.3,Moderate,Hatchback,Diesel,2.25
2.8,4.7,35.7,Moderate,Sedan,Diesel,0.56
3.8,9.7,23.5,High,Hatchback,Petrol,0.91
29.7,45.5,39.2,Moderate,Sedan,Diesel,5.94
13.5,85.3,9.5,Severe,Motorcycle,Petrol,2.13
13.6,14.9,54.6,Low,Hatchback,Diesel,2
25.5,26.8,57.1,Low,Hatchback,Petrol,4.17
12.3,17.3,42.6,Moderate,Hatchback,Diesel,1.88
7.9,13.2,35.8,Moderate,Hatchback,Petrol,1.45
12.1,22.1,32.9,Moderate,Hatchback,Diesel,1.99
19,27.5,41.5,Moderate,Sedan,Petrol,3.86
2.9,8.9,19.5,High,SUV,Diesel,0.93
3.7,6.9,32.4,Moderate,Hatchback,Petrol,0.66
7.6,11.4,40,Moderate,Hatchback,Diesel,1.18
5.2,17.3,18,High,Sedan,Petrol,1.47
9.5,13,44,Moderate,Sedan,Diesel,1.84
17.9,23.8,45.1,Low,Motorcycle,Petrol,1.54
24.7,211.7,7,Severe,Hatchback,Petrol,7.41
9.3,13.2,42.4,Moderate,Sedan,Diesel,1.7
6.5,60,6.5,Severe,Sedan,Petrol,2.26
6.4,8.6,44.7,Moderate,SUV,Diesel,1.62
11.5,16.7,41.3,Moderate,Hatchback,Petrol,2
2.2,4.8,27.3,High,Motorcycle,Petrol,0.26
9.2,38.1,14.5,Severe,Sedan,Diesel,2.97
21,25.5,49.5,Low,Hatchback,Petrol,3.53
16.7,122.2,8.2,Severe,SUV,Diesel,6.38
18,18.5,58.4,Low,Sedan,Petrol,3.54
4.2,5.8,43.7,Moderate,Sedan,Diesel,0.75
4.5,7.4,36.5,Moderate,Hatchback,Diesel,0.75
10.8,20.2,32,Moderate,Motorcycle,Petrol,1.14
10.2,14,43.6,Moderate,Hatchback,Petrol,1.83
13.4,28.9,27.8,High,SUV,Petrol,4.5
30.8,49.5,37.3,Moderate,Hatchback,Diesel,5.19
7.3,11.6,37.6,Moderate,Hatchback,Diesel,1.22
2.6,4.8,32.3,Moderate,SUV,Diesel,0.68
2.1,4.5,28.1,High,Sedan,Petrol,0.53
26.9,60.2,26.8,High,Hatchback,Petrol,5.76
8,10.3,46.4,Low,Motorcycle,Petrol,0.68
12.3,16,46.2,Low,Hatchback,Petrol,1.96
9.9,33.4,17.8,High,Hatchback,Diesel,2.07
3.5,4.4,47.6,Low,Hatchback,Petrol,0.56
52.5,195.7,16.1,High,Hatchback,Petrol,12.67
7.1,10.9,39,Moderate,Sedan,Petrol,1.55
31,46.7,39.8,Moderate,Motorcycle,Petrol,3.14
10.6,12.7,50.2,Low,SUV,Petrol,2.84
8.1,32,15.2,High,SUV,Petrol,3.05
25.4,60.5,25.2,High,Hatchback,Petrol,5.52
17.4,27.8,37.5,Moderate,SUV,Petrol,5.49
6.7,8,50.3,Low,Sedan,Petrol,1.33
34.6,47.7,43.5,Moderate,Sedan,Petrol,7.41
2.2,2.7,49.8,Low,Motorcycle,Petrol,0.2
2.1,5.1,24.9,High,Hatchback,Petrol,0.47
5.1,6.1,50.1,Low,Hatchback,Petrol,0.8
48.7,78.3,37.3,Moderate,SUV,Petrol,15.28
9.8,9.9,59.4,Low,Hatchback,Petrol,1.56
3.9,18,13,Severe,Sedan,Petrol,1.32
7,19.6,21.4,High,Hatchback,Petrol,1.57
18.1,53,20.5,High,Motorcycle,Petrol,2.24
5.3,9.1,34.9,Moderate,Hatchback,Diesel,0.84
34.6,89.1,23.3,High,Sedan,Petrol,9.16
4.6,9.3,29.6,High,Hatchback,Petrol,0.94
27.3,54.1,30.3,Moderate,Sedan,Petrol,6.14
10.8,16.6,39,Moderate,Motorcycle,Petrol,1.17
5.6,12.5,26.9,High,Hatchback,Petrol,1.22
4,12.1,19.9,High,SUV,Petrol,1.44
4.6,25.1,11,Severe,Sedan,Diesel,1.44
49.9,53.5,56,Low,SUV,Petrol,13.36
8.3,11.8,42.3,Moderate,Hatchback,Petrol,1.41
7.2,26.7,16.2,High,Sedan,Diesel,1.7
15.6,22.6,41.4,Moderate,Hatchback,Petrol,2.68
14.5,18.6,46.9,Low,Motorcycle,Petrol,1.26
28.3,48.9,34.7,Moderate,SUV,Petrol,8.61
14,19.8,42.5,Moderate,Hatchback,Petrol,2.48
18.8,20.2,55.8,Low,Hatchback,Petrol,2.88
6.2,50.3,7.4,Severe,SUV,Diesel,2.43
8,12.6,38.2,Moderate,Sedan,Petrol,1.74
8.6,23.8,21.7,High,Hatchback,Diesel,1.69
7.2,14,30.8,Moderate,SUV,Petrol,2.06
3.9,4,58.1,Low,Sedan,Petrol,0.76
10.2,27.3,22.4,High,SUV,Diesel,3.24
6.7,10.4,38.7,Moderate,Hatchback,Diesel,1.09
9.2,11.5,48.2,Low,Sedan,Diesel,1.6
6.5,12,32.4,Moderate,Hatchback,Petrol,1.18
4.1,5,49.3,Low,Hatchback,Petrol,0.67
14.1,18.6,45.6,Low,SUV,Diesel,3.22
6.6,14.4,27.5,High,SUV,Diesel,1.97
2.4,6.1,23.5,High,Motorcycle,Petrol,0.3
13.1,24,32.7,Moderate,Hatchback,Petrol,2.47
14.6,21.2,41.3,Moderate,Motorcycle,Petrol,1.44
18,37.1,29.1,High,Hatchback,Petrol,3.59
2.4,2.9,49.1,Low,Hatchback,Petrol,0.39
37.4,56.5,39.7,Moderate,Motorcycle,Petrol,3.98
4.2,12.9,19.5,High,Hatchback,Petrol,0.93
19.3,82.1,14.1,Severe,Hatchback,Petrol,5.85
18.8,168.4,6.7,Severe,Hatchback,Diesel,4.75
30.4,60.2,30.3,Moderate,Sedan,Petrol,6.8
5.2,10.2,30.6,Moderate,Sedan,Petrol,1.1
9.2,18.8,29.4,High,Motorcycle,Petrol,1.11
12,18,40.1,Moderate,Motorcycle,Petrol,1.15
18.1,201.1,5.4,Severe,Sedan,Diesel,5.61
17.9,41.1,26.1,High,Hatchback,Petrol,3.71
28.2,38.9,43.5,Moderate,SUV,Petrol,7.92
14.1,23.8,35.6,Moderate,Motorcycle,Petrol,1.5
7.4,17.7,25.1,High,Sedan,Diesel,1.58
3.1,16.2,11.5,Severe,Sedan,Petrol,1.09
25.2,102.2,14.8,Severe,Hatchback,Petrol,7.4
18.5,24.8,44.7,Moderate,SUV,Diesel,4.43
33.2,191.5,10.4,Severe,Sedan,Petrol,11.15
19.4,46,25.3,High,SUV,Petrol,6.5
25.6,150.6,10.2,Severe,SUV,Petrol,11.88
8,8.8,54.6,Low,Sedan,Diesel,1.41
2,5.3,22.6,High,Hatchback,Petrol,0.44
41,58,42.4,Moderate,Sedan,Petrol,8.84
2.2,2.8,47.8,Low,SUV,Petrol,0.56
45.5,75.8,36,Moderate,SUV,Petrol,13.51
5.4,8.7,37.2,Moderate,Sedan,Petrol,1.18
4.6,5,55.5,Low,Motorcycle,Petrol,0.41
11,27.2,24.3,High,Hatchback,Diesel,2.21
2.3,3.2,43.6,Moderate,Sedan,Petrol,0.46
17.2,108.6,9.5,Severe,SUV,Petrol,8.5
4.5,9.7,27.8,High,Hatchback,Petrol,0.9
8.9,18.4,29,High,Sedan,Petrol,2.21
13.9,72.5,11.5,Severe,Hatchback,Petrol,4.11
19,35.2,32.4,Moderate,Hatchback,Petrol,3.37
8.7,10,52.3,Low,Hatchback,Diesel,1.26
31.6,39.7,47.7,Low,Hatchback,Diesel,4.58
5.6,11.7,28.7,High,Hatchback,Petrol,1.2
28.4,48,35.5,Moderate,SUV,Petrol,8.55
16.3,18.8,52.1,Low,Hatchback,Petrol,2.59
4.1,28.6,8.6,Severe,Sedan,Diesel,1.31
21.8,24.4,53.6,Low,SUV,Petrol,5.95
4.1,4.3,56.8,Low,Hatchback,Petrol,0.66
3.2,3.5,55.5,Low,Hatchback,Petrol,0.53
7.3,14.6,30.1,Moderate,Motorcycle,Petrol,0.73
32.9,110.9,17.8,High,Sedan,Petrol,8.63
7.1,10.1,42.1,Moderate,Hatchback,Petrol,1.25
21,28.1,44.8,Moderate,Sedan,Petrol,4.5
25.4,45,33.9,Moderate,Hatchback,Petrol,4.87
10.3,21.3,29,High,Hatchback,Petrol,2.24
11.3,25.2,26.9,High,Motorcycle,Petrol,1.35
11.6,20.3,34.3,Moderate,SUV,Petrol,3.32
2.7,9.4,17.2,High,Sedan,Petrol,0.73
18.1,135.8,8,Severe,Sedan,Petrol,6.11
27.7,38.6,43.1,Moderate,SUV,Diesel,6.99
16.6,26.9,37,Moderate,Hatchback,Petrol,3.02
16.3,28.8,34,Moderate,Hatchback,Petrol,3.02
9.2,51.6,10.7,Severe,Hatchback,Petrol,2.75
14.1,23.2,36.4,Moderate,SUV,Diesel,3.72
8.2,12.2,40.3,Moderate,Hatchback,Petrol,1.42
15.8,17,55.9,Low,Motorcycle,Petrol,1.44
8.3,28.1,17.7,High,Sedan,Petrol,2.21
12.7,20,38.1,Moderate,Hatchback,Petrol,2.29
55.3,663.6,5,Severe,Hatchback,Diesel,14.63
19.9,34.9,34.2,Moderate,Sedan,Petrol,4.17
9.9,16,37.1,Moderate,Hatchback,Petrol,1.77
8.4,8.7,57.7,Low,Hatchback,Petrol,1.31
19.3,64,18.1,High,Motorcycle,Petrol,2.51
4.7,14.7,19.2,High,Sedan,Petrol,1.3
12.7,17.9,42.6,Moderate,Hatchback,Petrol,2.19
8.4,28,18,High,Sedan,Diesel,1.97
19.8,31.8,37.3,Moderate,Hatchback,Diesel,3.11
11.7,14.5,48.3,Low,Hatchback,Petrol,1.84
16,28.9,33.2,Moderate,Hatchback,Petrol,3.02
7.9,12.1,39.2,Moderate,Hatchback,Petrol,1.43
27.4,71.8,22.9,High,Hatchback,Petrol,6.37
29.1,43,40.6,Moderate,Sedan,Diesel,5.38
12.1,20.1,36.1,Moderate,Hatchback,Petrol,2.18
14.7,14.9,59,Low,Hatchback,Diesel,2.05
25.8,43.4,35.7,Moderate,Sedan,Diesel,5.27
4,6.8,35.5,Moderate,Motorcycle,Petrol,0.41
8.8,22,24,High,SUV,Diesel,2.92
8.1,8.3,58.7,Low,Hatchback,Diesel,1.08
9.5,16.6,34.4,Moderate,Motorcycle,Petrol,0.97
23.4,37.1,37.8,Moderate,Hatchback,Petrol,4.13
17.8,74.2,14.4,Severe,Hatchback,Petrol,5.39
23.5,78.8,17.9,High,SUV,Petrol,8.43
22.7,26.2,51.9,Low,SUV,Diesel,4.82
23.7,24.6,57.8,Low,SUV,Petrol,5.87
10.6,13.9,45.7,Low,Hatchback,Petrol,1.76
28.6,50.9,33.7,Moderate,Hatchback,Petrol,5.15
17.5,20.7,50.7,Low,Hatchback,Petrol,2.88
14,23.3,36.1,Moderate,Sedan,Diesel,2.87
6.8,15.6,26.2,High,SUV,Petrol,2.3
15,49.7,18.1,High,Sedan,Petrol,4.01
14.1,23.8,35.6,Moderate,Hatchback,Petrol,2.48
7.1,7.3,58,Low,SUV,Diesel,1.59
4,5,48.4,Low,Sedan,Petrol,0.76
18.8,31.2,36.2,Moderate,Hatchback,Diesel,3.16
24.4,28.2,52,Low,Hatchback,Diesel,3.39
13.5,21.8,37.2,Moderate,Motorcycle,Petrol,1.46
13.5,13.8,58.8,Low,Hatchback,Diesel,1.82
12.7,15.8,48.3,Low,Sedan,Petrol,2.39
14.6,45.4,19.3,High,Hatchback,Petrol,3.23
5.9,22.8,15.5,High,SUV,Diesel,1.88
9.7,66.1,8.8,Severe,SUV,Petrol,4.67
3.1,31.5,5.9,Severe,Hatchback,Petrol,0.86
9.6,10.8,53.5,Low,Sedan,Diesel,1.58
12.6,151.2,5,Severe,Hatchback,Diesel,3.12
10.7,14.4,44.7,Moderate,Motorcycle,Petrol,1.06
5.7,14.1,24.3,High,Motorcycle,Petrol,0.76
41.5,57.5,43.3,Moderate,SUV,Petrol,12.06
16.7,42.1,23.8,High,SUV,Diesel,5.43
8.5,15,34.1,Moderate,Motorcycle,Petrol,0.87
59.8,66.6,53.9,Low,SUV,Petrol,16.05
18.4,24.9,44.3,Moderate,Sedan,Petrol,3.69
13.6,38.3,21.3,High,Hatchback,Petrol,3.02
19.3,23.3,49.7,Low,Motorcycle,Petrol,1.73
22.3,43.9,30.5,Moderate,Motorcycle,Petrol,2.23
9,12.2,44.4,Moderate,Sedan,Petrol,1.95
6.9,8.7,47.4,Low,Hatchback,Petrol,1.06
8.4,9.5,53.1,Low,Sedan,Petrol,1.67
29.7,356.4,5,Severe,Hatchback,Petrol,9.03
7.5,22.1,20.4,High,Sedan,Petrol,2.13
2.3,3.1,44.8,Moderate,Sedan,Diesel,0.42
5.1,50.2,6.1,Severe,Sedan,Petrol,1.76
24.3,27,54.1,Low,Hatchback,Petrol,3.97
6.9,26.7,15.5,High,Motorcycle,Petrol,0.91
18.1,28.9,37.6,Moderate,Hatchback,Diesel,2.9
23.5,174.1,8.1,Severe,Hatchback,Petrol,6.58
2.6,4.9,31.8,Moderate,Hatchback,Petrol,0.46
8.2,20.8,23.7,High,SUV,Petrol,2.95
19.4,30,38.8,Moderate,Motorcycle,Petrol,1.96
10.3,12.9,47.9,Low,Hatchback,Petrol,1.71
3.5,5.3,39.9,Moderate,Hatchback,Diesel,0.56
4.6,30,9.2,Severe,Hatchback,Diesel,1.18
10.1,20.7,29.3,High,Sedan,Petrol,2.64
9.1,14,39.1,Moderate,Motorcycle,Petrol,0.98
14.2,34.8,24.5,High,SUV,Diesel,4.43
5.9,15.7,22.5,High,Hatchback,Petrol,1.38
15,20.8,43.3,Moderate,Motorcycle,Petrol,1.5
14.3,66,13,Severe,Sedan,Diesel,4.43
17.6,21.1,50,Low,Sedan,Petrol,3.44
18.8,80,14.1,Severe,Sedan,Petrol,6.35
14.5,21.9,39.8,Moderate,Hatchback,Petrol,2.79
4.1,8,30.6,Moderate,Motorcycle,Petrol,0.42
5.4,24.9,13,Severe,Hatchback,Diesel,1.38
6,27.9,12.9,Severe,Sedan,Petrol,2.09
9.9,14.9,39.9,Moderate,Hatchback,Petrol,1.78
49,77,38.2,Moderate,Hatchback,Diesel,7.59
19.5,24.9,46.9,Low,SUV,Petrol,5.15
14.2,121.7,7,Severe,Hatchback,Petrol,4.3
6.3,12.2,31,Moderate,Motorcycle,Petrol,0.68
20,28.8,41.7,Moderate,SUV,Diesel,5.07
5.6,5.9,56.5,Low,SUV,Petrol,1.4
12.8,13.5,56.8,Low,Hatchback,Petrol,1.98
30.9,165.5,11.2,Severe,Motorcycle,Petrol,5.17
39.1,62.1,37.8,Moderate,SUV,Petrol,12.32
13.5,22.6,35.8,Moderate,SUV,Petrol,4.06
23.2,25.5,54.6,Low,SUV,Diesel,4.88
40.7,85.1,28.7,High,Sedan,Diesel,8.98
12,13.9,51.8,Low,Hatchback,Petrol,2.01
29.7,41.8,42.6,Moderate,Motorcycle,Petrol,3.05
8.7,13.6,38.4,Moderate,Hatchback,Petrol,1.61
53.1,80.9,39.4,Moderate,Hatchback,Diesel,8.43
8.6,12,42.9,Moderate,Hatchback,Petrol,1.58
4.1,7.6,32.3,Moderate,Hatchback,Petrol,0.73
10.8,18.8,34.5,Moderate,Hatchback,Diesel,1.72
18.7,102,11,Severe,Motorcycle,Petrol,3.01
4.1,5.7,43.3,Moderate,Hatchback,Petrol,0.74
4.2,10.8,23.3,High,Sedan,Diesel,1.06
15.8,48.6,19.5,High,Sedan,Petrol,4.49
10.4,67.8,9.2,Severe,SUV,Petrol,4.68
9.6,18.2,31.6,Moderate,Sedan,Petrol,2.08
12.6,19.7,38.4,Moderate,SUV,Petrol,3.66
15.7,38.4,24.5,High,Hatchback,Petrol,3.69
9.7,25.8,22.6,High,Motorcycle,Petrol,1.19
12.7,28.6,26.6,High,Hatchback,Petrol,2.55
7.3,8.3,52.9,Low,Hatchback,Petrol,1.18
24.3,34.1,42.8,Moderate,Hatchback,Petrol,4.34
19.8,36.1,32.9,Moderate,Hatchback,Petrol,3.54
11.2,39.5,17,High,Hatchback,Diesel,2.31
16.8,20.9,48.3,Low,Motorcycle,Petrol,1.52
17.2,67.9,15.2,High,Hatchback,Petrol,3.82
17.9,54,19.9,High,Sedan,Diesel,4.45
3.6,11.9,18.1,High,Hatchback,Diesel,0.75
14.9,95.1,9.4,Severe,Hatchback,Petrol,4.17
18.3,47.9,22.9,High,Hatchback,Petrol,4.12
3.4,9.2,22.1,High,SUV,Petrol,1.26
3.8,5.3,43,Moderate,SUV,Diesel,0.9
14.4,15.2,56.7,Low,Sedan,Petrol,2.87
16.4,20.1,49,Low,Hatchback,Petrol,2.52
27.7,46,36.1,Moderate,Hatchback,Diesel,4.3
23.8,32.2,44.4,Moderate,Motorcycle,Petrol,2.44
19.2,101.9,11.3,Severe,Motorcycle,Petrol,2.98
43.2,111.2,23.3,High,Sedan,Petrol,11.44
4.5,14.4,18.8,High,SUV,Petrol,1.7
19.6,33.2,35.4,Moderate,Hatchback,Petrol,3.76
8.9,12.9,41.4,Moderate,Sedan,Petrol,1.85
16.9,17.4,58.4,Low,Hatchback,Diesel,2.3
10,10.9,55.2,Low,Motorcycle,Petrol,0.89
7.9,15,31.5,Moderate,Hatchback,Diesel,1.27
51.1,108,28.4,High,Hatchback,Diesel,9.49
4,5.8,41.2,Moderate,Motorcycle,Petrol,0.39
12.8,13.6,56.4,Low,SUV,Diesel,2.81
54.9,199.6,16.5,High,Sedan,Petrol,15.11
7.6,36.5,12.5,Severe,Sedan,Petrol,2.68
49.3,165.3,17.9,High,SUV,Petrol,17.59
8.6,10.4,49.4,Low,Hatchback,Petrol,1.39
7.8,22.8,20.5,High,SUV,Diesel,2.55
7.5,25.9,17.4,High,Hatchback,Petrol,1.64
8.7,16.7,31.3,Moderate,Hatchback,Petrol,1.59
7.6,8.2,55.7,Low,SUV,Diesel,1.68
28.9,159.1,10.9,Severe,Hatchback,Petrol,8.66
16.6,27.1,36.7,Moderate,Hatchback,Diesel,2.67
6.9,31.8,13,Severe,SUV,Petrol,3.19
14.6,16.3,53.7,Low,SUV,Petrol,3.63
15.3,39.2,23.4,High,Hatchback,Petrol,3.59
20.8,21.5,58.1,Low,SUV,Petrol,5.17
28.2,31.9,53.1,Low,Hatchback,Petrol,4.33
6.4,24.5,15.7,High,Sedan,Diesel,1.51
17,21.6,47.2,Low,Sedan,Petrol,3.27
8.1,12.1,40.2,Moderate,Motorcycle,Petrol,0.79
2.1,2.3,55,Low,Hatchback,Diesel,0.28
8.1,20.4,23.8,High,Hatchback,Petrol,1.95
8.3,14,35.6,Moderate,SUV,Diesel,2.13
19.9,29.8,40.1,Moderate,SUV,Petrol,5.57
3.3,6.1,32.2,Moderate,SUV,Petrol,0.97
17.7,18.5,57.4,Low,Hatchback,Petrol,2.7
2.3,4.5,30.4,Moderate,Sedan,Petrol,0.49
4.8,8.1,35.4,Moderate,Sedan,Petrol,1.04
12.4,15.2,49,Low,Hatchback,Petrol,2.02
8.6,25,20.6,High,Hatchback,Diesel,1.75
3.7,5.2,42.8,Moderate,Sedan,Petrol,0.8
7,14.4,29.1,High,Motorcycle,Petrol,0.8
4.1,5.3,46.8,Low,Hatchback,Diesel,0.55
15.3,16.9,54.4,Low,Hatchback,Diesel,2.07
27.5,161.8,10.2,Severe,Hatchback,Diesel,7
4.1,5.3,46,Low,SUV,Petrol,1.04
6.6,15.2,26,High,Sedan,Petrol,1.6
7.7,11.3,40.9,Moderate,Sedan,Petrol,1.58
10.8,23.7,27.3,High,Hatchback,Diesel,1.96
8,17.1,28,High,Hatchback,Petrol,1.63
13.4,41.4,19.4,High,Motorcycle,Petrol,1.8
2.7,4.5,36.2,Moderate,Hatchback,Petrol,0.5
27.6,130.4,12.7,Severe,SUV,Petrol,13.08
11.8,85.3,8.3,Severe,Motorcycle,Petrol,1.92
20.9,80.4,15.6,High,SUV,Petrol,8.09
9.3,13.4,41.5,Moderate,Hatchback,Diesel,1.4
7.7,13.9,33.3,Moderate,Hatchback,Petrol,1.37
15.3,34.3,26.8,High,Sedan,Petrol,3.7
16.3,20.2,48.3,Low,Sedan,Petrol,3.01
32.8,67.2,29.3,High,Motorcycle,Petrol,3.92
17.6,29.5,35.8,Moderate,Sedan,Petrol,3.83
18.6,73.4,15.2,High,Hatchback,Diesel,3.93
2.9,10.4,16.7,High,Hatchback,Petrol,0.7
5,7.4,40.5,Moderate,Hatchback,Petrol,0.92
7.8,15.6,30,Moderate,Sedan,Petrol,1.69
11.3,13.6,49.7,Low,Hatchback,Petrol,1.81
12.9,23.2,33.4,Moderate,Hatchback,Petrol,2.46
17.6,32.4,32.6,Moderate,SUV,Diesel,4.52
10.7,18.3,35,Moderate,Sedan,Petrol,2.45
18.6,29.5,37.8,Moderate,Sedan,Diesel,3.77
17.8,28.6,37.4,Moderate,Hatchback,Petrol,3.39
7.5,9.6,46.9,Low,SUV,Petrol,1.86
9.9,18,33,Moderate,Hatchback,Diesel,1.53
20.4,23.6,51.8,Low,Hatchback,Diesel,2.74
3.7,10.9,20.3,High,SUV,Petrol,1.34
14.9,41.8,21.4,High,Sedan,Diesel,3.69
55.8,75.4,44.4,Moderate,Hatchback,Petrol,9.87
19.9,59.4,20.1,High,Hatchback,Diesel,4.17
15.3,27.7,33.2,Moderate,Sedan,Petrol,3.23
5,19.6,15.3,High,SUV,Petrol,1.96
10.6,16.5,38.6,Moderate,Motorcycle,Petrol,1.13
12.6,36,21,High,Sedan,Petrol,3.59
7,15,28,High,SUV,Diesel,2.05
17.5,39.8,26.4,High,Motorcycle,Petrol,1.98
11.5,29.1,23.7,High,Sedan,Petrol,3.03
12.9,27.3,28.3,High,Sedan,Diesel,2.98
57.3,59.7,57.6,Low,SUV,Petrol,15.32
14.3,19.3,44.4,Moderate,Hatchback,Petrol,2.4
11.6,31.8,21.9,High,Sedan,Diesel,2.87
3.7,4.9,44.9,Moderate,Hatchback,Petrol,0.64
19.1,40.2,28.5,High,Sedan,Diesel,4.29
8.6,17.2,30,Moderate,Hatchback,Petrol,1.62
57.6,94.7,36.5,Moderate,Hatchback,Diesel,9.58
8.1,15.1,32.2,Moderate,SUV,Petrol,2.44
13.4,27.8,28.9,High,Hatchback,Petrol,2.9
8.6,19.5,26.5,High,SUV,Petrol,2.89
21.8,49,26.7,High,Hatchback,Petrol,4.62
18.5,25.5,43.5,Moderate,Motorcycle,Petrol,1.89
8,8.7,55,Low,Sedan,Petrol,1.58
10,10.1,59.7,Low,Hatchback,Petrol,1.53
6.9,15.2,27.3,High,Hatchback,Diesel,1.25
7.2,7.9,54.4,Low,Hatchback,Diesel,0.96
3.4,11.4,17.9,High,Sedan,Petrol,0.92
7.8,13.7,34.2,Moderate,Hatchback,Petrol,1.43
3.3,9.1,21.7,High,Hatchback,Petrol,0.79
16,25.1,38.3,Moderate,Hatchback,Diesel,2.65
33.8,137,14.8,Severe,Sedan,Diesel,9.96
10.2,52.3,11.7,Severe,Hatchback,Diesel,2.51
10.9,11.1,59,Low,Hatchback,Diesel,1.48
26,35.5,43.9,Moderate,Sedan,Petrol,5.7
30.2,38.1,47.5,Low,Hatchback,Petrol,4.79
34.7,56.3,37,Moderate,Sedan,Diesel,6.73
5.6,14.5,23.2,High,Hatchback,Petrol,1.32
6.6,6.8,58,Low,Hatchback,Petrol,1.09
4.3,5,51.8,Low,SUV,Diesel,0.94
19.3,93.4,12.4,Severe,Sedan,Petrol,6.92
8.7,18.5,28.2,High,Motorcycle,Petrol,1.04
21.5,24.4,52.8,Low,Motorcycle,Petrol,1.87
17.3,25.3,41,Moderate,Sedan,Petrol,3.59
33.1,46.1,43.1,Moderate,SUV,Petrol,9.64
2.2,3.2,41.3,Moderate,Motorcycle,Petrol,0.21
15.9,44.6,21.4,High,SUV,Diesel,5.01
14,113.5,7.4,Severe,Sedan,Diesel,4.16
13.7,15.5,53.1,Low,Hatchback,Diesel,1.86
13.3,13.3,59.9,Low,SUV,Diesel,2.78
9.9,49.9,11.9,Severe,Sedan,Petrol,3.26
19.4,21.7,53.6,Low,Hatchback,Petrol,3.09
10.4,15,41.6,Moderate,Hatchback,Petrol,1.85
6.4,8.1,47.4,Low,Motorcycle,Petrol,0.55
2.3,5.3,25.9,High,SUV,Petrol,0.82
16.9,29.5,34.4,Moderate,Hatchback,Diesel,2.69
15.1,36.7,24.7,High,Hatchback,Petrol,3.49
18.1,90.5,12,Severe,Sedan,Petrol,6.03
26,47.4,32.9,Moderate,SUV,Diesel,6.29
12.7,25.8,29.5,High,Hatchback,Petrol,2.79
15.3,28.5,32.2,Moderate,Sedan,Diesel,3.01
11.5,34.8,19.8,High,Sedan,Petrol,3.22
15.3,61.2,15,High,Sedan,Diesel,3.85
7.6,18.2,25,High,Motorcycle,Petrol,0.92
7.8,12.7,36.8,Moderate,Hatchback,Diesel,1.22
22.6,48.8,27.8,High,Hatchback,Petrol,4.76
13.9,14.5,57.4,Low,Sedan,Petrol,2.57
52.1,112.9,27.7,High,SUV,Diesel,14.63
28.2,158.1,10.7,Severe,Hatchback,Petrol,7.98
19.2,20.4,56.4,Low,SUV,Diesel,4.09
25.8,231,6.7,Severe,Motorcycle,Petrol,4.09
13.4,31.8,25.3,High,Hatchback,Diesel,2.57
7.7,15.2,30.4,Moderate,Sedan,Petrol,1.77
28.4,34.2,49.8,Low,Sedan,Diesel,4.98
3.6,12.9,16.8,High,SUV,Petrol,1.36
21.7,34.9,37.3,Moderate,Hatchback,Petrol,4.09
12.7,13.2,57.6,Low,Hatchback,Petrol,2
13.3,25.3,31.6,Moderate,SUV,Petrol,4.15
27.1,71,22.9,High,Hatchback,Petrol,6.45
9.7,13.6,42.7,Moderate,SUV,Petrol,2.67
54.8,65.4,50.3,Low,Sedan,Petrol,10.88
6.7,13,30.9,Moderate,SUV,Petrol,2.01
3,7.9,22.9,High,Motorcycle,Petrol,0.38
3.1,4.4,42.1,Moderate,SUV,Petrol,0.85
8.2,11.7,41.9,Moderate,Sedan,Petrol,1.68
5.9,10.1,35.1,Moderate,SUV,Diesel,1.51
6.7,30.9,13,Severe,Hatchback,Diesel,1.72
3,12.8,14.1,Severe,Motorcycle,Petrol,0.5
4.7,4.9,57.8,Low,Motorcycle,Petrol,0.4
25.6,38.7,39.7,Moderate,Hatchback,Diesel,3.99
33.2,73.8,27,High,Motorcycle,Petrol,3.75
4.7,5.9,48.1,Low,Sedan,Petrol,0.86
4.4,11.5,22.9,High,Hatchback,Petrol,1.06
15,30.1,29.9,High,Hatchback,Petrol,3.19
9.6,33.5,17.2,High,Hatchback,Petrol,2.21
11.7,21.2,33.1,Moderate,Motorcycle,Petrol,1.22
22.6,32.1,42.2,Moderate,SUV,Petrol,6.18
3.1,12.3,15.1,High,Hatchback,Petrol,0.7
2.7,4.8,33.9,Moderate,Hatchback,Diesel,0.43
3.3,5.2,37.8,Moderate,Hatchback,Petrol,0.63
27.2,39.6,41.2,Moderate,Hatchback,Petrol,4.78
8.9,64.3,8.3,Severe,Sedan,Petrol,3.15
14.5,37.3,23.3,High,SUV,Petrol,5.45
5.5,6.3,52,Low,Hatchback,Diesel,0.75
17.3,89.5,11.6,Severe,Motorcycle,Petrol,2.95
24.9,27.9,53.6,Low,Sedan,Petrol,4.85
34.3,76.2,27,High,SUV,Petrol,11.87
6.4,11.8,32.5,Moderate,SUV,Diesel,1.58
18.9,29.6,38.3,Moderate,Hatchback,Petrol,3.49
17.4,57,18.3,High,SUV,Petrol,6.79
12.6,17.9,42.2,Moderate,SUV,Petrol,3.68
5.6,12,27.9,High,Sedan,Petrol,1.35
2.4,3.3,43.5,Moderate,Sedan,Petrol,0.5
5.9,17.8,19.9,High,Sedan,Petrol,1.68
3.2,7.3,26.3,High,Hatchback,Diesel,0.58
18.6,34.2,32.6,Moderate,Motorcycle,Petrol,1.89
16.1,70,13.8,Severe,Sedan,Petrol,5.58
3.7,8.7,25.6,High,Hatchback,Petrol,0.75
13.9,14.5,57.6,Low,SUV,Diesel,3.14
4.2,5.8,43.8,Moderate,Sedan,Diesel,0.81
11.1,11.6,57.5,Low,Hatchback,Petrol,1.82
33,41.9,47.2,Low,Sedan,Diesel,5.74
13.5,16.4,49.5,Low,Sedan,Diesel,2.35
6.9,9.2,45.1,Low,Sedan,Petrol,1.27
10.9,100.6,6.5,Severe,Hatchback,Petrol,3.05
2.9,6.8,25.5,High,Sedan,Petrol,0.73
6.8,25,16.3,High,Hatchback,Petrol,1.51
3,8.3,21.7,High,SUV,Diesel,0.99
19.3,21.3,54.3,Low,SUV,Petrol,5.05
4.7,7.1,39.9,Moderate,Sedan,Diesel,0.95
11,34.4,19.2,High,Hatchback,Petrol,2.6
16.3,19.5,50.1,Low,Hatchback,Diesel,2.39
4.3,4.5,57.6,Low,Sedan,Diesel,0.72
53,198.8,16,High,SUV,Diesel,17.27
7.3,13.7,31.9,Moderate,SUV,Petrol,2.09
9.8,12,49.1,Low,Sedan,Petrol,1.83
4.5,38,7.1,Severe,Hatchback,Diesel,1.19
10.3,43.2,14.3,Severe,Sedan,Petrol,3.43
6,6.7,54,Low,Hatchback,Diesel,0.88
8.9,11,48.4,Low,Hatchback,Petrol,1.45
25.1,35,43,Moderate,SUV,Diesel,6.16
7.7,13.7,33.7,Moderate,Hatchback,Petrol,1.48
6,31.6,11.4,Severe,Hatchback,Diesel,1.49
5.5,11,30,High,Hatchback,Petrol,1.12
5.8,6,57.6,Low,Hatchback,Petrol,0.89
17.7,46.8,22.7,High,Hatchback,Petrol,4.24
15.5,18.2,51,Low,SUV,Petrol,3.89
15.4,21.9,42.2,Moderate,SUV,Petrol,4.25
7.8,39,12,Severe,Sedan,Petrol,2.56
12.5,22.5,33.4,Moderate,Hatchback,Petrol,2.4
6.2,10.8,34.5,Moderate,SUV,Petrol,1.9
6.5,7.4,53,Low,Sedan,Petrol,1.23
4,5.1,46.8,Low,Hatchback,Petrol,0.65
23,32.6,42.3,Moderate,Motorcycle,Petrol,2.26
5.5,7.8,42.3,Moderate,Hatchback,Petrol,0.97
30.5,60,30.5,Moderate,Motorcycle,Petrol,3.14
4.5,7,38.8,Moderate,SUV,Diesel,1.09
16.7,20.5,48.8,Low,Hatchback,Diesel,2.36
19.4,20.9,55.7,Low,SUV,Diesel,4.32
2,2.7,45,Moderate,Hatchback,Diesel,0.29
15,46.2,19.5,High,SUV,Diesel,4.95
6.8,35.8,11.4,Severe,Sedan,Petrol,2.36
18.1,28.4,38.3,Moderate,Hatchback,Petrol,3.31
3.7,7.2,30.7,Moderate,Sedan,Petrol,0.79
4.6,4.9,56.1,Low,Motorcycle,Petrol,0.42
15.8,63.2,15,Severe,Sedan,Petrol,5.11
22.5,30.1,44.8,Moderate,SUV,Petrol,6.41
18.2,33.5,32.6,Moderate,Hatchback,Petrol,3.25
10.3,25.3,24.4,High,Hatchback,Diesel,2.16
32,47.6,40.3,Moderate,SUV,Petrol,9.24
31.7,59.1,32.2,Moderate,Hatchback,Diesel,5.36
15.4,31.3,29.5,High,Motorcycle,Petrol,1.82
32.8,137.6,14.3,Severe,Motorcycle,Petrol,5.25
8.1,11.2,43.2,Moderate,Hatchback,Petrol,1.49
14.4,23.6,36.6,Moderate,Hatchback,Petrol,2.74
2.4,3.9,37.1,Moderate,Hatchback,Diesel,0.4
2.7,5.2,31.4,Moderate,Sedan,Petrol,0.57
30.1,43.1,41.9,Moderate,Sedan,Petrol,6.54
7.8,10.6,44.1,Moderate,SUV,Diesel,1.92
2.3,3.4,40.7,Moderate,Hatchback,Diesel,0.36
4.8,4.9,58.5,Low,Sedan,Petrol,0.89
30.4,52.1,35,Moderate,Hatchback,Petrol,5.86
18.6,45.4,24.6,High,Hatchback,Petrol,4.44
30.5,46.8,39.1,Moderate,Hatchback,Petrol,5.5
10.3,17.8,34.7,Moderate,Hatchback,Petrol,1.92
3.1,21.6,8.6,Severe,SUV,Diesel,1.22
11.3,17.6,38.6,Moderate,SUV,Petrol,3.41
15,31.9,28.2,High,Hatchback,Petrol,3.14
53.8,83.6,38.6,Moderate,Sedan,Petrol,11.29
3.7,9.3,23.8,High,SUV,Diesel,1.15
16,32,30,High,Motorcycle,Petrol,1.93
3.7,7.8,28.4,High,Hatchback,Diesel,0.65
6.5,7.8,50,Low,SUV,Petrol,1.63
24.2,45.1,32.2,Moderate,Hatchback,Petrol,4.39
3.5,6.9,30.4,Moderate,Sedan,Petrol,0.73
14.8,71,12.5,Severe,SUV,Petrol,6.81
17.5,45.3,23.2,High,Motorcycle,Petrol,2.32
26.9,51.2,31.5,Moderate,Hatchback,Petrol,4.98
54.7,135.1,24.3,High,Motorcycle,Petrol,7.17
28.2,73.2,23.1,High,SUV,Petrol,11.04
6.9,9.4,44,Moderate,Hatchback,Petrol,1.26
4.7,8.1,34.7,Moderate,SUV,Petrol,1.43
16.8,18.2,55.3,Low,Sedan,Petrol,3.25
7.6,14.7,31.1,Moderate,Hatchback,Diesel,1.18
28.1,62.2,27.1,High,Hatchback,Petrol,5.85
11.3,20,33.9,Moderate,Hatchback,Petrol,2.09
6.8,20.9,19.5,High,Hatchback,Petrol,1.58
4.3,7.2,35.6,Moderate,Motorcycle,Petrol,0.46
15.6,25,37.5,Moderate,Hatchback,Diesel,2.46
8.3,13.7,36.4,Moderate,Hatchback,Diesel,1.32
28.6,87.6,19.6,High,Hatchback,Petrol,6.76
20.4,21.1,57.9,Low,Hatchback,Diesel,2.96
18.5,21.6,51.3,Low,SUV,Petrol,4.76
6.9,13.4,30.8,Moderate,SUV,Diesel,1.69
3.4,4.6,44.4,Moderate,SUV,Petrol,1.01
14.7,21.3,41.5,Moderate,Sedan,Petrol,2.95
7.7,9.1,50.6,Low,Motorcycle,Petrol,0.69
48.3,80.9,35.8,Moderate,Hatchback,Diesel,8.18
5.8,9.7,35.9,Moderate,SUV,Diesel,1.42
22.6,30.7,44.1,Moderate,Sedan,Diesel,4.02
26.7,176,9.1,Severe,Hatchback,Petrol,7.98
7.8,85.1,5.5,Severe,Sedan,Petrol,2.76
12.3,19,38.8,Moderate,Hatchback,Diesel,1.9
19.7,57.7,20.5,High,Hatchback,Petrol,4.44
6.5,17.3,22.6,High,Motorcycle,Petrol,0.83
19.5,21.2,55.1,Low,Sedan,Petrol,3.66
13.4,16.8,48,Low,Motorcycle,Petrol,1.16
22.3,61.7,21.7,High,SUV,Petrol,8.53
52.1,114.9,27.2,High,Hatchback,Petrol,11.24
12.4,18.8,39.6,Moderate,SUV,Petrol,3.55
28.3,52.2,32.5,Moderate,Hatchback,Petrol,5.34
10.6,26.4,24.1,High,Hatchback,Petrol,2.33
7.1,7.9,54.1,Low,SUV,Petrol,1.89
11.4,37.2,18.4,High,SUV,Diesel,3.43
32.9,75.6,26.1,High,Sedan,Diesel,7.26
12.9,57.8,13.4,Severe,Hatchback,Petrol,3.65
34.3,56.5,36.4,Moderate,SUV,Petrol,10.34
2.5,8.2,18.3,High,SUV,Petrol,0.89
17.6,42.2,25,High,Hatchback,Petrol,3.57
15,32,28.1,High,SUV,Diesel,4.36
6.7,12.4,32.3,Moderate,Motorcycle,Petrol,0.71
9.9,15.3,38.7,Moderate,Hatchback,Petrol,1.79
3.1,6.1,30.5,Moderate,Hatchback,Diesel,0.51
13.8,24.4,34,Moderate,Motorcycle,Petrol,1.48
15.9,19.7,48.5,Low,Sedan,Petrol,3.16
51.5,86.1,35.9,Moderate,SUV,Diesel,13.17
47.9,93.6,30.7,Moderate,Sedan,Diesel,9.09
8.5,10.5,48.5,Low,Motorcycle,Petrol,0.73
13.9,26.3,31.7,Moderate,Motorcycle,Petrol,1.45
16.7,23.9,42,Moderate,Sedan,Petrol,3.32
4.4,6.3,42,Moderate,Hatchback,Diesel,0.66
19.3,47.1,24.6,High,Hatchback,Petrol,4.24
14.2,30.6,27.8,High,Sedan,Petrol,3.47
28.8,64.2,26.9,High,Hatchback,Petrol,6.21
8.7,16,32.7,Moderate,Hatchback,Diesel,1.47
49.7,95.9,31.1,Moderate,Hatchback,Diesel,7.98
51.7,98.8,31.4,Moderate,Hatchback,Petrol,9.95
2.7,2.8,57.6,Low,Motorcycle,Petrol,0.24
8.5,16.2,31.5,Moderate,Sedan,Diesel,1.68
14.7,29.2,30.2,Moderate,SUV,Diesel,3.71
12.9,14.6,53,Low,Sedan,Petrol,2.37
17.8,28,38.1,Moderate,Sedan,Petrol,3.96
6.2,15.1,24.6,High,SUV,Petrol,2.21
26.4,37.1,42.7,Moderate,Sedan,Diesel,4.7
11.3,107.6,6.3,Severe,Motorcycle,Petrol,1.89
8.8,22.3,23.7,High,SUV,Petrol,3.13
48.8,49.5,59.2,Low,Motorcycle,Petrol,4.33
2.6,4.5,35,Moderate,Hatchback,Diesel,0.42
17.1,60,17.1,High,Hatchback,Petrol,4.04
7.4,19.1,23.3,High,Hatchback,Petrol,1.72
26.5,33.8,47.1,Low,Motorcycle,Petrol,2.35
14.5,30.9,28.2,High,Motorcycle,Petrol,1.67
12.7,13.3,57.3,Low,Hatchback,Petrol,2.03
24.8,88,16.9,High,SUV,Petrol,9.59
8.6,33.7,15.3,High,SUV,Petrol,3.18
33.5,45.4,44.3,Moderate,Sedan,Petrol,6.75
27.1,34.3,47.4,Low,Sedan,Petrol,5.26
10.1,11.5,52.8,Low,Motorcycle,Petrol,0.94
7.5,24.2,18.6,High,Hatchback,Petrol,1.71
33.9,98.7,20.6,High,Sedan,Petrol,9.12
17,172.9,5.9,Severe,Sedan,Diesel,5.3
33.3,34.9,57.2,Low,Hatchback,Petrol,5.1
31.2,44.3,42.3,Moderate,SUV,Petrol,8.99
2.3,2.7,51.5,Low,Hatchback,Petrol,0.38
7.6,77.3,5.9,Severe,Sedan,Diesel,2.36
4.3,15.1,17.1,High,Sedan,Petrol,1.19
18.7,35.1,32,Moderate,Hatchback,Diesel,3.1
7.9,36.7,12.9,Severe,Sedan,Petrol,2.71
32.2,33,58.5,Low,SUV,Petrol,8.17
4.8,7.3,39.2,Moderate,Hatchback,Petrol,0.88
9.8,22.7,25.9,High,Sedan,Petrol,2.54
9,10.2,52.9,Low,Sedan,Petrol,1.72
5.4,6.1,53.2,Low,Motorcycle,Petrol,0.51
34,53.4,38.2,Moderate,Motorcycle,Petrol,3.47
9.4,23,24.5,High,SUV,Petrol,3.39
4.7,7.7,36.7,Moderate,Hatchback,Petrol,0.86
13.5,22.5,36,Moderate,Hatchback,Petrol,2.58
15.4,22.3,41.5,Moderate,Hatchback,Petrol,2.76
16.7,35.4,28.3,High,Hatchback,Petrol,3.37
19.4,19.5,59.8,Low,Hatchback,Petrol,3.04
30.2,32.6,55.5,Low,Hatchback,Petrol,4.94
3.9,8.1,29,High,SUV,Petrol,1.29
2.7,3.1,51.6,Low,Hatchback,Diesel,0.38
20.9,24.4,51.3,Low,SUV,Diesel,4.4
3.7,12.5,17.7,High,Motorcycle,Petrol,0.5
16.9,25.7,39.5,Moderate,Sedan,Petrol,3.63
47.3,110.9,25.6,High,SUV,Petrol,16.22
30.6,51.7,35.5,Moderate,Hatchback,Petrol,5.8
2.1,2.8,44.4,Moderate,Sedan,Diesel,0.4
7.5,15,30,Moderate,Hatchback,Diesel,1.26
6.1,13.9,26.4,High,Hatchback,Petrol,1.3
34.3,245,8.4,Severe,Sedan,Diesel,11.05
8.1,13.7,35.6,Moderate,Sedan,Petrol,1.75
2.5,14,10.7,Severe,Sedan,Petrol,0.85
9.3,35.1,15.9,High,Sedan,Diesel,2.27
7.6,12.3,37.2,Moderate,Hatchback,Diesel,1.26
51.6,90.3,34.3,Moderate,Sedan,Diesel,10
2,3.4,35.7,Moderate,SUV,Petrol,0.59
7.1,26.5,16.1,High,Hatchback,Petrol,1.59
22.8,25.8,53.1,Low,Hatchback,Petrol,3.53
30.5,32.2,56.8,Low,Hatchback,Diesel,4.09
10.3,10.6,58.4,Low,Sedan,Diesel,1.73
8.1,11.1,43.7,Moderate,Sedan,Petrol,1.63
21.3,38.4,33.3,Moderate,Hatchback,Diesel,3.37
19.6,122.5,9.6,Severe,SUV,Diesel,7.86
46.3,99.6,27.9,High,Hatchback,Petrol,9.81
3.3,3.3,59.3,Low,Hatchback,Diesel,0.48
18.8,22.3,50.6,Low,Sedan,Petrol,3.56
10.2,20.4,30,Moderate,Sedan,Petrol,2.2
7.7,14.1,32.7,Moderate,Sedan,Diesel,1.45
17.3,20.6,50.3,Low,Motorcycle,Petrol,1.6
19.1,45.3,25.3,High,Sedan,Petrol,4.89
12.1,19,38.3,Moderate,Hatchback,Petrol,2.19
16.9,25,40.6,Moderate,Hatchback,Petrol,2.84
9.9,17.7,33.5,Moderate,Sedan,Diesel,1.96
6.4,8.7,44.1,Moderate,Sedan,Petrol,1.39
24.1,178.5,8.1,Severe,Hatchback,Petrol,7
8,10.5,45.8,Low,Sedan,Petrol,1.53
18.4,27.7,39.9,Moderate,Hatchback,Petrol,3.32
12.8,24,32,Moderate,SUV,Petrol,3.69
9.6,14.8,39,Moderate,Hatchback,Petrol,1.71
10.1,12.6,48.1,Low,Hatchback,Diesel,1.44
3,8,22.5,High,Motorcycle,Petrol,0.37
23.7,91.2,15.6,High,SUV,Petrol,8.5
2.4,4.4,33,Moderate,SUV,Diesel,0.6
12.3,33.7,21.9,High,Hatchback,Diesel,2.38
11.3,15,45.3,Low,Hatchback,Petrol,1.79
30.3,82.6,22,High,Hatchback,Petrol,7.22
8,15.1,31.8,Moderate,SUV,Petrol,2.48
18.2,21.5,50.8,Low,Hatchback,Petrol,3
2.9,4.6,37.5,Moderate,Hatchback,Petrol,0.53
32.6,203.8,9.6,Severe,SUV,Diesel,12.85
19.3,22,52.7,Low,Hatchback,Petrol,3.03
8.1,12.2,39.8,Moderate,Sedan,Petrol,1.86
16,19.8,48.4,Low,Sedan,Petrol,3.08
5.6,7.1,47.5,Low,Hatchback,Diesel,0.75
3.2,5.3,36.2,Moderate,Hatchback,Diesel,0.51
17,31.6,32.3,Moderate,SUV,Diesel,4.38
48.3,64.7,44.8,Moderate,Motorcycle,Petrol,4.84
19.3,23.8,48.6,Low,Hatchback,Diesel,2.59
16.8,30.5,33,Moderate,Hatchback,Petrol,2.99
59.7,243.7,14.7,Severe,Hatchback,Petrol,16.55
12.2,22.2,33,Moderate,SUV,Diesel,3.02
8.7,22.8,22.9,High,Sedan,Petrol,2.43
5.7,11.9,28.7,High,Sedan,Petrol,1.4
15.9,35.3,27,High,Hatchback,Diesel,3.04
19.5,34.8,33.6,Moderate,Hatchback,Petrol,3.73
9.4,15,37.5,Moderate,Motorcycle,Petrol,0.93
4.2,5,50.1,Low,Hatchback,Petrol,0.7
19.3,81.5,14.2,Severe,Hatchback,Petrol,5.51
16,21.8,44.1,Moderate,Sedan,Petrol,3.46
8.8,14.3,36.8,Moderate,Motorcycle,Petrol,0.88
7.7,60,7.7,Severe,Hatchback,Diesel,1.91
58.8,148.2,23.8,High,Hatchback,Diesel,12.36
24.5,42.5,34.6,Moderate,SUV,Petrol,7.41
8.2,11.1,44.4,Moderate,SUV,Petrol,2.35
11.2,50.9,13.2,Severe,Motorcycle,Petrol,1.76
4.9,9.4,31.4,Moderate,Motorcycle,Petrol,0.5
4.9,37.7,7.8,Severe,Motorcycle,Petrol,0.79
32,45,42.7,Moderate,SUV,Diesel,7.39
16.4,18,54.7,Low,SUV,Petrol,4.28
18.8,61.6,18.3,High,Sedan,Petrol,5.17
4.6,5.3,52,Low,Hatchback,Diesel,0.65
8.1,17.9,27.2,High,SUV,Diesel,2.24
25.5,61.4,24.9,High,Hatchback,Petrol,5.66
22.7,27.5,49.6,Low,Hatchback,Diesel,3.32
2.2,3,44.5,Moderate,SUV,Petrol,0.66
15.3,56.3,16.3,High,Motorcycle,Petrol,2.06
3.6,10.6,20.3,High,Hatchback,Diesel,0.7
16,17.2,55.9,Low,Motorcycle,Petrol,1.48
7.8,55.1,8.5,Severe,Motorcycle,Petrol,1.29
3.9,4.3,54.6,Low,SUV,Petrol,1.03
6.2,24.8,15,High,Hatchback,Petrol,1.45
32.5,106,18.4,High,Hatchback,Petrol,7.48
46.7,61.3,45.7,Low,Motorcycle,Petrol,4.01
6.9,24.6,16.8,High,Sedan,Petrol,1.95
2.8,5.2,32.3,Moderate,Hatchback,Petrol,0.54
40.6,206.4,11.8,Severe,Sedan,Petrol,13.41
30,83.7,21.5,High,SUV,Petrol,11.62
14.8,21.5,41.3,Moderate,Hatchback,Petrol,2.73
7.5,7.6,59.3,Low,Motorcycle,Petrol,0.68
17.5,23.3,45,Moderate,Hatchback,Diesel,2.79
17.2,40.8,25.3,High,Motorcycle,Petrol,1.97
45.1,64,42.3,Moderate,Sedan,Diesel,8.19
19,26.2,43.5,Moderate,SUV,Petrol,5.6
7.2,12.7,34.1,Moderate,SUV,Petrol,2.08
5.9,8.3,42.9,Moderate,Motorcycle,Petrol,0.6
13.2,14.4,54.9,Low,Hatchback,Petrol,2.09
8.3,27.1,18.4,High,SUV,Petrol,3.06
7.8,29.8,15.7,High,Hatchback,Petrol,1.85
29.9,49.3,36.4,Moderate,SUV,Petrol,9.04
25.1,49.7,30.3,Moderate,Motorcycle,Petrol,2.5
15.9,27.4,34.8,Moderate,Sedan,Petrol,3.38
10,12.3,48.8,Low,Sedan,Petrol,1.81
16.5,17.7,55.9,Low,Hatchback,Petrol,2.76
17.5,23.8,44.2,Moderate,Sedan,Petrol,3.71
6.5,11.7,33.2,Moderate,Hatchback,Petrol,1.2
6.8,24,17,High,SUV,Diesel,2.05
52.4,305.2,10.3,Severe,Sedan,Petrol,17.78
34,172.9,11.8,Severe,Motorcycle,Petrol,5.66
2.9,3.1,56.5,Low,Hatchback,Petrol,0.49
17.9,60.7,17.7,High,Hatchback,Petrol,3.96
8.7,23.4,22.3,High,Hatchback,Diesel,1.76
19.2,28.3,40.7,Moderate,Hatchback,Petrol,3.4
4.5,12.6,21.5,High,Sedan,Petrol,1.24
33.3,34.9,57.2,Low,Hatchback,Petrol,5.43
8.9,10.5,51.1,Low,Hatchback,Diesel,1.24
7.9,44.3,10.7,Severe,Sedan,Diesel,2.42
7.1,24.9,17.1,High,SUV,Petrol,2.58
15.9,53.9,17.7,High,Hatchback,Petrol,3.53
3.7,5,44.8,Moderate,Motorcycle,Petrol,0.37
29.3,45.7,38.5,Moderate,Hatchback,Petrol,5.64
5.5,9.4,35,Moderate,Hatchback,Diesel,0.93
13.1,25.3,31.1,Moderate,Motorcycle,Petrol,1.38
9.4,13.7,41.3,Moderate,Hatchback,Diesel,1.5
5.6,7.8,43.2,Moderate,Motorcycle,Petrol,0.54
16.8,43.1,23.4,High,Hatchback,Petrol,3.8
6.8,9.3,44,Moderate,Motorcycle,Petrol,0.68
17.7,24.8,42.9,Moderate,Hatchback,Petrol,2.99
9.2,17.3,31.9,Moderate,SUV,Petrol,2.76
4.6,12.1,22.8,High,Hatchback,Petrol,1.09
5.8,8.1,42.9,Moderate,Hatchback,Petrol,0.97
5.5,7.5,43.9,Moderate,Hatchback,Petrol,0.97
22.1,65.3,20.3,High,Hatchback,Petrol,5.2
18.6,48.7,22.9,High,Sedan,Petrol,5.12
18.4,104.2,10.6,Severe,Sedan,Diesel,5.91
19.4,32.9,35.4,Moderate,Hatchback,Petrol,3.52
2.7,4.3,38.1,Moderate,Hatchback,Diesel,0.43
8.6,9.4,55.1,Low,Hatchback,Diesel,1.17
11.8,17.8,39.8,Moderate,Hatchback,Petrol,2.17
15,33.3,27,High,Hatchback,Diesel,2.85
8.3,43.3,11.5,Severe,SUV,Diesel,3.33
8,73.8,6.5,Severe,SUV,Petrol,3.83
18.9,23.1,49,Low,Motorcycle,Petrol,1.67
20.9,29.9,41.9,Moderate,SUV,Diesel,4.89
29.1,48.6,35.9,Moderate,Hatchback,Diesel,4.81
17.6,22.5,47,Low,Motorcycle,Petrol,1.6
3.1,3.6,51,Low,Motorcycle,Petrol,0.27
23.4,41.5,33.8,Moderate,Sedan,Petrol,5.23
14.3,19.5,44,Moderate,Hatchback,Diesel,2.12
16.1,49,19.7,High,Motorcycle,Petrol,1.99
5,5.1,59.1,Low,Hatchback,Petrol,0.81
18.2,24.1,45.4,Low,Hatchback,Diesel,2.62
6.3,8.6,44.2,Moderate,SUV,Diesel,1.57
20.2,37.4,32.4,Moderate,Hatchback,Diesel,3.2
20.9,48.6,25.8,High,Motorcycle,Petrol,2.41
26.9,97.8,16.5,High,Motorcycle,Petrol,3.53
13.2,25.1,31.6,Moderate,SUV,Petrol,4.11
20.8,32.8,38.1,Moderate,Sedan,Diesel,3.94
16.3,22.7,43.1,Moderate,Hatchback,Petrol,2.9
28.8,83.1,20.8,High,SUV,Petrol,10.5
17.4,105.5,9.9,Severe,Sedan,Petrol,6.15
3.5,4.5,46.3,Low,Hatchback,Petrol,0.59
7.6,43.4,10.5,Severe,SUV,Diesel,2.89
34.6,35.9,57.8,Low,Motorcycle,Petrol,3.11
18,98.2,11,Severe,Hatchback,Petrol,5.28
4.8,7,41,Moderate,Motorcycle,Petrol,0.46
3.4,14.1,14.5,Severe,SUV,Petrol,1.61
2.2,7.7,17.2,High,Hatchback,Petrol,0.52
12.6,36.5,20.7,High,Motorcycle,Petrol,1.7
10,18.2,32.9,Moderate,Motorcycle,Petrol,1.02
9.2,10.5,52.5,Low,Sedan,Petrol,1.76
4.2,5.3,47.5,Low,Motorcycle,Petrol,0.38
6.1,9.3,39.2,Moderate,Motorcycle,Petrol,0.61
15,31.5,28.6,High,Hatchback,Petrol,3.06
29,51.9,33.5,Moderate,Hatchback,Diesel,4.68
11.6,21.5,32.3,Moderate,Sedan,Diesel,2.24
8.5,9.3,54.8,Low,Sedan,Diesel,1.39
2.6,10.7,14.6,Severe,SUV,Petrol,1.18
8.1,23.1,21,High,Sedan,Petrol,2.26
5.3,12.3,25.8,High,SUV,Diesel,1.46
4.7,7.5,37.7,Moderate,Sedan,Petrol,0.99
2.9,6.6,26.4,High,Hatchback,Petrol,0.61
30.6,32,57.3,Low,Hatchback,Diesel,4.11
31.7,55.3,34.4,Moderate,SUV,Diesel,8.23
18.7,29.5,38,Moderate,Motorcycle,Petrol,1.9
8.1,9.7,49.9,Low,Sedan,Petrol,1.51
3.1,12.4,15,High,SUV,Petrol,1.21
27.5,74.3,22.2,High,SUV,Petrol,10.56
50.9,70.9,43.1,Moderate,SUV,Diesel,11.85
3,5.5,32.7,Moderate,Sedan,Diesel,0.59
2.6,3.1,49.6,Low,Hatchback,Petrol,0.42
18,19.3,56,Low,Motorcycle,Petrol,1.69
18.6,68,16.4,High,Motorcycle,Petrol,2.39
26.1,52.7,29.7,High,Hatchback,Diesel,4.6
7.6,8.6,53.2,Low,Hatchback,Diesel,1.06
7.5,10,45,Low,Hatchback,Diesel,1.08
11.9,16.6,43.1,Moderate,Hatchback,Petrol,2.06
4,7.2,33.5,Moderate,SUV,Diesel,1.02
5.3,18.1,17.6,High,SUV,Diesel,1.6
15.3,21.7,42.3,Moderate,SUV,Diesel,3.84
6.4,13.6,28.2,High,Sedan,Diesel,1.45
23.1,65.7,21.1,High,SUV,Petrol,8.75
34.5,165.6,12.5,Severe,SUV,Petrol,16.18
6.4,63,6.1,Severe,Motorcycle,Petrol,1.01
17.9,32.2,33.4,Moderate,Sedan,Petrol,3.94
19.7,36,32.8,Moderate,SUV,Diesel,4.79
17.1,35.3,29.1,High,Hatchback,Diesel,3.14
7.2,11,39.4,Moderate,Hatchback,Petrol,1.26
28.1,30.8,54.8,Low,Hatchback,Diesel,3.98
14.4,23.4,36.9,Moderate,Sedan,Petrol,3.31
8.8,22.9,23.1,High,Hatchback,Diesel,1.71
19.9,69,17.3,High,Hatchback,Petrol,4.78
5.1,5.3,58,Low,Sedan,Petrol,0.95
6.9,9.5,43.4,Moderate,Hatchback,Petrol,1.23
16.3,18.9,51.7,Low,Hatchback,Petrol,2.7
4.1,5.9,41.5,Moderate,Sedan,Petrol,0.9
5.5,14.8,22.3,High,Sedan,Petrol,1.52
7.4,12.6,35.3,Moderate,Sedan,Petrol,1.61
6.1,13.6,27,High,SUV,Petrol,2.07
5.7,40.7,8.4,Severe,Hatchback,Petrol,1.7
5,13,23,High,Hatchback,Petrol,1.18
7.1,15.2,28.1,High,Hatchback,Petrol,1.54
39.1,45.2,51.9,Low,Hatchback,Petrol,6.32
8.7,9.8,53,Low,Hatchback,Petrol,1.43
9,16.5,32.8,Moderate,SUV,Petrol,2.7
15.4,23.8,38.9,Moderate,Sedan,Diesel,3.1
4.8,38.9,7.4,Severe,Hatchback,Diesel,1.25
20.7,30.9,40.2,Moderate,SUV,Diesel,4.96
18.7,28.3,39.7,Moderate,Hatchback,Diesel,2.98
6.5,21.8,17.9,High,Sedan,Petrol,1.84
45.8,73.3,37.5,Moderate,Sedan,Diesel,8.56
5.8,8.8,39.6,Moderate,Hatchback,Petrol,1.1
9.1,11.3,48.5,Low,Motorcycle,Petrol,0.8
38.3,75.1,30.6,Moderate,Sedan,Diesel,7.86
19.3,56.2,20.6,High,Hatchback,Petrol,4.28
11.2,60.5,11.1,Severe,Sedan,Petrol,3.79
3.4,30,6.8,Severe,Sedan,Petrol,1.14
16.6,32.8,30.4,Moderate,Sedan,Petrol,3.6
16.8,25.8,39,Moderate,Sedan,Petrol,3.54
23.5,46.8,30.1,Moderate,SUV,Diesel,5.84
12.2,12.8,57.4,Low,Motorcycle,Petrol,1.05
13.9,28.6,29.2,High,Motorcycle,Petrol,1.57
14.7,77.4,11.4,Severe,Sedan,Petrol,4.89
15.4,27.4,33.7,Moderate,Hatchback,Petrol,2.9
11.7,20.3,34.6,Moderate,SUV,Petrol,3.59
5.2,37.6,8.3,Severe,Hatchback,Petrol,1.44
2.4,9.2,15.7,High,Hatchback,Petrol,0.55
5.8,14.1,24.6,High,Hatchback,Petrol,1.33
17.4,62.5,16.7,High,SUV,Petrol,6.41
8.4,15.3,33,Moderate,Hatchback,Diesel,1.32
5.9,10.6,33.3,Moderate,Hatchback,Petrol,1.04
16.9,25.5,39.7,Moderate,Motorcycle,Petrol,1.84
2.3,3.6,38,Moderate,Hatchback,Diesel,0.36
14.8,29.5,30.1,Moderate,SUV,Petrol,4.36
3.5,6.1,34.6,Moderate,Hatchback,Diesel,0.59
14.8,39.1,22.7,High,Hatchback,Petrol,3.27
5.8,8.1,43,Moderate,Sedan,Diesel,1.08
3.3,8.3,23.8,High,Hatchback,Petrol,0.74
6.7,9.3,43.3,Moderate,Sedan,Petrol,1.47
6.9,9.9,41.9,Moderate,SUV,Petrol,1.98
14.8,23.4,38,Moderate,Hatchback,Diesel,2.44
7.6,12.6,36.1,Moderate,Sedan,Diesel,1.44
4.2,19.7,12.8,Severe,Hatchback,Diesel,1.11
17.2,28.2,36.6,Moderate,Sedan,Diesel,3.49
24.9,74,20.2,High,Sedan,Diesel,6.23
20.8,24.2,51.6,Low,Sedan,Diesel,3.57
32.7,71.9,27.3,High,Hatchback,Petrol,6.96
26.8,35.6,45.2,Low,Hatchback,Petrol,4.2
58.1,130.1,26.8,High,SUV,Petrol,19.82
27.8,44,37.9,Moderate,Hatchback,Diesel,4.56
6,13,27.7,High,Hatchback,Petrol,1.23
47.3,83.2,34.1,Moderate,Motorcycle,Petrol,4.95
20.3,48.9,24.9,High,Motorcycle,Petrol,2.72
18.5,51.2,21.7,High,Sedan,Petrol,4.87
33.9,61.1,33.3,Moderate,SUV,Petrol,10.52
6,13.7,26.3,High,Sedan,Diesel,1.37
12,47.1,15.3,High,SUV,Petrol,4.37
10.1,58.8,10.3,Severe,Motorcycle,Petrol,1.73
7.2,13.6,31.8,Moderate,SUV,Petrol,2.07
18.3,39.5,27.8,High,SUV,Petrol,6.14
24.5,81.2,18.1,High,Hatchback,Petrol,5.75
15,25,36,Moderate,Motorcycle,Petrol,1.49
15.1,23.5,38.5,Moderate,Hatchback,Petrol,2.82
16.3,21.9,44.6,Moderate,Motorcycle,Petrol,1.67
4.9,30.9,9.5,Severe,Hatchback,Diesel,1.29
23.6,43.2,32.8,Moderate,Hatchback,Diesel,3.66
5.1,19.6,15.6,High,Hatchback,Petrol,1.14
14.6,37.8,23.2,High,Sedan,Diesel,3.52
9.3,14.8,37.8,Moderate,Hatchback,Petrol,1.64
14.1,18.2,46.6,Low,Motorcycle,Petrol,1.26
29.5,46.6,38,Moderate,SUV,Diesel,7.43
9.8,108.9,5.4,Severe,SUV,Petrol,4.45
35.2,41.2,51.3,Low,Sedan,Diesel,5.99
7.1,19.5,21.8,High,Sedan,Petrol,1.96
19.3,30,38.6,Moderate,Hatchback,Petrol,3.48
19.2,47.2,24.4,High,SUV,Petrol,6.94
17.6,26.9,39.2,Moderate,Sedan,Petrol,3.79
37.8,82.5,27.5,High,SUV,Petrol,13.41
5.9,8.2,43.3,Moderate,Hatchback,Diesel,0.94
59.6,135.5,26.4,High,SUV,Diesel,17.68
10.4,18.9,33.1,Moderate,Sedan,Petrol,2.18
15.5,22.6,41.2,Moderate,Motorcycle,Petrol,1.49
5.2,14.4,21.7,High,SUV,Petrol,1.99
16.2,16.4,59.3,Low,Hatchback,Diesel,2.35
39.7,50.7,47,Low,Hatchback,Petrol,6.06
7.2,7.4,58,Low,Motorcycle,Petrol,0.66
13.6,27.1,30.1,Moderate,SUV,Petrol,3.9
16.9,53.1,19.1,High,Sedan,Petrol,4.56
18.4,69.4,15.9,High,Sedan,Petrol,4.82
11.4,29.5,23.2,High,Sedan,Petrol,3.19
17.4,76.2,13.7,Severe,Sedan,Petrol,5.8
6,11.2,32.2,Moderate,Hatchback,Petrol,1.15
12.1,23,31.6,Moderate,SUV,Petrol,3.52
5.5,18.1,18.2,High,Sedan,Petrol,1.49
11.7,108,6.5,Severe,Hatchback,Petrol,3.49
9.1,17.1,32,Moderate,Sedan,Petrol,2.09
10.1,15.5,39.1,Moderate,Hatchback,Petrol,1.82
8.4,95.1,5.3,Severe,Sedan,Petrol,2.77
10.3,19.1,32.4,Moderate,Hatchback,Petrol,1.88
6.1,14.8,24.8,High,Sedan,Petrol,1.59
24.7,116.7,12.7,Severe,SUV,Diesel,10.34
3.3,6.7,29.5,High,Sedan,Petrol,0.8
2.4,10.8,13.3,Severe,SUV,Petrol,1.16
22.8,25,54.7,Low,Hatchback,Petrol,3.54
17.6,18.9,56,Low,Motorcycle,Petrol,1.62
13.1,29.1,27,High,Sedan,Petrol,3.31
3.5,10.3,20.3,High,Hatchback,Diesel,0.7
5.7,13.3,25.8,High,Hatchback,Diesel,1.01
32.4,51,38.1,Moderate,Hatchback,Petrol,5.75
11.1,64,10.4,Severe,Motorcycle,Petrol,1.74
28.1,40.7,41.4,Moderate,Hatchback,Petrol,4.96
5.8,8.1,43.2,Moderate,Motorcycle,Petrol,0.58
5.7,24.3,14.1,Severe,Sedan,Petrol,1.95
8,12,39.9,Moderate,Motorcycle,Petrol,0.87
2.3,3.2,42.7,Moderate,Hatchback,Petrol,0.39
7.9,16.3,29,High,SUV,Diesel,2.21
17.3,21.6,48,Low,Hatchback,Petrol,2.78
12.7,141.1,5.4,Severe,Hatchback,Petrol,3.85
4.2,4.5,55.7,Low,Hatchback,Petrol,0.65
14.9,137.5,6.5,Severe,Hatchback,Diesel,3.59
3.7,4.9,45.3,Low,Sedan,Petrol,0.69
14,26.5,31.7,Moderate,Hatchback,Petrol,2.61
20,25.6,46.8,Low,SUV,Petrol,5.44
25.8,63.4,24.4,High,SUV,Petrol,9.64
31.1,49.1,38,Moderate,SUV,Diesel,8.09
13.9,20.3,41,Moderate,Hatchback,Diesel,2.24
33,53.2,37.2,Moderate,Hatchback,Petrol,5.82
32.2,189.4,10.2,Severe,SUV,Petrol,14.6
8.7,90,5.8,Severe,Hatchback,Diesel,2.17
15.6,27.6,33.9,Moderate,Sedan,Diesel,3.2
9.8,12,48.9,Low,SUV,Petrol,2.51
3.9,7.7,30.4,Moderate,Hatchback,Diesel,0.64
6.7,14.4,27.9,High,Sedan,Petrol,1.6
3.1,7.2,25.8,High,SUV,Diesel,0.9
6.1,31.8,11.5,Severe,Sedan,Petrol,2.16
38.7,135.8,17.1,High,Sedan,Petrol,10.12
4.6,5.7,48.4,Low,Motorcycle,Petrol,0.42
4.5,37.5,7.2,Severe,Motorcycle,Petrol,0.7
3.3,3.5,56.6,Low,Motorcycle,Petrol,0.3
6.4,13.2,29.1,High,Sedan,Diesel,1.5
2.1,4.4,28.4,High,Hatchback,Petrol,0.44
2.4,4.7,30.4,Moderate,Hatchback,Petrol,0.44
10.3,23.6,26.2,High,Hatchback,Diesel,1.82
19.3,32.8,35.3,Moderate,Hatchback,Diesel,3.05
13.7,22.6,36.4,Moderate,SUV,Petrol,4.24
33.7,102.6,19.7,High,SUV,Diesel,10.45
3.2,4.3,44.8,Moderate,Motorcycle,Petrol,0.31
20.4,61.2,20,High,Hatchback,Petrol,4.81
12,32.1,22.4,High,Hatchback,Petrol,2.78
5.9,10.9,32.5,Moderate,Motorcycle,Petrol,0.63
11.3,15.3,44.3,Moderate,Hatchback,Diesel,1.74
30.6,52,35.3,Moderate,SUV,Petrol,8.87
9.9,53,11.2,Severe,Sedan,Diesel,3.16
8.9,13.6,39.4,Moderate,Sedan,Diesel,1.78
16.4,32.3,30.5,Moderate,Motorcycle,Petrol,1.64
15,26.1,34.5,Moderate,Hatchback,Petrol,2.87
24.6,40.7,36.3,Moderate,SUV,Petrol,7.13
2.7,7.5,21.5,High,Hatchback,Diesel,0.54
6.6,6.7,59.5,Low,SUV,Petrol,1.68
31.5,33.9,55.7,Low,Sedan,Petrol,6.02
14.6,15.9,55,Low,Hatchback,Petrol,2.38
15,33.2,27.1,High,SUV,Petrol,5
28.1,185.3,9.1,Severe,Motorcycle,Petrol,4.36
32.2,284.1,6.8,Severe,Hatchback,Diesel,8.02
12.8,43.1,17.8,High,Motorcycle,Petrol,1.59
4.5,11.8,22.9,High,Hatchback,Diesel,0.91
7.8,22.5,20.8,High,Motorcycle,Petrol,0.98
7.6,8.8,51.7,Low,SUV,Petrol,2.06
2.7,3.7,44.1,Moderate,Hatchback,Diesel,0.41
2.9,6.6,26.2,High,Sedan,Petrol,0.73
8.2,9,54.5,Low,Hatchback,Diesel,1.18
30.3,69.1,26.3,High,Hatchback,Petrol,6.11
18.5,40.7,27.3,High,Hatchback,Petrol,3.69
3.6,6.5,33.4,Moderate,Sedan,Diesel,0.67
28.4,61.7,27.6,High,Sedan,Petrol,6.83
17.6,48,22,High,Motorcycle,Petrol,2.19
7.5,8.3,54.2,Low,Motorcycle,Petrol,0.65
30.2,76.1,23.8,High,Motorcycle,Petrol,3.81
11.2,13.4,50.1,Low,Hatchback,Petrol,1.78
33.5,35.3,57,Low,Sedan,Diesel,5.82
4.8,12.8,22.5,High,Hatchback,Diesel,0.98
8.4,8.7,58.1,Low,Motorcycle,Petrol,0.73
25.9,25.9,59.9,Low,Sedan,Diesel,4.43
23.9,93.7,15.3,High,SUV,Diesel,7.45
7.5,10.5,42.7,Moderate,Motorcycle,Petrol,0.73
18.8,22.7,49.8,Low,SUV,Diesel,4.3
25.8,26.3,58.9,Low,Hatchback,Petrol,4.33
51.2,108.2,28.4,High,Hatchback,Diesel,9.6
16.2,41,23.7,High,Hatchback,Diesel,3.26
2.1,10.2,12.4,Severe,Sedan,Diesel,0.67
3.8,4.5,50.5,Low,Hatchback,Petrol,0.6
28.3,49.4,34.4,Moderate,SUV,Petrol,8.64
32.9,51.7,38.2,Moderate,Hatchback,Petrol,6.27
24.1,42.7,33.9,Moderate,Motorcycle,Petrol,2.5
28.8,38.9,44.4,Moderate,Hatchback,Petrol,4.99
19.1,21.5,53.2,Low,Hatchback,Petrol,3.05
22,31.8,41.5,Moderate,Sedan,Petrol,4.53
8.8,20,26.4,High,SUV,Petrol,2.92
3.2,8.9,21.5,High,SUV,Diesel,1.04
5.7,6.8,50.4,Low,Sedan,Petrol,1.05
27,38.5,42.1,Moderate,SUV,Petrol,8.1
14.8,48.8,18.2,High,Sedan,Petrol,3.93
3.5,5,42.3,Moderate,SUV,Petrol,0.98
11.8,13.3,53.4,Low,Hatchback,Diesel,1.63
19.8,66.7,17.8,High,Sedan,Petrol,5.16
4,4.4,54.8,Low,Hatchback,Petrol,0.64
8.7,14.9,35.1,Moderate,SUV,Diesel,2.19
3.1,10.2,18.3,High,Sedan,Diesel,0.78
14.1,54.6,15.5,High,Hatchback,Diesel,2.84
7.4,8,55.4,Low,SUV,Diesel,1.59
2.2,3.1,42.5,Moderate,SUV,Petrol,0.63
19.6,27.5,42.8,Moderate,Sedan,Petrol,3.9
7.2,11.7,36.8,Moderate,SUV,Petrol,2.24
13.4,22,36.5,Moderate,Hatchback,Diesel,2.06
27.9,35.1,47.7,Low,Hatchback,Petrol,4.61
12.1,15.3,47.6,Low,Motorcycle,Petrol,1.05
8.1,17.7,27.5,High,SUV,Petrol,2.79
37.7,39.9,56.7,Low,Hatchback,Diesel,5.21
8.7,13.6,38.3,Moderate,Hatchback,Petrol,1.54
6.6,9.3,42.8,Moderate,Hatchback,Petrol,1.12
9.7,15.2,38.2,Moderate,Hatchback,Diesel,1.53
12.7,47.9,15.9,High,Sedan,Diesel,3.09
31.4,143.8,13.1,Severe,Hatchback,Diesel,7.92
18.9,39,29.1,High,Hatchback,Petrol,3.84
22.8,155.5,8.8,Severe,Hatchback,Petrol,6.82
4.2,5.6,44.7,Moderate,Motorcycle,Petrol,0.4
6.5,14.8,26.3,High,Hatchback,Petrol,1.42
16.1,116.4,8.3,Severe,SUV,Petrol,7.67
7.6,46.1,9.9,Severe,Sedan,Petrol,2.72
5.1,10,30.7,Moderate,Motorcycle,Petrol,0.53
3,5,36.3,Moderate,Hatchback,Petrol,0.54
28.3,38,44.7,Moderate,Sedan,Petrol,6.06
10.2,27.1,22.6,High,Sedan,Petrol,2.65
19.9,43.1,27.7,High,Hatchback,Petrol,3.97
11,49.3,13.4,Severe,Sedan,Petrol,3.89
31.6,137.4,13.8,Severe,Hatchback,Petrol,8.94
10.3,14.2,43.5,Moderate,Hatchback,Petrol,1.76
3.3,6.5,30.6,Moderate,SUV,Diesel,0.86
9.8,10.1,58.3,Low,Hatchback,Petrol,1.54
19,31.6,36.1,Moderate,Sedan,Petrol,4.19
12.1,12.8,56.6,Low,Hatchback,Petrol,2
3.3,6.6,30.1,Moderate,Sedan,Petrol,0.74
16.5,17.2,57.5,Low,SUV,Diesel,3.48
20.9,47.7,26.3,High,Hatchback,Diesel,3.88
19.5,24.1,48.6,Low,Sedan,Petrol,3.7
5,5.1,58.6,Low,Hatchback,Petrol,0.83
15.7,112.1,8.4,Severe,Motorcycle,Petrol,2.46
5.2,6.4,48.4,Low,Sedan,Petrol,0.98
32.8,56.6,34.8,Moderate,SUV,Petrol,10.26
2.8,14,12,Severe,Motorcycle,Petrol,0.45
8.1,9.1,53.6,Low,Hatchback,Diesel,1.14
9,16.4,32.9,Moderate,SUV,Petrol,2.75
25.3,44.5,34.1,Moderate,SUV,Petrol,7.66
3.9,10.3,22.8,High,Sedan,Diesel,0.95
5.7,39.3,8.7,Severe,SUV,Diesel,2.19
6.4,20.4,18.8,High,SUV,Petrol,2.5
15.9,32.3,29.5,High,Hatchback,Petrol,3.34
7.1,23.7,18,High,Hatchback,Petrol,1.58
15.6,26.4,35.4,Moderate,Sedan,Petrol,3.37
16.7,130.1,7.7,Severe,Motorcycle,Petrol,2.68
17.8,46.4,23,High,SUV,Petrol,6.97
5.5,19.4,17,High,SUV,Petrol,2.06
3,5.5,32.5,Moderate,Hatchback,Petrol,0.57
31.1,34.7,53.8,Low,Hatchback,Petrol,4.82
8,13.6,35.3,Moderate,SUV,Diesel,2.01
19.9,31.2,38.3,Moderate,Hatchback,Diesel,3.34
10.9,50.7,12.9,Severe,Hatchback,Petrol,3.09
15.9,39.6,24.1,High,SUV,Petrol,6.14
3.1,5.5,33.9,Moderate,SUV,Petrol,0.96
44,57.4,46,Low,SUV,Petrol,10.89
2.6,9.6,16.3,High,Hatchback,Petrol,0.58
11.3,18.3,37,Moderate,Hatchback,Petrol,2.06
2.4,10.1,14.3,Severe,Hatchback,Petrol,0.66
5.2,25,12.5,Severe,SUV,Petrol,2.57
25.9,41,37.9,Moderate,Motorcycle,Petrol,2.56
12.3,15,49.1,Low,Hatchback,Diesel,1.75
30.1,42,43,Moderate,Hatchback,Petrol,5.04
29.3,56,31.4,Moderate,Sedan,Petrol,6.24
4.8,14.9,19.3,High,Motorcycle,Petrol,0.6
5.8,15.2,22.9,High,Sedan,Petrol,1.65
8.9,15.8,33.8,Moderate,Hatchback,Petrol,1.57
5.4,6.5,49.9,Low,Hatchback,Petrol,0.86
55.9,85.6,39.2,Moderate,Hatchback,Petrol,10
24.3,42.1,34.6,Moderate,SUV,Petrol,7.29
4.8,10.7,26.9,High,Sedan,Petrol,1.17
20,20.7,58.1,Low,SUV,Petrol,5.06
22.1,43.3,30.6,Moderate,SUV,Petrol,6.65
12.7,25.7,29.7,High,Hatchback,Petrol,2.67
9.1,12.4,44.2,Moderate,Hatchback,Petrol,1.57
6.7,7.1,57,Low,Sedan,Petrol,1.28
5.4,7.6,42.7,Moderate,Sedan,Diesel,0.99
19.6,34.5,34.1,Moderate,Sedan,Petrol,4.25
14.5,31.3,27.8,High,Motorcycle,Petrol,1.67
5.7,16.4,20.8,High,Hatchback,Petrol,1.35
36.7,78.1,28.2,High,Hatchback,Petrol,7.72
10.3,11.9,51.8,Low,Motorcycle,Petrol,0.9
20.2,34.6,35,Moderate,SUV,Petrol,6.27
4.3,7.1,36.2,Moderate,Motorcycle,Petrol,0.43
23.4,41.3,34,Moderate,Sedan,Petrol,4.99
7.2,28.2,15.3,High,Sedan,Diesel,1.83
9.5,11.9,47.8,Low,Sedan,Diesel,1.68
17.8,40.2,26.6,High,Sedan,Petrol,4.41
8.1,17.9,27.1,High,Hatchback,Petrol,1.65
4.4,10.4,25.4,High,SUV,Diesel,1.27
14,42.6,19.7,High,Motorcycle,Petrol,1.78
7.4,13.8,32.1,Moderate,SUV,Diesel,1.8
15.6,35.3,26.5,High,Sedan,Petrol,3.98
5.1,6.7,45.9,Low,Hatchback,Diesel,0.72
57.4,71.9,47.9,Low,SUV,Petrol,15.32
16.2,41.4,23.5,High,Sedan,Petrol,4.26
7.6,35.9,12.7,Severe,SUV,Petrol,3.43
19.2,27.2,42.3,Moderate,Hatchback,Petrol,3.35
2.2,5.5,23.9,High,SUV,Diesel,0.73
8.2,61.5,8,Severe,Motorcycle,Petrol,1.35
4.3,10.7,24.2,High,Sedan,Petrol,1.16
6.9,19.2,21.6,High,Hatchback,Petrol,1.6
10,13.7,43.7,Moderate,SUV,Petrol,2.94
30.5,72,25.4,High,SUV,Petrol,10.64
5.8,23,15.1,High,Sedan,Diesel,1.38
2.9,7.6,22.9,High,Motorcycle,Petrol,0.38
21.5,68.6,18.8,High,SUV,Diesel,6.91
29.8,39.7,45,Low,Motorcycle,Petrol,2.76
2.4,4.5,32.3,Moderate,Sedan,Petrol,0.55
6.1,9.7,37.8,Moderate,Motorcycle,Petrol,0.66
3.3,4.2,47.5,Low,Motorcycle,Petrol,0.3
17.7,38.5,27.6,High,Hatchback,Diesel,3.3
3.2,5,38.7,Moderate,Hatchback,Petrol,0.6
12.8,14.5,53.1,Low,Sedan,Petrol,2.34
18.9,64.4,17.6,High,Sedan,Petrol,4.91
3.1,3.4,54.4,Low,Sedan,Petrol,0.61
45.5,96.8,28.2,High,Hatchback,Petrol,9.84
7.2,21.6,20,High,Sedan,Diesel,1.76
3.4,10.5,19.4,High,SUV,Diesel,1.05
13.7,27.1,30.3,Moderate,Hatchback,Diesel,2.32
12.5,12.8,58.6,Low,Sedan,Petrol,2.45
12.5,18.1,41.4,Moderate,Hatchback,Diesel,1.89
3.1,7.4,25.3,High,Hatchback,Petrol,0.66
6,6.8,53,Low,Sedan,Petrol,1.19
19.7,43.1,27.4,High,Hatchback,Diesel,3.62
4.8,13.2,21.8,High,Sedan,Petrol,1.28
14.1,57.9,14.6,Severe,Hatchback,Petrol,4.05
17.8,117.4,9.1,Severe,Sedan,Petrol,6.18
14.8,63.9,13.9,Severe,Motorcycle,Petrol,2.33
4.1,11.8,20.8,High,Hatchback,Petrol,0.95
5.3,6.1,51.8,Low,Motorcycle,Petrol,0.48
9.1,12.2,44.8,Moderate,Motorcycle,Petrol,0.94
11.5,62.7,11,Severe,Motorcycle,Petrol,1.88
8,17.1,28,High,Hatchback,Petrol,1.72
11.9,76.8,9.3,Severe,Hatchback,Petrol,3.46
9.6,20.3,28.4,High,SUV,Petrol,3.18
11.9,43.8,16.3,High,Motorcycle,Petrol,1.52
9.2,18,30.7,Moderate,Motorcycle,Petrol,0.98
22.2,50.8,26.2,High,Hatchback,Diesel,4.18
18.5,42.7,26,High,Sedan,Petrol,4.44
8.5,15.8,32.3,Moderate,Sedan,Petrol,1.8
15.4,33.6,27.5,High,Hatchback,Petrol,3.33
22,159,8.3,Severe,Motorcycle,Petrol,3.64
3.5,6.3,33.5,Moderate,Sedan,Petrol,0.76
18,57.1,18.9,High,Motorcycle,Petrol,2.31
28.5,133.6,12.8,Severe,Motorcycle,Petrol,4.87
9.9,15.6,38,Moderate,Motorcycle,Petrol,0.99
12.5,78.9,9.5,Severe,Sedan,Petrol,4.32
19.8,21,56.5,Low,Motorcycle,Petrol,1.81
18.5,22.8,48.7,Low,Motorcycle,Petrol,1.66
3.3,6.4,31.1,Moderate,Hatchback,Diesel,0.52
2.1,3.4,37.4,Moderate,Sedan,Petrol,0.48
3.8,4.3,53.6,Low,SUV,Diesel,0.81
7,17.5,24,High,Hatchback,Petrol,1.61
2.3,4.2,32.8,Moderate,Hatchback,Diesel,0.36
6.4,7.8,49.1,Low,Sedan,Petrol,1.27
3,4,44.8,Moderate,Motorcycle,Petrol,0.31
14.7,21.2,41.7,Moderate,Sedan,Diesel,2.78
52.2,105.8,29.6,High,Hatchback,Diesel,10.03
6.3,11.1,34,Moderate,Hatchback,Diesel,0.97
28.4,56.8,30,Moderate,Hatchback,Diesel,4.7
24.8,78.7,18.9,High,SUV,Petrol,9.43
7.3,79.6,5.5,Severe,Sedan,Petrol,2.4
4,15.8,15.2,High,Hatchback,Diesel,0.77
2.1,5.2,24.1,High,SUV,Petrol,0.76
20.4,34.3,35.7,Moderate,SUV,Diesel,5.31
6.1,35.2,10.4,Severe,Hatchback,Diesel,1.57
10.2,16.1,38.1,Moderate,Hatchback,Petrol,1.91
9.8,14.6,40.4,Moderate,SUV,Petrol,2.72
7.8,10.2,45.8,Low,Hatchback,Diesel,1.07
27.5,53.6,30.8,Moderate,SUV,Petrol,7.88
16.1,21.7,44.5,Moderate,Sedan,Petrol,3.43
7.6,7.9,57.6,Low,SUV,Petrol,2.07
21.2,22,57.8,Low,Hatchback,Petrol,3.26
4.2,8.2,30.7,Moderate,Hatchback,Petrol,0.75
6.8,11.9,34.4,Moderate,Sedan,Diesel,1.4
4.5,12.2,22.1,High,Hatchback,Petrol,1.01
13,26.5,29.4,High,Hatchback,Petrol,2.84
19.2,71.1,16.2,High,SUV,Petrol,7.35
28.6,72.7,23.6,High,Sedan,Diesel,7.2
38.3,68.2,33.7,Moderate,SUV,Petrol,11.99
9.8,11.6,50.8,Low,SUV,Petrol,2.45
15.6,28.2,33.2,Moderate,Hatchback,Petrol,2.83
25.9,30.5,50.9,Low,Sedan,Petrol,4.7
18.9,20.8,54.5,Low,Hatchback,Petrol,3.04
8.9,13.7,38.9,Moderate,Motorcycle,Petrol,0.88
16.4,20.9,47,Low,Sedan,Petrol,3.17
14.6,23.7,37,Moderate,Sedan,Petrol,3.08
11.9,23.3,30.7,Moderate,SUV,Petrol,3.44
43.7,117.1,22.4,High,Hatchback,Petrol,10.36
49.8,60,49.8,Low,SUV,Diesel,10.72
4.6,8.7,31.9,Moderate,Hatchback,Petrol,0.87
13.5,24.4,33.2,Moderate,Motorcycle,Petrol,1.45
14,19.5,43,Moderate,Sedan,Diesel,2.53
15,24.9,36.1,Moderate,Hatchback,Diesel,2.4
32.6,53.9,36.3,Moderate,Sedan,Petrol,7.41
5.4,62.3,5.2,Severe,Hatchback,Diesel,1.31
10.3,18.7,33,Moderate,Hatchback,Petrol,1.94
10.9,20.8,31.4,Moderate,Sedan,Petrol,2.38
3,5.8,31.1,Moderate,Hatchback,Petrol,0.55
7.7,37.6,12.3,Severe,Hatchback,Petrol,2.3
19.9,38.8,30.8,Moderate,SUV,Petrol,6.24
7.1,11,38.6,Moderate,Hatchback,Diesel,1.2
26.1,44.7,35,Moderate,Motorcycle,Petrol,2.73
4.6,14.5,19,High,SUV,Petrol,1.73
7.5,9.4,47.8,Low,Hatchback,Diesel,1.05
17.3,30.8,33.7,Moderate,Hatchback,Petrol,3.22
6.8,12.1,33.6,Moderate,Hatchback,Diesel,1.12
14.8,52.2,17,High,Sedan,Diesel,3.54
8.9,65.1,8.2,Severe,SUV,Diesel,3.7
26.9,67.5,23.9,High,Hatchback,Petrol,6.17
9.5,10.2,55.8,Low,Motorcycle,Petrol,0.87
3.9,4.4,53.6,Low,Hatchback,Diesel,0.52
12.3,32.5,22.7,High,Hatchback,Petrol,2.77
16,22.2,43.3,Moderate,Hatchback,Diesel,2.42
2.7,6.4,25.4,High,Hatchback,Petrol,0.59
5.5,13.6,24.3,High,Hatchback,Diesel,1.07
8.7,17.5,29.8,High,Hatchback,Petrol,1.88
7,14.6,28.7,High,Sedan,Petrol,1.7
26.2,61.6,25.5,High,Hatchback,Petrol,5.74
10.3,40.9,15.1,High,Sedan,Petrol,2.78
6.9,7.9,52.6,Low,Hatchback,Petrol,1.06
29.6,91.1,19.5,High,Hatchback,Diesel,5.82
18.7,27.1,41.4,Moderate,Sedan,Petrol,3.88
9.4,26.4,21.4,High,Hatchback,Diesel,1.84
8.4,24.7,20.4,High,SUV,Diesel,2.63
41.6,80.3,31.1,Moderate,Sedan,Petrol,9.22
12.1,21.8,33.3,Moderate,Sedan,Diesel,2.42
18.4,40,27.6,High,Sedan,Petrol,4.63
14.3,21.8,39.3,Moderate,Hatchback,Petrol,2.74
18,25.5,42.4,Moderate,SUV,Petrol,5
3.8,5.3,43.4,Moderate,Hatchback,Petrol,0.68
19.3,29.1,39.8,Moderate,SUV,Diesel,4.82
9.5,18.9,30.2,Moderate,SUV,Petrol,2.84
19.9,69.8,17.1,High,Hatchback,Petrol,4.59
34.1,48.3,42.4,Moderate,Motorcycle,Petrol,3.26
5.7,9.1,37.4,Moderate,SUV,Diesel,1.45
21.9,33.2,39.6,Moderate,Sedan,Petrol,4.88
42.3,82.7,30.7,Moderate,SUV,Diesel,10.43
15.8,27.4,34.6,Moderate,SUV,Petrol,4.76
24.1,26.2,55.2,Low,Sedan,Diesel,4.15
18,19.6,55.2,Low,Hatchback,Petrol,2.91
22.3,42.1,31.8,Moderate,SUV,Petrol,6.95
5.1,6.6,46.5,Low,Hatchback,Diesel,0.73
14.1,22.6,37.5,Moderate,Motorcycle,Petrol,1.53
8,12.8,37.4,Moderate,Hatchback,Diesel,1.26
2,2.3,52.9,Low,Hatchback,Diesel,0.28
11.3,33.2,20.4,High,Sedan,Petrol,3.03
9.1,28.9,18.9,High,SUV,Petrol,3.39
3.1,10.3,18,High,Sedan,Diesel,0.8
8.2,18,27.3,High,Motorcycle,Petrol,0.99
19.6,38.3,30.7,Moderate,Sedan,Diesel,3.76
27.7,51,32.6,Moderate,SUV,Petrol,7.94
15.3,17,54.1,Low,Motorcycle,Petrol,1.41
7.3,7.7,56.6,Low,Sedan,Diesel,1.24
18.4,46.8,23.6,High,Sedan,Diesel,4.42
4.1,6.9,35.8,Moderate,Hatchback,Petrol,0.74
3.6,10.4,20.7,High,SUV,Petrol,1.35
49.3,74.7,39.6,Moderate,Hatchback,Petrol,8.67
8.6,32.9,15.7,High,SUV,Petrol,3.11
12.7,28.1,27.1,High,Hatchback,Petrol,2.56
29,87,20,High,Hatchback,Diesel,5.55
4.5,5.8,46.4,Low,SUV,Diesel,0.99
14.6,29.9,29.3,High,Hatchback,Petrol,3.07
4.1,24.1,10.2,Severe,Hatchback,Petrol,1.19
18.4,27.9,39.6,Moderate,Motorcycle,Petrol,1.95
24.1,44.6,32.4,Moderate,Sedan,Petrol,5.54
7.9,12.4,38.2,Moderate,SUV,Diesel,1.94
5.8,49,7.1,Severe,SUV,Petrol,2.79
3.5,5.3,39.9,Moderate,Sedan,Diesel,0.68
48.2,109.1,26.5,High,Sedan,Petrol,11.77
5.1,8.7,35.1,Moderate,Hatchback,Petrol,0.95
5.4,6.9,47,Low,SUV,Petrol,1.4
15,20.1,44.7,Moderate,Motorcycle,Petrol,1.44
15.7,16.5,57.2,Low,SUV,Petrol,4.21
30.7,84.9,21.7,High,SUV,Petrol,11.83
49.5,184.5,16.1,High,SUV,Petrol,18.16
6.2,27,13.8,Severe,Sedan,Petrol,2.04
12.1,20.6,35.3,Moderate,Hatchback,Petrol,2.14
13.7,65.2,12.6,Severe,Sedan,Petrol,4.87
4.1,6.8,36.2,Moderate,Sedan,Diesel,0.84
14,15.6,53.9,Low,SUV,Petrol,3.8
16,48,20,High,Hatchback,Diesel,3.24
6.5,17.1,22.8,High,Hatchback,Diesel,1.34
11.3,27.4,24.7,High,Sedan,Diesel,2.73
19.7,25.3,46.8,Low,Sedan,Petrol,3.74
6.4,9.8,39.1,Moderate,Hatchback,Petrol,1.21
18.5,46.1,24.1,High,Sedan,Petrol,5.16
5.9,9,39.2,Moderate,Motorcycle,Petrol,0.63
34.9,41.6,50.3,Low,Sedan,Diesel,5.9
17.7,42.7,24.9,High,Motorcycle,Petrol,2.2
7.1,16.1,26.5,High,Sedan,Diesel,1.56
15.2,36.3,25.1,High,SUV,Petrol,5.3
2.4,3.8,37.6,Moderate,Hatchback,Diesel,0.38
5.9,6,58.8,Low,Hatchback,Petrol,0.92
13.2,15.5,51,Low,Motorcycle,Petrol,1.14
13.9,81,10.3,Severe,Hatchback,Petrol,4.09
26.8,52.2,30.8,Moderate,Motorcycle,Petrol,2.71
55.1,162.1,20.4,High,Sedan,Petrol,15.77
12.9,51.9,14.9,Severe,SUV,Petrol,6.3
55.4,68.8,48.3,Low,Hatchback,Petrol,8.61
16.6,49.1,20.3,High,Motorcycle,Petrol,2.12
11.6,59.5,11.7,Severe,SUV,Petrol,5.47
54.4,106.7,30.6,Moderate,Sedan,Petrol,12.01
29.9,60,29.9,High,Hatchback,Petrol,6.02
31,37.1,50.2,Low,SUV,Petrol,8.13
10.2,18.5,33.1,Moderate,Hatchback,Petrol,1.88
3.4,3.6,56.1,Low,Sedan,Petrol,0.66
27.3,56.7,28.9,High,Sedan,Petrol,6.77
9.6,35.6,16.2,High,SUV,Petrol,3.61
19.4,70.5,16.5,High,SUV,Petrol,7.09
17,18.9,53.9,Low,SUV,Petrol,4.41
2.2,12.1,10.9,Severe,SUV,Petrol,1.03
20,94.5,12.7,Severe,Hatchback,Petrol,6.07
19.7,50.1,23.6,High,Sedan,Petrol,5.55
9.1,14.8,36.8,Moderate,Hatchback,Diesel,1.54
9.6,9.6,60,Low,SUV,Diesel,2.07
33.8,35.1,57.7,Low,Hatchback,Diesel,4.96
6.7,6.9,58.5,Low,Hatchback,Petrol,1.06
5.4,7.9,41.1,Moderate,Hatchback,Diesel,0.84
7.1,11.8,36.1,Moderate,Hatchback,Petrol,1.27
8.9,10.8,49.6,Low,Hatchback,Petrol,1.48
8.5,30.5,16.7,High,Hatchback,Petrol,1.88
6.5,19.1,20.4,High,Motorcycle,Petrol,0.83
13.3,24.6,32.4,Moderate,Hatchback,Diesel,2.12
32.2,62.9,30.7,Moderate,Hatchback,Diesel,5.36
24.9,120.5,12.4,Severe,Hatchback,Petrol,7.38
9.5,44.5,12.8,Severe,Motorcycle,Petrol,1.51
14.8,15.1,58.7,Low,Hatchback,Petrol,2.36
3.9,6.6,35.4,Moderate,Hatchback,Diesel,0.6
12.9,45,17.2,High,Hatchback,Petrol,3.05
15.2,26.2,34.8,Moderate,Hatchback,Diesel,2.34
4.6,7.4,37.4,Moderate,Sedan,Petrol,0.98
18,35,30.9,Moderate,SUV,Petrol,5.66
3.6,4.7,46.4,Low,Hatchback,Petrol,0.57
7.1,83.5,5.1,Severe,SUV,Petrol,3.33
7.4,22.4,19.8,High,Hatchback,Petrol,1.69
7.1,28.4,15,High,Motorcycle,Petrol,0.95
12.4,46.2,16.1,High,Motorcycle,Petrol,1.55
10.1,12.7,47.8,Low,Hatchback,Diesel,1.4
7.2,30.6,14.1,Severe,Hatchback,Petrol,2.16
7.9,8.3,56.8,Low,Hatchback,Petrol,1.21
4,10.2,23.5,High,Hatchback,Diesel,0.8
23.1,81.1,17.1,High,Hatchback,Petrol,5.07
40.8,388.6,6.3,Severe,SUV,Petrol,18.99
11,27.3,24.2,High,Hatchback,Petrol,2.6
4.5,8.6,31.5,Moderate,Hatchback,Petrol,0.81
9.8,33.8,17.4,High,SUV,Petrol,3.78
4.3,5.2,49.6,Low,Sedan,Petrol,0.84
14.3,17.5,49,Low,Sedan,Petrol,2.65
17.3,29.4,35.3,Moderate,Sedan,Petrol,3.86
18.7,28.1,39.9,Moderate,Sedan,Petrol,3.97
12.3,17.7,41.6,Moderate,Hatchback,Petrol,2.14
44.3,62.2,42.7,Moderate,Hatchback,Diesel,6.75
8.3,21.9,22.7,High,Sedan,Petrol,2.22
8.3,14.8,33.7,Moderate,SUV,Diesel,2.04
31.7,133.9,14.2,Severe,Hatchback,Diesel,8.18
6.5,15.3,25.5,High,Sedan,Diesel,1.51
18.9,65.5,17.3,High,Hatchback,Diesel,3.9
9.4,12.1,46.5,Low,Sedan,Petrol,1.78
19.3,93.4,12.4,Severe,Sedan,Petrol,6.49
24.3,38.9,37.5,Moderate,Sedan,Diesel,4.55
13.9,24.2,34.4,Moderate,Sedan,Petrol,3.09
17.6,65.2,16.2,High,Hatchback,Diesel,3.6
11,29.1,22.7,High,Hatchback,Petrol,2.41
8.5,14.3,35.7,Moderate,Sedan,Petrol,1.93
2.8,4.6,36.4,Moderate,Sedan,Petrol,0.63
11.4,29,23.6,High,Hatchback,Diesel,2.4
3.6,8.1,26.7,High,Sedan,Petrol,0.91
31.2,165.7,11.3,Severe,Hatchback,Diesel,7.79
9.3,12,46.6,Low,Hatchback,Diesel,1.35
19,22.4,50.9,Low,Sedan,Petrol,3.67
37.7,88.7,25.5,High,Hatchback,Petrol,7.89
14.5,41,21.2,High,Motorcycle,Petrol,1.82
6.8,6.9,59.3,Low,Hatchback,Petrol,1.12
5.2,13.3,23.5,High,Hatchback,Petrol,1.23
3.8,6.7,34.1,Moderate,Sedan,Diesel,0.77
12.1,31.6,23,High,Hatchback,Petrol,2.8
12.7,26,29.3,High,Motorcycle,Petrol,1.5
2.6,4.1,38.2,Moderate,Hatchback,Petrol,0.47
15.9,35.9,26.6,High,Hatchback,Petrol,3.47
9.3,10.4,53.4,Low,Motorcycle,Petrol,0.87
26.1,51.3,30.5,Moderate,Motorcycle,Petrol,2.82
12.5,12.6,59.3,Low,SUV,Petrol,3.38
24.5,45.5,32.3,Moderate,Hatchback,Petrol,4.34
5.8,58,6,Severe,SUV,Diesel,2.22
25.7,27.1,56.8,Low,Hatchback,Diesel,3.45
12,12.9,55.6,Low,Sedan,Petrol,2.36
3.1,15.9,11.7,Severe,Hatchback,Diesel,0.79
21.3,27.2,47,Low,Sedan,Diesel,3.55
5.9,13.3,26.6,High,Sedan,Diesel,1.31
14.9,24.6,36.4,Moderate,Sedan,Petrol,3.36
9.3,14.2,39.2,Moderate,Hatchback,Diesel,1.45
12.9,24,32.3,Moderate,Hatchback,Diesel,2
9.4,18.3,30.8,Moderate,Sedan,Petrol,2.1
5.3,9,35.2,Moderate,Hatchback,Petrol,1
13.1,16.7,47.1,Low,Hatchback,Petrol,2.16
27,39.9,40.6,Moderate,Hatchback,Petrol,4.95
6.8,9.1,44.7,Moderate,Sedan,Diesel,1.21
9.9,29.6,20.1,High,Sedan,Diesel,2.52
4.9,6.8,43.3,Moderate,Motorcycle,Petrol,0.47
10.9,12.8,51.1,Low,SUV,Petrol,2.8
9,13.5,40,Moderate,Hatchback,Diesel,1.41
8.7,9.1,57.3,Low,Sedan,Diesel,1.47
2.3,6.4,21.7,High,SUV,Diesel,0.69
18.1,27.8,39,Moderate,SUV,Diesel,4.74
3.1,3.6,52.1,Low,Hatchback,Petrol,0.48
8.3,10.3,48.4,Low,Sedan,Petrol,1.59
6.3,8.8,43,Moderate,Sedan,Petrol,1.33
10.3,20.2,30.6,Moderate,SUV,Petrol,3.13
5,11.7,25.6,High,Motorcycle,Petrol,0.58
8.8,29.5,17.9,High,Motorcycle,Petrol,1.19
22.5,56.5,23.9,High,Motorcycle,Petrol,2.77
24.3,50.3,29,High,Hatchback,Petrol,5.35
14.6,27.5,31.9,Moderate,Sedan,Diesel,2.73
7,34.7,12.1,Severe,Hatchback,Petrol,2.05
21.9,49.8,26.4,High,Hatchback,Diesel,3.94
18,24.9,43.3,Moderate,Hatchback,Petrol,3.04
15.6,61.2,15.3,High,Hatchback,Petrol,3.76
17.1,17.1,59.9,Low,Sedan,Petrol,3.12
3.8,8.8,25.9,High,SUV,Petrol,1.35
7.8,15.5,30.2,Moderate,SUV,Petrol,2.45
31.8,55.1,34.6,Moderate,SUV,Petrol,9.34
17.4,43.5,24,High,Sedan,Petrol,4.84
3.2,8.3,23.1,High,Hatchback,Petrol,0.7
5.7,8.3,41.3,Moderate,Hatchback,Diesel,0.84
5.6,7,48.3,Low,SUV,Petrol,1.47
11.4,22.6,30.3,Moderate,Hatchback,Petrol,2.09
16.4,50.7,19.4,High,Hatchback,Diesel,3.3
24.8,98.5,15.1,High,Hatchback,Petrol,5.84
22.6,45,30.1,Moderate,Hatchback,Petrol,4.26
7.8,10.6,44.1,Moderate,Hatchback,Petrol,1.38
4.3,18,14.3,Severe,Hatchback,Diesel,1.1
3.3,3.8,51.8,Low,Hatchback,Diesel,0.45
8.4,26,19.4,High,Hatchback,Petrol,1.85
19.2,22.7,50.8,Low,Hatchback,Petrol,3.17
13.9,70.1,11.9,Severe,Sedan,Petrol,4.59
3.3,4.2,47,Low,Hatchback,Petrol,0.53
19.1,34.1,33.6,Moderate,Hatchback,Petrol,3.57
19.9,24.7,48.3,Low,Hatchback,Petrol,3.04
8.7,13.9,37.5,Moderate,Hatchback,Diesel,1.45
3.2,4.8,40.1,Moderate,Hatchback,Petrol,0.57
7,11.3,37.3,Moderate,Sedan,Petrol,1.56
6.7,12.8,31.5,Moderate,Hatchback,Diesel,1.07
12.8,20.4,37.7,Moderate,Hatchback,Diesel,2.03
15.8,33.3,28.5,High,Hatchback,Petrol,3.41
19.8,24.5,48.5,Low,Motorcycle,Petrol,1.81
19.2,37,31.1,Moderate,Hatchback,Petrol,3.63
26.7,95.4,16.8,High,Hatchback,Diesel,5.21
19.1,97.9,11.7,Severe,Motorcycle,Petrol,3.09
5.4,6.8,47.7,Low,Sedan,Diesel,0.91
8.3,10.8,46.3,Low,SUV,Petrol,2.17
2.6,9.8,15.9,High,Hatchback,Petrol,0.57
15.5,178.8,5.2,Severe,Sedan,Petrol,5.3
3.1,3.6,52.3,Low,Sedan,Petrol,0.56
8.5,14.9,34.3,Moderate,Sedan,Petrol,1.94
4.3,5.2,49.7,Low,Hatchback,Petrol,0.7
13.4,75.1,10.7,Severe,Sedan,Diesel,3.98
7.6,13.5,33.9,Moderate,Hatchback,Diesel,1.23
6.9,7.9,52.2,Low,Motorcycle,Petrol,0.63
7.3,10.9,40.2,Moderate,Sedan,Petrol,1.58
3.7,7.3,30.6,Moderate,Hatchback,Petrol,0.71
32.1,37.5,51.4,Low,Hatchback,Petrol,5.32
33.1,47.2,42.1,Moderate,Sedan,Diesel,6.08
9.7,58.8,9.9,Severe,SUV,Diesel,3.8
16.1,127.1,7.6,Severe,Sedan,Petrol,5.5
8.5,12.6,40.6,Moderate,SUV,Petrol,2.41
2,3.8,31.9,Moderate,Sedan,Petrol,0.44
2.9,11,15.8,High,Sedan,Petrol,0.79
5.9,10.6,33.5,Moderate,Hatchback,Petrol,1.08
12.6,27,28,High,Hatchback,Petrol,2.59
29.9,260,6.9,Severe,SUV,Petrol,14.08
18.6,93,12,Severe,SUV,Petrol,9.13
53.1,73.7,43.2,Moderate,Hatchback,Diesel,8.01
14.6,22.1,39.7,Moderate,Sedan,Petrol,3.19
19.5,182.8,6.4,Severe,Hatchback,Petrol,5.79
2.4,3.6,40.5,Moderate,Hatchback,Diesel,0.37
7.8,9.8,48,Low,Sedan,Diesel,1.37
18.1,36.1,30.1,Moderate,Hatchback,Petrol,3.44
8.6,18.2,28.4,High,SUV,Petrol,2.94
5.1,6.9,44.5,Moderate,Sedan,Petrol,1.09
5.6,11.1,30.3,Moderate,SUV,Petrol,1.76
14.1,34.4,24.6,High,SUV,Petrol,5.46
12.5,54,13.9,Severe,Motorcycle,Petrol,2.06
9.9,76.2,7.8,Severe,SUV,Petrol,4.84
7,25.6,16.4,High,Sedan,Petrol,1.83
18.9,24.3,46.6,Low,Hatchback,Petrol,3.02
15.3,35.9,25.6,High,Hatchback,Diesel,2.73
15.1,35,25.9,High,Hatchback,Petrol,3.03
4.2,4.9,51.1,Low,Motorcycle,Petrol,0.37
18.3,20.1,54.5,Low,Hatchback,Petrol,2.85
4.6,8.4,33,Moderate,Sedan,Petrol,1.05
13.2,25.1,31.6,Moderate,SUV,Petrol,3.87
9.4,9.7,58.3,Low,SUV,Diesel,2.05
16.9,56,18.1,High,SUV,Petrol,6.07
13.9,81.8,10.2,Severe,Sedan,Petrol,4.82
25.8,37.8,41,Moderate,Sedan,Diesel,4.66
9,19.3,28,High,Hatchback,Diesel,1.61
4.9,7.6,38.8,Moderate,Sedan,Petrol,1.04
4.9,8.7,33.7,Moderate,SUV,Diesel,1.25
5.1,18.7,16.4,High,Motorcycle,Petrol,0.67
2.3,6,23.1,High,Hatchback,Petrol,0.53
12.1,27.3,26.6,High,Hatchback,Diesel,2.19
8.6,9.2,56.3,Low,Sedan,Petrol,1.66
2.6,3.8,41.1,Moderate,Hatchback,Petrol,0.47
4.4,5.4,48.6,Low,SUV,Petrol,1.11
28,45.3,37.1,Moderate,Motorcycle,Petrol,3.01
17.7,24.7,43,Moderate,SUV,Diesel,4.41
19.2,185.8,6.2,Severe,Motorcycle,Petrol,3.13
3,7.3,24.8,High,Motorcycle,Petrol,0.38
10.6,20.4,31.2,Moderate,Hatchback,Diesel,1.75
3.5,9.4,22.3,High,Motorcycle,Petrol,0.47
7.3,17.2,25.4,High,Sedan,Petrol,1.87
31.8,133.4,14.3,Severe,SUV,Petrol,14.95
7.7,11.1,41.6,Moderate,Sedan,Petrol,1.58
17.2,24.1,42.8,Moderate,Hatchback,Diesel,2.52
13.7,14.3,57.4,Low,Hatchback,Petrol,2.23
13.6,33.4,24.4,High,Motorcycle,Petrol,1.7
28.7,92.1,18.7,High,Sedan,Petrol,7.46
14.8,28.8,30.8,Moderate,Hatchback,Petrol,2.77
9.3,13.5,41.2,Moderate,Hatchback,Petrol,1.67
26.3,34.7,45.5,Low,Sedan,Petrol,5.11
18.4,100.4,11,Severe,Motorcycle,Petrol,3.13
4.5,6.6,40.7,Moderate,Hatchback,Diesel,0.7
6.6,12.6,31.4,Moderate,Hatchback,Petrol,1.27
14.1,30.4,27.8,High,SUV,Petrol,4.65
21.4,129.7,9.9,Severe,Hatchback,Diesel,5.39
6.1,9.6,38.1,Moderate,Hatchback,Diesel,1.03
47.5,63.3,45,Low,SUV,Diesel,10.7
10.2,19.9,30.7,Moderate,Hatchback,Diesel,1.7
6.7,11.5,35.1,Moderate,Hatchback,Petrol,1.28
7.2,15.3,28.2,High,SUV,Petrol,2.39
32.7,223,8.8,Severe,SUV,Diesel,12.65
9.3,12.2,45.6,Low,Hatchback,Diesel,1.31
5.5,7.3,45.1,Low,Motorcycle,Petrol,0.51
10.4,14,44.7,Moderate,Hatchback,Diesel,1.57
9,30.5,17.7,High,SUV,Petrol,3.27
30.6,86.2,21.3,High,Hatchback,Diesel,6.09
16.4,23.3,42.2,Moderate,Hatchback,Petrol,2.93
13.5,64.3,12.6,Severe,Hatchback,Petrol,3.99
5.7,6.8,50.2,Low,SUV,Petrol,1.53
35.9,56.4,38.2,Moderate,Hatchback,Diesel,5.66
26.5,144.5,11,Severe,Sedan,Petrol,8.8
19.9,69.8,17.1,High,Sedan,Petrol,5.71
13.6,14.6,55.9,Low,Sedan,Petrol,2.58
27.6,38.5,43,Moderate,Hatchback,Petrol,5.01
9.4,14.9,37.9,Moderate,SUV,Petrol,2.71
18.8,64.8,17.4,High,Motorcycle,Petrol,2.35
5.4,8.6,37.7,Moderate,SUV,Petrol,1.65
7.1,8.4,50.9,Low,SUV,Petrol,1.86
16.8,34.2,29.5,High,Hatchback,Petrol,3.56
28.5,34.3,49.9,Low,Sedan,Petrol,5.23
6.8,11.9,34.4,Moderate,Sedan,Petrol,1.5
48.3,66,43.9,Moderate,Motorcycle,Petrol,4.99
8.2,8.3,59.2,Low,Hatchback,Petrol,1.32
19.5,19.7,59.4,Low,Motorcycle,Petrol,1.82
2.7,5.2,31.2,Moderate,Hatchback,Diesel,0.44
9,17.6,30.7,Moderate,SUV,Petrol,2.64
11.8,66.8,10.6,Severe,Motorcycle,Petrol,1.9
10.5,20.9,30.2,Moderate,Hatchback,Petrol,1.87
11.5,43.1,16,High,Sedan,Diesel,2.68
6.6,44,9,Severe,Sedan,Petrol,2.39
8.8,15.9,33.2,Moderate,Hatchback,Petrol,1.61
20.2,106.3,11.4,Severe,Hatchback,Petrol,5.72
5.1,17.9,17.1,High,SUV,Petrol,1.88
17.9,35.9,29.9,High,SUV,Petrol,6.34
18.1,55.4,19.6,High,Motorcycle,Petrol,2.45
5.3,14.2,22.4,High,Hatchback,Petrol,1.27
13.6,18.5,44.1,Moderate,Hatchback,Petrol,2.29
5.4,8.5,38,Moderate,SUV,Petrol,1.68
8,14.5,33,Moderate,Hatchback,Diesel,1.26
25.3,41.7,36.4,Moderate,Hatchback,Petrol,4.67
5.1,8.8,34.7,Moderate,Hatchback,Diesel,0.85
15.2,17.3,52.6,Low,Sedan,Petrol,2.97
17.7,58,18.3,High,SUV,Petrol,6.45
45.8,78.3,35.1,Moderate,Sedan,Petrol,10.32
13.2,13.2,59.9,Low,Hatchback,Petrol,2.06
17.3,20,51.9,Low,Hatchback,Diesel,2.48
15.7,43.4,21.7,High,Motorcycle,Petrol,2.03
9.8,14.9,39.5,Moderate,Motorcycle,Petrol,1.04
35.1,69.3,30.4,Moderate,Sedan,Petrol,8.08
2.3,2.5,55.5,Low,Hatchback,Diesel,0.31
6.5,11.1,35.2,Moderate,Motorcycle,Petrol,0.65
12.6,30.1,25.1,High,Hatchback,Petrol,2.64
31.4,33.1,57,Low,SUV,Petrol,7.87
15.8,22,43,Moderate,Sedan,Petrol,3.29
6.4,18.6,20.7,High,Hatchback,Diesel,1.24
4.9,8.9,32.9,Moderate,SUV,Petrol,1.44
41.5,83.8,29.7,High,SUV,Diesel,12.13
13.2,14.4,55,Low,Motorcycle,Petrol,1.17
8,13,36.8,Moderate,Hatchback,Diesel,1.25
8.8,16,33,Moderate,Sedan,Petrol,2.03
2.7,4.4,37.1,Moderate,Motorcycle,Petrol,0.29
17.5,55.6,18.9,High,Hatchback,Diesel,3.36
2.9,15,11.6,Severe,Hatchback,Petrol,0.85
6.6,6.9,57.5,Low,Hatchback,Diesel,0.9
13.4,14.3,56.2,Low,Motorcycle,Petrol,1.18
4.6,11.5,23.9,High,Hatchback,Diesel,0.96
14.2,20.2,42.1,Moderate,Motorcycle,Petrol,1.47
8.3,21.7,23,High,Sedan,Diesel,1.99
9.5,23,24.8,High,Hatchback,Petrol,2.25
4.9,17.1,17.2,High,Hatchback,Diesel,0.95
5.8,16.1,21.6,High,Sedan,Petrol,1.52
12.9,15.7,49.3,Low,Hatchback,Diesel,1.81
16.5,22.9,43.2,Moderate,Hatchback,Diesel,2.44
7.2,7.2,59.7,Low,Sedan,Petrol,1.39
5.3,19,16.7,High,SUV,Petrol,1.91
34.4,72.2,28.6,High,Hatchback,Petrol,6.94
7.5,9.8,45.8,Low,Sedan,Petrol,1.44
6.7,10.4,38.5,Moderate,Hatchback,Petrol,1.2
17.8,23.5,45.4,Low,Hatchback,Petrol,2.83
7.1,11,38.9,Moderate,Sedan,Diesel,1.38
4,7.9,30.2,Moderate,Motorcycle,Petrol,0.4
13.8,44.3,18.7,High,Sedan,Petrol,3.92
13.1,25.5,30.8,Moderate,Sedan,Petrol,2.86
3.9,12.3,19.1,High,Sedan,Diesel,0.93
7.5,23.1,19.5,High,Hatchback,Diesel,1.46
15.4,20,46.1,Low,Hatchback,Petrol,2.37
2.4,8.7,16.5,High,Hatchback,Petrol,0.53
3.2,3.6,53,Low,Sedan,Petrol,0.59
6.4,6.9,56,Low,Motorcycle,Petrol,0.59
17.2,56.4,18.3,High,SUV,Petrol,6.47
10.9,66.7,9.8,Severe,Hatchback,Petrol,3.01
15.9,25.6,37.3,Moderate,Sedan,Petrol,3.32
4.1,9.2,26.7,High,Motorcycle,Petrol,0.5
14.3,24.2,35.5,Moderate,SUV,Diesel,3.7
24.8,28.7,51.9,Low,Sedan,Petrol,4.53
17.5,38.9,27,High,Hatchback,Petrol,3.62
11.4,19.5,35.1,Moderate,SUV,Petrol,3.41
12.4,18.5,40.3,Moderate,Hatchback,Diesel,1.91
3.1,4.8,38.8,Moderate,Sedan,Petrol,0.67
33.9,61.1,33.3,Moderate,Hatchback,Petrol,6.08
6.4,17.3,22.2,High,Hatchback,Diesel,1.24
7.5,35.7,12.6,Severe,Hatchback,Petrol,2.08
5.1,8.2,37.4,Moderate,Hatchback,Petrol,0.92
10.7,15.4,41.7,Moderate,SUV,Petrol,3.11
4.4,6.8,39,Moderate,Motorcycle,Petrol,0.47
9.4,18.6,30.4,Moderate,Hatchback,Petrol,1.74
15.9,66.7,14.3,Severe,Hatchback,Petrol,4.74
2.2,3.5,37.3,Moderate,Sedan,Petrol,0.48
8.7,22.1,23.6,High,Hatchback,Diesel,1.8
19.5,21.4,54.7,Low,Sedan,Petrol,3.64
2.5,27.3,5.5,Severe,SUV,Diesel,1
5.6,7.1,47.4,Low,Sedan,Petrol,1.01
14.5,19.4,44.8,Moderate,Sedan,Petrol,3.13
5.6,12.5,26.9,High,SUV,Diesel,1.67
12.8,31.5,24.4,High,Hatchback,Petrol,3.05
3,4.2,42.8,Moderate,SUV,Diesel,0.72
15.5,29.5,31.5,Moderate,Motorcycle,Petrol,1.69
5.9,14,25.3,High,Motorcycle,Petrol,0.71
3.9,33.4,7,Severe,Hatchback,Petrol,1.19
4.8,11,26.2,High,SUV,Petrol,1.65
12.2,72.5,10.1,Severe,Hatchback,Diesel,3.01
30.7,65.1,28.3,High,Hatchback,Petrol,6.74
11.1,15.7,42.3,Moderate,Sedan,Petrol,2.32
7.5,8.9,50.8,Low,SUV,Diesel,1.64
8.7,9.6,54.2,Low,Sedan,Petrol,1.58
24.7,93.8,15.8,High,Sedan,Petrol,6.65
6.1,11,33.4,Moderate,SUV,Diesel,1.6
6.8,9.9,41.4,Moderate,Hatchback,Petrol,1.17
16,16.4,58.7,Low,SUV,Diesel,3.38
21,48.3,26.1,High,Hatchback,Diesel,3.69
19.8,158.4,7.5,Severe,Sedan,Petrol,6.6
32.3,160.2,12.1,Severe,Sedan,Petrol,11.34
6.6,11.7,33.9,Moderate,SUV,Diesel,1.69
2.8,4,41.6,Moderate,Sedan,Petrol,0.6
14,41.8,20.1,High,Motorcycle,Petrol,1.73
17,23.6,43.2,Moderate,Sedan,Petrol,3.6
20.5,110.8,11.1,Severe,Motorcycle,Petrol,3.41
16.4,49.4,19.9,High,Motorcycle,Petrol,2.21
6.1,7.6,48.1,Low,Motorcycle,Petrol,0.55
26.8,50.2,32,Moderate,Sedan,Petrol,5.76
9.4,14.2,39.8,Moderate,Sedan,Diesel,1.93
6.9,15,27.6,High,Hatchback,Diesel,1.26
22.8,39.4,34.7,Moderate,Motorcycle,Petrol,2.27
16.5,29.1,34,Moderate,Hatchback,Diesel,2.77
7.4,25.5,17.4,High,Hatchback,Diesel,1.53
6.8,11.6,35.3,Moderate,Motorcycle,Petrol,0.68
15.1,30.5,29.7,High,Sedan,Petrol,3.81
11,20.1,32.9,Moderate,Sedan,Diesel,2.25
13.2,46.6,17,High,SUV,Diesel,4.25
15.1,43.6,20.8,High,Hatchback,Diesel,3.12
3.6,5.5,39.2,Moderate,Hatchback,Petrol,0.7
9.7,16.3,35.7,Moderate,Hatchback,Petrol,1.87
3.4,4.1,50.2,Low,Hatchback,Petrol,0.55
2.5,5.6,26.7,High,Hatchback,Diesel,0.47
17.8,31.2,34.2,Moderate,Sedan,Petrol,3.71
3.4,10.7,19.1,High,Hatchback,Diesel,0.7
12.3,22.3,33.1,Moderate,Hatchback,Diesel,2.04
9.2,18,30.6,Moderate,Sedan,Diesel,1.86
4,6.7,35.8,Moderate,Sedan,Petrol,0.86
4.2,5.9,42.5,Moderate,Sedan,Petrol,0.92
29.5,135.1,13.1,Severe,Motorcycle,Petrol,4.86
33.8,72.4,28,High,Hatchback,Petrol,7.38
26.3,45.3,34.8,Moderate,Hatchback,Diesel,4.21
5.7,15,22.8,High,Hatchback,Diesel,1.18
3.1,5.1,36.8,Moderate,Motorcycle,Petrol,0.34
16.1,27.1,35.7,Moderate,Motorcycle,Petrol,1.66
16.1,32,30.2,Moderate,SUV,Petrol,5.01
18.7,52.2,21.5,High,Hatchback,Diesel,3.81
21.2,179.2,7.1,Severe,Sedan,Diesel,6.83
26.7,43.1,37.2,Moderate,Hatchback,Petrol,4.85
10.8,30.4,21.3,High,Hatchback,Petrol,2.48
6.5,22,17.7,High,Hatchback,Petrol,1.56
16.4,26,37.8,Moderate,Hatchback,Diesel,2.76
9.3,20.9,26.7,High,Sedan,Diesel,2.14
4.7,4.9,57.4,Low,SUV,Petrol,1.18
10.7,27.8,23.1,High,Hatchback,Petrol,2.45
2.3,3,45.8,Low,Motorcycle,Petrol,0.21
18.7,120.6,9.3,Severe,Hatchback,Petrol,5.6
17.9,40.7,26.4,High,Hatchback,Petrol,3.79
14.1,27.5,30.8,Moderate,Hatchback,Petrol,2.57
8.7,11.3,46.2,Low,SUV,Petrol,2.28
10.8,26.2,24.7,High,Hatchback,Petrol,2.59
22.2,52,25.6,High,Sedan,Petrol,5.68
3.7,6.9,32.2,Moderate,Motorcycle,Petrol,0.39
4.4,6.7,39.4,Moderate,Hatchback,Petrol,0.82
17.2,27.1,38.1,Moderate,SUV,Petrol,5.02
5.4,7.6,42.6,Moderate,Motorcycle,Petrol,0.53
3,5.3,34.2,Moderate,Hatchback,Petrol,0.55
18.9,25.7,44.1,Moderate,Sedan,Petrol,3.77
19.1,103.2,11.1,Severe,SUV,Petrol,9
13.7,24,34.3,Moderate,Hatchback,Petrol,2.53
6.7,18.5,21.7,High,Sedan,Petrol,1.89
8,13.4,35.8,Moderate,Sedan,Petrol,1.67
20.3,57.2,21.3,High,Hatchback,Petrol,4.64
2.7,4.4,37.1,Moderate,Hatchback,Diesel,0.42
17.9,68.4,15.7,High,Motorcycle,Petrol,2.37
13.7,21.9,37.6,Moderate,Hatchback,Petrol,2.47
9.9,24,24.8,High,Sedan,Petrol,2.83
33,38.7,51.2,Low,Motorcycle,Petrol,3.01
30.1,30.4,59.4,Low,Hatchback,Petrol,5.06
10.7,23.6,27.2,High,Sedan,Diesel,2.35
2.6,6.5,24,High,Sedan,Diesel,0.66
37.2,38.3,58.3,Low,Sedan,Diesel,6.29
26,27.9,56,Low,Sedan,Petrol,4.74
16.5,24.8,40,Moderate,Hatchback,Petrol,2.93
7.2,20.8,20.8,High,Motorcycle,Petrol,0.95
5,5.9,51.1,Low,Motorcycle,Petrol,0.45
7.1,7.6,55.8,Low,SUV,Diesel,1.48
7.6,10.5,43.6,Moderate,Motorcycle,Petrol,0.74
30.2,85.1,21.3,High,Motorcycle,Petrol,3.74
2.5,6.5,23,High,Hatchback,Petrol,0.56
23.2,44.3,31.4,Moderate,Sedan,Diesel,4.48
4.4,8.3,31.9,Moderate,Hatchback,Petrol,0.8
9.2,31.5,17.5,High,SUV,Diesel,2.9
4.9,5,58.7,Low,SUV,Diesel,1.07
8.9,15.5,34.5,Moderate,Hatchback,Diesel,1.5
7.4,8.8,50.3,Low,Hatchback,Petrol,1.24
4.5,13.4,20.2,High,Motorcycle,Petrol,0.61
13.6,17.4,46.8,Low,Sedan,Petrol,2.68
20.9,36.2,34.6,Moderate,Motorcycle,Petrol,2.24
3.4,13.8,14.8,Severe,Hatchback,Diesel,0.89
37.8,54.8,41.4,Moderate,Hatchback,Petrol,6.95
3.8,5.1,44.3,Moderate,Hatchback,Diesel,0.6
19.9,209.5,5.7,Severe,Hatchback,Petrol,5.63
19.8,20.2,58.7,Low,Hatchback,Petrol,3.13
18.4,81.8,13.5,Severe,SUV,Diesel,7.04
4.5,8.2,32.9,Moderate,Hatchback,Petrol,0.85
4,6.1,39.6,Moderate,Hatchback,Diesel,0.68
2.3,2.8,49.6,Low,Hatchback,Petrol,0.35
18.9,40.1,28.3,High,Sedan,Petrol,4.62
13.2,18.6,42.6,Moderate,Sedan,Diesel,2.42
42.6,97.9,26.1,High,Hatchback,Petrol,8.63
32.9,56.2,35.1,Moderate,Hatchback,Petrol,5.83
17.3,20.2,51.3,Low,Hatchback,Diesel,2.39
16.9,22.1,45.9,Low,SUV,Diesel,3.79
11.3,39.9,17,High,SUV,Petrol,4.07
33.9,43.9,46.3,Low,SUV,Petrol,8.94
8.3,21.2,23.5,High,Hatchback,Petrol,1.91
15,35.2,25.6,High,SUV,Petrol,5.15
8.4,17.3,29.1,High,Sedan,Petrol,2.15
14.6,50.3,17.4,High,Hatchback,Diesel,2.99
24,38.5,37.4,Moderate,Hatchback,Diesel,3.9
22.2,38.7,34.4,Moderate,Hatchback,Diesel,3.43
15.1,79.5,11.4,Severe,SUV,Petrol,7.21
10.2,17.8,34.3,Moderate,Hatchback,Diesel,1.7
5.3,9.2,34.5,Moderate,Sedan,Petrol,1.2
16.1,23.7,40.8,Moderate,Hatchback,Diesel,2.51
49.6,82.9,35.9,Moderate,SUV,Petrol,14.29
7,10,42.1,Moderate,Hatchback,Petrol,1.24
26.6,79,20.2,High,SUV,Diesel,8.51
21.1,28.5,44.4,Moderate,Sedan,Petrol,4.6
20.3,26.2,46.5,Low,SUV,Petrol,5.22
27.2,40.8,40,Moderate,Sedan,Diesel,5.22
12.1,14.5,49.9,Low,SUV,Diesel,2.76
18,41.7,25.9,High,Sedan,Diesel,4.04
6.7,21.3,18.9,High,SUV,Diesel,2.22
5.5,8.5,38.8,Moderate,Motorcycle,Petrol,0.6
3.7,4.1,53.5,Low,SUV,Petrol,0.98
18.1,28.8,37.7,Moderate,Sedan,Diesel,3.56
18.3,27.2,40.3,Moderate,Hatchback,Diesel,2.78
16.6,35.4,28.1,High,Hatchback,Diesel,3.12
31.4,39,48.3,Low,Hatchback,Petrol,4.99
13.4,23.3,34.5,Moderate,Motorcycle,Petrol,1.38
29.6,45.3,39.2,Moderate,Hatchback,Petrol,5.5
12.7,21.8,34.9,Moderate,Sedan,Petrol,2.67
3.6,26.3,8.2,Severe,Hatchback,Diesel,0.9
19.2,51.7,22.3,High,Sedan,Petrol,5.13
36.6,74.2,29.6,High,Hatchback,Diesel,7.01
4.6,4.9,56.2,Low,Hatchback,Petrol,0.74
3.8,11.2,20.3,High,Hatchback,Diesel,0.79
9.1,25.3,21.6,High,Sedan,Petrol,2.54
20.7,146.1,8.5,Severe,Sedan,Petrol,7.37
3.5,3.7,56.4,Low,Hatchback,Petrol,0.57
4.2,5.1,49.2,Low,Sedan,Diesel,0.7
11.7,18.3,38.3,Moderate,Sedan,Petrol,2.5
10.5,11.6,54.5,Low,Sedan,Petrol,1.9
9.3,17.9,31.1,Moderate,Motorcycle,Petrol,1
3.9,10.2,22.9,High,Sedan,Diesel,0.92
4.1,8.1,30.2,Moderate,Hatchback,Petrol,0.75
14.4,29.8,29,High,SUV,Petrol,5.01
10.5,19,33.1,Moderate,Motorcycle,Petrol,1.13
6.6,7.1,55.4,Low,SUV,Diesel,1.43
7,15.6,27,High,Hatchback,Petrol,1.54
34.2,168.2,12.2,Severe,SUV,Petrol,16.37
18.6,51.2,21.8,High,Motorcycle,Petrol,2.42
3.3,4,48.9,Low,Motorcycle,Petrol,0.29
15.1,25.2,35.9,Moderate,Sedan,Petrol,3.42
32.5,34.4,56.7,Low,Sedan,Petrol,5.93
14.6,28.3,31,Moderate,Sedan,Diesel,2.81
16,20,48.1,Low,Hatchback,Diesel,2.27
8.1,21.3,22.8,High,Sedan,Diesel,1.97
5.5,9.5,34.8,Moderate,Motorcycle,Petrol,0.57
4.4,10.7,24.7,High,SUV,Petrol,1.61
45.8,73.5,37.4,Moderate,Hatchback,Petrol,8.52
53.1,167.7,19,High,Sedan,Diesel,12.96
30.4,57.5,31.7,Moderate,Hatchback,Petrol,5.6
51.6,52.3,59.2,Low,Sedan,Petrol,10.16
16.1,24.2,39.9,Moderate,SUV,Diesel,4.17
11.7,72.4,9.7,Severe,Sedan,Petrol,3.87
7.2,19.4,22.3,High,Hatchback,Petrol,1.72
3.7,12.8,17.3,High,Motorcycle,Petrol,0.48
43.7,46.3,56.6,Low,SUV,Diesel,9.94
16,47.1,20.4,High,Sedan,Diesel,3.87
9.2,12.7,43.6,Moderate,Sedan,Petrol,1.86
3.7,8.3,26.8,High,Sedan,Petrol,0.9
12.5,25,30,High,Sedan,Diesel,2.72
51.7,73.7,42.1,Moderate,SUV,Petrol,14.48
17.1,22.9,44.9,Moderate,Sedan,Petrol,3.73
8.1,9.4,51.9,Low,Hatchback,Diesel,1.09
4.8,11.6,24.9,High,Hatchback,Petrol,1.13
26.9,84.9,19,High,Hatchback,Petrol,6.31
6.2,11.8,31.5,Moderate,Motorcycle,Petrol,0.62
13.7,44.4,18.5,High,Sedan,Diesel,3.38
7.4,13.5,33,Moderate,Sedan,Diesel,1.43
13.6,22.6,36.1,Moderate,Sedan,Petrol,2.87
12.7,15.8,48.2,Low,SUV,Diesel,2.86
10.7,11.9,54.1,Low,Motorcycle,Petrol,0.94
13.1,36.6,21.5,High,Motorcycle,Petrol,1.77
7.7,21.8,21.2,High,SUV,Diesel,2.54
9.7,10.3,56.5,Low,Motorcycle,Petrol,0.89
19.1,62.3,18.4,High,Hatchback,Petrol,4.54
11.5,30.4,22.7,High,Motorcycle,Petrol,1.46
30,44,40.9,Moderate,SUV,Diesel,7.41
11.4,16.5,41.5,Moderate,Hatchback,Diesel,1.69
30.1,138.9,13,Severe,Hatchback,Petrol,8.87
3.3,4.5,43.8,Moderate,Sedan,Diesel,0.62
22.2,33.9,39.3,Moderate,Hatchback,Diesel,3.68
12.6,36.5,20.7,High,Hatchback,Petrol,2.86
24.2,238,6.1,Severe,Hatchback,Diesel,6.16
33.6,60.7,33.2,Moderate,Motorcycle,Petrol,3.38
52.2,65.1,48.1,Low,SUV,Petrol,13.03
14.4,92.9,9.3,Severe,Hatchback,Petrol,4.29
6,7.1,50.7,Low,Hatchback,Petrol,0.92
12.4,21.9,34,Moderate,Hatchback,Petrol,2.22
3.7,6.7,32.9,Moderate,Sedan,Diesel,0.72
9.3,10.4,53.6,Low,Motorcycle,Petrol,0.85
11.1,16,41.6,Moderate,Hatchback,Diesel,1.69
16.5,61.9,16,High,Sedan,Diesel,4.03
6.4,18.4,20.9,High,Hatchback,Petrol,1.47
23.3,33,42.4,Moderate,Hatchback,Diesel,3.64
12.6,21.9,34.5,Moderate,Sedan,Petrol,2.64
16.8,25.1,40.2,Moderate,Hatchback,Diesel,2.66
19.7,44.9,26.3,High,Sedan,Petrol,4.73
35,87.9,23.9,High,SUV,Petrol,12.52
28.4,33.4,51,Low,Sedan,Petrol,5.38
4.2,5,50,Low,Hatchback,Petrol,0.68
3.1,6.3,29.3,High,Sedan,Petrol,0.75
7.9,20.3,23.3,High,Sedan,Petrol,2.11
8.9,73.2,7.3,Severe,SUV,Petrol,4.08
13,32.1,24.3,High,Hatchback,Petrol,2.97
24.9,30.1,49.7,Low,Motorcycle,Petrol,2.21
7.5,14.8,30.4,Moderate,Hatchback,Petrol,1.32
21.3,172.7,7.4,Severe,Hatchback,Petrol,6.19
17.1,34,30.2,Moderate,Hatchback,Diesel,2.87
14.9,20.8,42.9,Moderate,SUV,Petrol,4.2
19.1,58.5,19.6,High,Hatchback,Diesel,3.92
2.7,4.3,38.1,Moderate,Hatchback,Petrol,0.5
3.9,6.9,33.9,Moderate,SUV,Petrol,1.21
18.7,36.3,30.9,Moderate,Hatchback,Petrol,3.4
56.1,258.9,13,Severe,Sedan,Petrol,19.98
29.6,53,33.5,Moderate,Hatchback,Petrol,5.51
8.6,25.8,20,High,SUV,Petrol,3.37
43.5,133.8,19.5,High,Hatchback,Petrol,9.55
9,12.9,42,Moderate,SUV,Petrol,2.7
8.9,30.7,17.4,High,Hatchback,Petrol,2.12
25.4,35.2,43.3,Moderate,SUV,Petrol,6.99
5.9,36.5,9.7,Severe,Hatchback,Petrol,1.68
14.2,22.6,37.7,Moderate,SUV,Petrol,4.22
13,17.7,44.1,Moderate,SUV,Diesel,3.17
12.6,33,22.9,High,Hatchback,Petrol,3
6.7,9.2,43.8,Moderate,Motorcycle,Petrol,0.68
3.7,4.3,51.1,Low,Sedan,Petrol,0.72
5.5,8.5,38.9,Moderate,Sedan,Diesel,1.05
18.3,22.7,48.3,Low,Sedan,Petrol,3.56
14.4,53,16.3,High,Motorcycle,Petrol,1.91
38.1,63,36.3,Moderate,Hatchback,Diesel,6.1
51.3,64.1,48,Low,Hatchback,Diesel,7.38
3.1,6.4,28.9,High,Hatchback,Petrol,0.67
33.3,68.2,29.3,High,Hatchback,Diesel,5.97
9.3,15.9,35.2,Moderate,Hatchback,Petrol,1.73
8.2,15.7,31.4,Moderate,Sedan,Petrol,1.84
8.3,26.2,19,High,Sedan,Diesel,2
17.8,33.8,31.6,Moderate,Motorcycle,Petrol,1.87
15.2,19.2,47.5,Low,Hatchback,Petrol,2.35
24.9,164.2,9.1,Severe,Motorcycle,Petrol,4.25
8.4,11.7,42.9,Moderate,Motorcycle,Petrol,0.84
14.5,21.6,40.2,Moderate,Hatchback,Diesel,2.33
4,4.6,52.2,Low,Motorcycle,Petrol,0.35
57.6,77.7,44.5,Moderate,Motorcycle,Petrol,5.96
16.6,26.8,37.1,Moderate,Sedan,Petrol,3.8
12,44.7,16.1,High,SUV,Diesel,3.82
11.7,31.8,22.1,High,SUV,Petrol,4.29
3.9,10.1,23.1,High,Sedan,Petrol,1.01
2.3,4,34.7,Moderate,SUV,Petrol,0.66
17.3,68.7,15.1,High,SUV,Petrol,6.33
21,33.6,37.5,Moderate,Hatchback,Diesel,3.25
24,33.4,43.1,Moderate,Hatchback,Diesel,3.8
5.2,14.4,21.7,High,Hatchback,Diesel,1.02
10.6,15.3,41.5,Moderate,Hatchback,Petrol,1.95
2.1,12.5,10.1,Severe,Sedan,Diesel,0.66
6.3,17.7,21.4,High,SUV,Diesel,1.96
38.8,44.5,52.3,Low,Hatchback,Diesel,5.35
16.2,31,31.4,Moderate,Hatchback,Petrol,2.97
18.5,34.7,32,Moderate,Sedan,Petrol,4.09
8.8,9.4,55.9,Low,Hatchback,Petrol,1.44
46.2,56.6,49,Low,Sedan,Petrol,8.76
3.3,23.6,8.4,Severe,Motorcycle,Petrol,0.55
4.6,5.4,51.4,Low,Hatchback,Petrol,0.73
3.3,3.5,56.8,Low,Hatchback,Diesel,0.45
34.9,148.5,14.1,Severe,Hatchback,Diesel,9.15
11.6,12.9,54,Low,Sedan,Petrol,2.25
7.2,29.4,14.7,Severe,Motorcycle,Petrol,1.2
9.4,13.5,41.8,Moderate,Sedan,Diesel,1.72
4.4,13.1,20.1,High,Hatchback,Diesel,0.89
9.8,15.8,37.1,Moderate,Hatchback,Petrol,1.85
9.2,22.3,24.7,High,SUV,Petrol,3.46
12.3,64.2,11.5,Severe,Sedan,Petrol,4.22
34.4,80,25.8,High,Sedan,Petrol,8.21
14.8,27.8,31.9,Moderate,Motorcycle,Petrol,1.52
19.7,69.9,16.9,High,Hatchback,Petrol,4.32
6.8,7.2,56.4,Low,SUV,Petrol,1.83
57.8,201.6,17.2,High,Hatchback,Diesel,11.18
18.2,25,43.7,Moderate,Hatchback,Diesel,2.75
17.9,43.8,24.5,High,Sedan,Petrol,4.94
9.8,19.7,29.8,High,Hatchback,Diesel,1.74
16.4,33.5,29.4,High,Sedan,Petrol,4.06
7.5,16.7,27,High,Hatchback,Petrol,1.63
3.4,4.7,43.7,Moderate,SUV,Petrol,1
2.1,7.4,17.1,High,Sedan,Petrol,0.59
14.3,40.7,21.1,High,Motorcycle,Petrol,1.88
5.6,7.9,42.6,Moderate,SUV,Petrol,1.63
9.4,11.6,48.7,Low,Sedan,Petrol,1.72
10.6,14.4,44.3,Moderate,SUV,Petrol,3.05
13.1,20.4,38.6,Moderate,Sedan,Petrol,2.98
16.7,37.2,26.9,High,SUV,Petrol,5.68
13.3,13.9,57.4,Low,SUV,Petrol,3.36
5.9,10.5,33.7,Moderate,Motorcycle,Petrol,0.62
9.9,18.9,31.5,Moderate,Hatchback,Petrol,1.83
7.1,12.9,32.9,Moderate,SUV,Petrol,2.08
4.6,6,45.7,Low,Hatchback,Petrol,0.71
7.7,13.1,35.3,Moderate,Sedan,Petrol,1.74
41.7,454.9,5.5,Severe,Hatchback,Diesel,10.92
19.5,37.6,31.1,Moderate,Sedan,Petrol,4.41
22,31.4,42,Moderate,Hatchback,Petrol,3.88
18.4,42.5,26,High,Motorcycle,Petrol,2.26
7.9,24.1,19.7,High,Motorcycle,Petrol,1.07
50.4,181.1,16.7,High,SUV,Diesel,15.64
11.2,72.3,9.3,Severe,Hatchback,Diesel,2.88
4.2,5.9,42.6,Moderate,Sedan,Diesel,0.76
30.1,72.5,24.9,High,Motorcycle,Petrol,3.98
3.1,12.4,15,High,Sedan,Petrol,0.81
4.5,7.5,35.8,Moderate,SUV,Diesel,1.13
9,13.4,40.3,Moderate,SUV,Petrol,2.68
17.5,33.2,31.6,Moderate,Hatchback,Petrol,3.32
18.5,46.2,24,High,Sedan,Petrol,5.05
6.8,7.2,57,Low,Motorcycle,Petrol,0.62
3.9,6.5,36.1,Moderate,Sedan,Diesel,0.78
8.5,14,36.3,Moderate,Sedan,Diesel,1.69
13.8,65.7,12.6,Severe,Sedan,Petrol,4.74
10.1,50.1,12.1,Severe,Hatchback,Petrol,2.97
16.7,126.8,7.9,Severe,Hatchback,Petrol,4.7
2.1,3.1,40.9,Moderate,SUV,Petrol,0.6
5.2,7.2,43.3,Moderate,SUV,Petrol,1.56
7.1,12.4,34.3,Moderate,Sedan,Petrol,1.62
5.8,7.9,44.2,Moderate,Hatchback,Petrol,1.01
8.9,14.3,37.4,Moderate,Hatchback,Petrol,1.62
7.4,16.3,27.3,High,Hatchback,Petrol,1.62
2.4,6.7,21.6,High,Sedan,Petrol,0.67
6.2,40,9.3,Severe,SUV,Petrol,3
14.8,22.1,40.2,Moderate,Hatchback,Petrol,2.62
8.3,30,16.6,High,Hatchback,Petrol,1.84
22.2,77.9,17.1,High,Hatchback,Diesel,4.39
2.5,3.9,38.8,Moderate,Hatchback,Diesel,0.41
15.9,28.8,33.1,Moderate,SUV,Petrol,4.75
14.8,28.2,31.5,Moderate,Hatchback,Petrol,2.82
6.2,23.4,15.9,High,Hatchback,Petrol,1.39
4.5,18.1,14.9,Severe,Sedan,Diesel,1.36
6.5,42.9,9.1,Severe,Motorcycle,Petrol,1.05
6.1,11.1,32.9,Moderate,Hatchback,Petrol,1.11
3.2,7.8,24.5,High,Hatchback,Petrol,0.72
9.2,15.5,35.6,Moderate,SUV,Petrol,2.86
39.6,47,50.5,Low,Sedan,Petrol,7.35
32.8,34,57.9,Low,Motorcycle,Petrol,2.81
5.2,5.9,53.1,Low,Hatchback,Petrol,0.84
15.5,41.7,22.3,High,Sedan,Petrol,4.18
2.7,3.2,50.9,Low,Hatchback,Petrol,0.45
24.5,31.1,47.2,Low,SUV,Petrol,6.41
6.4,9.4,40.9,Moderate,Hatchback,Petrol,1.12
2.3,10.3,13.4,Severe,Motorcycle,Petrol,0.39
3.2,7.8,24.5,High,SUV,Diesel,1.04
12.5,24.9,30.1,Moderate,Hatchback,Petrol,2.41
18.7,27.2,41.2,Moderate,SUV,Diesel,4.66
17.3,50.1,20.7,High,SUV,Petrol,6.72
14.1,20.3,41.7,Moderate,Hatchback,Diesel,2.11
2.7,7.1,22.7,High,Hatchback,Diesel,0.56
13.1,93.6,8.4,Severe,Hatchback,Diesel,3.21
14.4,28.8,30,Moderate,Hatchback,Petrol,2.62
8,17.7,27.1,High,Motorcycle,Petrol,0.94
8.5,15.4,33.2,Moderate,Hatchback,Petrol,1.62
9.3,15,37.1,Moderate,Motorcycle,Petrol,0.93
9.8,14,41.9,Moderate,Sedan,Petrol,1.99
34.1,52.1,39.3,Moderate,Sedan,Diesel,6.71
9.5,18,31.6,Moderate,Hatchback,Diesel,1.61
3.5,7.1,29.5,High,Hatchback,Diesel,0.61
8.1,14.5,33.5,Moderate,Hatchback,Petrol,1.43
19.5,29,40.3,Moderate,Hatchback,Petrol,3.44
4.7,9,31.4,Moderate,Hatchback,Petrol,0.86
2.5,3.4,44.3,Moderate,Sedan,Petrol,0.54
7.1,11.3,37.8,Moderate,Hatchback,Petrol,1.26
7.2,13.7,31.6,Moderate,Motorcycle,Petrol,0.78
14.7,40.6,21.7,High,Motorcycle,Petrol,1.95
5.8,10.1,34.6,Moderate,Hatchback,Petrol,1.12
6.2,6.4,58.3,Low,Sedan,Petrol,1.21
34.9,68.9,30.4,Moderate,Motorcycle,Petrol,3.54
9.6,28.8,20,High,Sedan,Petrol,2.55
7.3,11.4,38.5,Moderate,Sedan,Diesel,1.41
23.4,143.3,9.8,Severe,SUV,Diesel,9.54
9.3,21.1,26.4,High,Hatchback,Diesel,1.72
7,59.2,7.1,Severe,Hatchback,Petrol,2.08
18.3,24.5,44.9,Moderate,Hatchback,Petrol,3.16
9.3,14.9,37.4,Moderate,SUV,Diesel,2.29
15.6,24.7,37.9,Moderate,Motorcycle,Petrol,1.7
7,16.9,24.9,High,Hatchback,Petrol,1.54
19.9,155.1,7.7,Severe,Hatchback,Petrol,5.92
25.9,167.1,9.3,Severe,Hatchback,Petrol,7.21
32.4,60.9,31.9,Moderate,Motorcycle,Petrol,3.24
2.2,5.5,23.8,High,Sedan,Diesel,0.53
4.4,6.8,38.9,Moderate,SUV,Petrol,1.27
9.8,28.8,20.4,High,Hatchback,Diesel,1.99
7.3,10.3,42.6,Moderate,Hatchback,Petrol,1.27
49.6,59.8,49.8,Low,Sedan,Diesel,8.06
9.4,18.3,30.8,Moderate,Hatchback,Petrol,1.82
30,111.1,16.2,High,Hatchback,Petrol,6.6
11.9,21.1,33.8,Moderate,SUV,Petrol,3.58
2.7,5.3,30.7,Moderate,SUV,Petrol,0.82
8.8,25.6,20.6,High,Sedan,Petrol,2.45
57.8,124.7,27.8,High,Sedan,Petrol,15.04
4.1,7.7,31.9,Moderate,SUV,Diesel,1.04
16.3,22.5,43.5,Moderate,Hatchback,Petrol,2.85
11.3,11.3,59.9,Low,Sedan,Diesel,1.83
2.7,7.7,21,High,Hatchback,Petrol,0.59
19.7,38.9,30.4,Moderate,Hatchback,Petrol,3.5
16.1,29.5,32.8,Moderate,Motorcycle,Petrol,1.69
8.8,17.5,30.2,Moderate,Hatchback,Petrol,1.64
6.6,12.1,32.7,Moderate,Hatchback,Diesel,1.07
29.5,48.1,36.8,Moderate,Hatchback,Petrol,5.51
12.6,32.2,23.5,High,SUV,Petrol,4.56
6.9,21.9,18.9,High,SUV,Petrol,2.7
31.2,46.1,40.6,Moderate,Sedan,Petrol,6.76
21.1,69.2,18.3,High,Hatchback,Petrol,4.9
13.2,25.3,31.3,Moderate,Hatchback,Diesel,2.15
16.9,35.5,28.6,High,SUV,Petrol,5.76
16.1,19.2,50.3,Low,Hatchback,Petrol,2.63
5.1,9.4,32.5,Moderate,Sedan,Diesel,1.05
2.2,2.6,49.9,Low,Hatchback,Petrol,0.33
13.4,34.2,23.5,High,Sedan,Diesel,3.35
54.9,57.3,57.5,Low,Motorcycle,Petrol,5.12
4.8,7.3,39.7,Moderate,Hatchback,Diesel,0.76
2.5,5,29.8,High,Motorcycle,Petrol,0.29
6.2,7.4,50.3,Low,Motorcycle,Petrol,0.56
2.8,4.4,38.3,Moderate,SUV,Petrol,0.82
15.4,20.9,44.3,Moderate,Hatchback,Diesel,2.42
11.7,17.7,39.6,Moderate,Hatchback,Petrol,2.26
22.6,23.3,58.3,Low,SUV,Petrol,5.7
5.5,11.1,29.7,High,SUV,Petrol,1.85
5.8,6.4,54.3,Low,SUV,Petrol,1.45
18.3,19.9,55.2,Low,Hatchback,Petrol,2.91
29.4,54.4,32.4,Moderate,SUV,Petrol,8.68
10.2,44,13.9,Severe,Hatchback,Petrol,2.9
12.6,14.7,51.4,Low,Hatchback,Diesel,1.68
10,12.3,48.6,Low,Hatchback,Diesel,1.4
9.2,21.9,25.2,High,Motorcycle,Petrol,1.1
5.7,14.5,23.6,High,Motorcycle,Petrol,0.76
9.7,10.8,54.1,Low,Motorcycle,Petrol,0.89
5.4,15.1,21.4,High,Hatchback,Petrol,1.27
4,12.8,18.8,High,Hatchback,Petrol,0.96
5.5,8.9,37,Moderate,Hatchback,Petrol,1
15.5,16.6,55.9,Low,Hatchback,Petrol,2.39
32.5,43.2,45.1,Low,Hatchback,Petrol,5.13
2.1,4.6,27.1,High,Sedan,Diesel,0.46
17.7,18.5,57.5,Low,SUV,Petrol,4.69
11.3,29.1,23.3,High,Hatchback,Petrol,2.61
51.2,166.1,18.5,High,Motorcycle,Petrol,6.78
56.3,75.2,44.9,Moderate,Hatchback,Petrol,10.28
4.9,18,16.3,High,Motorcycle,Petrol,0.65
24.8,54.1,27.5,High,Sedan,Diesel,5.56
2.3,2.7,51.7,Low,Sedan,Petrol,0.43
9.7,25.3,23,High,SUV,Petrol,3.72
18.4,26.3,42,Moderate,SUV,Petrol,5.47
9.9,13.4,44.4,Moderate,Hatchback,Diesel,1.49
16,19.2,49.9,Low,SUV,Petrol,4.14
6.8,69.2,5.9,Severe,SUV,Diesel,2.84
12.2,27.7,26.4,High,Sedan,Diesel,2.71
8.1,29.8,16.3,High,Hatchback,Petrol,1.95
34.5,47.4,43.7,Moderate,Hatchback,Diesel,5.51
19.6,20.8,56.6,Low,Hatchback,Diesel,2.77
2.1,3.7,34.1,Moderate,Sedan,Diesel,0.4
15.8,24.1,39.3,Moderate,Hatchback,Diesel,2.66
9.2,21.1,26.2,High,SUV,Petrol,3.22
18.8,66.7,16.9,High,Hatchback,Diesel,3.72
2.4,5.2,27.7,High,Hatchback,Diesel,0.45
30.1,105,17.2,High,Hatchback,Petrol,7.23
27.7,52.6,31.6,Moderate,SUV,Petrol,8.1
14,20.6,40.7,Moderate,Motorcycle,Petrol,1.32
3.9,6,39.2,Moderate,Motorcycle,Petrol,0.42
29.8,52.3,34.2,Moderate,Sedan,Diesel,5.94
24.6,24.8,59.4,Low,Sedan,Petrol,4.83
11.4,23.7,28.9,High,Hatchback,Petrol,2.46
34.9,41.1,50.9,Low,Motorcycle,Petrol,3.21
6.6,55.8,7.1,Severe,Sedan,Petrol,2.3
15.7,16.5,57.2,Low,SUV,Petrol,4.05
13.1,23.6,33.3,Moderate,SUV,Petrol,4
10.7,18.6,34.6,Moderate,SUV,Diesel,2.77
19.6,26.2,44.9,Moderate,SUV,Petrol,5.71
19.6,20,58.8,Low,Sedan,Petrol,3.78
10,18,33.3,Moderate,Sedan,Petrol,2.13
13.2,13.5,58.6,Low,Sedan,Petrol,2.47
43.3,100.3,25.9,High,Hatchback,Diesel,8.32
30.3,55.3,32.9,Moderate,Sedan,Petrol,6.76
3,10.4,17.3,High,Sedan,Petrol,0.79
4.1,7.2,34.4,Moderate,SUV,Petrol,1.17
4.9,7.3,40.4,Moderate,Motorcycle,Petrol,0.46
35.9,58.1,37.1,Moderate,Hatchback,Petrol,6.51
31.9,45.6,42,Moderate,SUV,Petrol,8.81
12.5,45.7,16.4,High,Sedan,Petrol,3.49
18.4,30.2,36.6,Moderate,Sedan,Diesel,3.49
9.8,23.7,24.8,High,Sedan,Petrol,2.62
7.6,15.1,30.1,Moderate,Hatchback,Petrol,1.45
4.7,5.5,51.1,Low,SUV,Petrol,1.22
15.4,46.9,19.7,High,SUV,Petrol,5.55
9.9,15.2,39,Moderate,Hatchback,Diesel,1.53
16.9,48.3,21,High,Hatchback,Diesel,3.51
9.7,24.9,23.4,High,Hatchback,Diesel,1.88
13.7,27,30.4,Moderate,Hatchback,Diesel,2.11
19.2,20.6,55.8,Low,Motorcycle,Petrol,1.76
2.4,4.4,33.1,Moderate,Hatchback,Petrol,0.44
11.6,14.6,47.7,Low,Hatchback,Petrol,1.89
18.2,27.6,39.5,Moderate,SUV,Diesel,4.47
31.7,113.9,16.7,High,Motorcycle,Petrol,3.99
11.6,128.9,5.4,Severe,Hatchback,Petrol,3.49
16.5,28.9,34.2,Moderate,Sedan,Petrol,3.54
14.9,20.6,43.3,Moderate,SUV,Diesel,3.76
3.5,3.8,54.9,Low,SUV,Diesel,0.73
10,15.5,38.7,Moderate,Hatchback,Petrol,1.83
6,8.8,41.1,Moderate,Hatchback,Petrol,1.09
7.5,8.8,51.4,Low,SUV,Petrol,1.88
19.2,169.4,6.8,Severe,Sedan,Petrol,6.59
6,47.4,7.6,Severe,Sedan,Diesel,1.89
4.5,6.5,41.6,Moderate,Hatchback,Petrol,0.76
15,20.5,43.8,Moderate,Sedan,Petrol,3.14
11.4,39.8,17.2,High,Sedan,Diesel,2.84
12.6,25.2,30,Moderate,Hatchback,Petrol,2.36
20.5,30.1,40.8,Moderate,Sedan,Petrol,4.16
19.6,34,34.6,Moderate,Sedan,Diesel,3.98
11.4,20.8,32.9,Moderate,Hatchback,Petrol,2.16
6.5,8.7,44.7,Moderate,SUV,Petrol,1.92
10.8,21.8,29.7,High,Sedan,Petrol,2.56
9.4,12.5,45,Low,Sedan,Diesel,1.58
21.5,24.7,52.2,Low,Sedan,Diesel,3.49
20.9,34.5,36.4,Moderate,Sedan,Petrol,4.56
7.6,23.5,19.4,High,Hatchback,Petrol,1.83
9.4,18.8,30,Moderate,SUV,Petrol,2.71
13.6,53.7,15.2,High,Hatchback,Petrol,3.06
16.9,138.9,7.3,Severe,SUV,Petrol,7.63
39.3,243.1,9.7,Severe,Motorcycle,Petrol,6.6
16.5,39.9,24.8,High,Motorcycle,Petrol,2.1
6.8,9.5,43,Moderate,Motorcycle,Petrol,0.69
8.1,13.6,35.8,Moderate,SUV,Petrol,2.49
11.7,19.4,36.1,Moderate,Hatchback,Diesel,1.84
9.5,20.5,27.8,High,Hatchback,Diesel,1.69
17.8,58,18.4,High,Sedan,Petrol,4.98
17.7,48.9,21.7,High,Sedan,Diesel,4.5
10,17,35.2,Moderate,SUV,Diesel,2.53
10.5,18.3,34.5,Moderate,SUV,Petrol,3.02
6.9,12.5,33.2,Moderate,SUV,Petrol,2.05
2.4,4.3,33.8,Moderate,Hatchback,Petrol,0.45
3.5,6.2,33.7,Moderate,Hatchback,Petrol,0.65
2.9,10.9,15.9,High,SUV,Petrol,1.1
6.3,10.4,36.4,Moderate,Sedan,Petrol,1.45
3.8,4.7,48.6,Low,SUV,Petrol,0.99
8.5,12.6,40.4,Moderate,SUV,Diesel,2.13
8.1,28.3,17.2,High,Motorcycle,Petrol,1.02
9.7,13.2,44,Moderate,Hatchback,Diesel,1.46
32.3,44.8,43.3,Moderate,Sedan,Diesel,6.26
11.4,12.1,56.4,Low,Hatchback,Diesel,1.56
12.8,25.5,30.1,Moderate,Hatchback,Petrol,2.35
7.8,39.7,11.8,Severe,Motorcycle,Petrol,1.32
5.4,8.6,37.5,Moderate,Sedan,Diesel,1.04
8.7,10.1,51.7,Low,Motorcycle,Petrol,0.78
27.8,70.1,23.8,High,Sedan,Petrol,7.57
4.6,7.5,36.8,Moderate,Hatchback,Petrol,0.83
6.9,33.9,12.2,Severe,Sedan,Diesel,2.07
57.9,118.2,29.4,High,Sedan,Diesel,12.7
59.7,106,33.8,Moderate,Motorcycle,Petrol,6.22
3.2,4.3,44.7,Moderate,Hatchback,Petrol,0.57
8.3,15.7,31.8,Moderate,Motorcycle,Petrol,0.9
8.4,10.7,47,Low,Motorcycle,Petrol,0.78
9.5,14.3,39.9,Moderate,Hatchback,Petrol,1.67
3.9,7.3,32,Moderate,Hatchback,Petrol,0.71
3.7,5.5,40.1,Moderate,SUV,Diesel,0.91
21,31.7,39.7,Moderate,Hatchback,Petrol,4.03
8.9,32.2,16.6,High,Sedan,Petrol,2.48
18.5,29.8,37.3,Moderate,SUV,Petrol,5.5
7.6,11.6,39.3,Moderate,Sedan,Petrol,1.65
4.6,17,16.2,High,Motorcycle,Petrol,0.58
30.2,38.5,47.1,Low,Motorcycle,Petrol,2.83
15.4,30.2,30.6,Moderate,Motorcycle,Petrol,1.65
13.9,75.1,11.1,Severe,SUV,Petrol,6.55
7.5,13.1,34.3,Moderate,Motorcycle,Petrol,0.77
2.6,3.9,40.1,Moderate,SUV,Petrol,0.77
17.9,61.4,17.5,High,SUV,Diesel,5.5
5.1,8.9,34.4,Moderate,SUV,Diesel,1.33
11.4,57,12,Severe,SUV,Petrol,5.18
13.8,17,48.6,Low,Hatchback,Diesel,1.93
18.3,35.2,31.2,Moderate,SUV,Petrol,5.59
3.8,11.3,20.2,High,Motorcycle,Petrol,0.5
52.6,89.9,35.1,Moderate,Sedan,Petrol,11.72
32.8,49.6,39.7,Moderate,SUV,Petrol,9.68
4.9,8.8,33.3,Moderate,Motorcycle,Petrol,0.52
7.1,24.2,17.6,High,Hatchback,Diesel,1.42
24.7,30.4,48.8,Low,SUV,Diesel,5.34
9.3,13.6,40.9,Moderate,SUV,Petrol,2.68
9.3,18.2,30.6,Moderate,Hatchback,Petrol,1.8
19.5,30.2,38.8,Moderate,Sedan,Diesel,3.79
12.3,17.7,41.8,Moderate,Motorcycle,Petrol,1.2
9.7,14.5,40.1,Moderate,Motorcycle,Petrol,0.98
8,11.8,40.7,Moderate,Sedan,Petrol,1.7
6.8,11,37,Moderate,SUV,Petrol,2.07
3.3,10.5,18.9,High,Hatchback,Diesel,0.68
3.3,5.3,37.3,Moderate,Hatchback,Petrol,0.6
3,9.8,18.4,High,Motorcycle,Petrol,0.39
2.9,7.7,22.6,High,Hatchback,Diesel,0.56
4.8,9.4,30.8,Moderate,Motorcycle,Petrol,0.5
36,74,29.2,High,Hatchback,Petrol,7.53
23,45.5,30.3,Moderate,Sedan,Petrol,4.88
10.7,18,35.7,Moderate,Sedan,Diesel,2.07
15.8,46.7,20.3,High,Sedan,Petrol,4.36
4.9,14.8,19.9,High,Sedan,Diesel,1.18
16.3,28.3,34.5,Moderate,Hatchback,Diesel,2.73
28.4,58.6,29.1,High,SUV,Petrol,10.03
22.2,92.5,14.4,Severe,Motorcycle,Petrol,3.72
15,55.9,16.1,High,SUV,Petrol,5.36
11.8,16.2,43.6,Moderate,Sedan,Diesel,2.17
3.6,8.6,25,High,Sedan,Petrol,0.91
3.6,5.2,41.6,Moderate,Hatchback,Diesel,0.54
16.8,24.6,40.9,Moderate,Hatchback,Petrol,3.1
24.3,82.8,17.6,High,Hatchback,Diesel,4.76
17.9,22,48.8,Low,Hatchback,Diesel,2.59
25.4,87.1,17.5,High,Sedan,Petrol,6.98
12.8,31.9,24.1,High,Hatchback,Petrol,3.06
3.2,6.4,30.1,Moderate,Sedan,Petrol,0.73
12,16.2,44.4,Moderate,Motorcycle,Petrol,1.16
13.7,17.1,48.2,Low,SUV,Petrol,3.63
26.4,48.3,32.8,Moderate,Hatchback,Diesel,4.1
2.2,2.9,46.3,Low,SUV,Petrol,0.55
2.7,4.7,34.6,Moderate,Hatchback,Petrol,0.52
6.4,12.3,31.1,Moderate,Hatchback,Petrol,1.22
2.9,4.3,40.1,Moderate,Motorcycle,Petrol,0.27
7.4,8.7,50.9,Low,Sedan,Diesel,1.22
3.2,6.8,28.2,High,Sedan,Petrol,0.84
52.8,198,16,High,Sedan,Petrol,14.64
19,24.4,46.7,Low,Sedan,Diesel,3.16
8.9,9.6,55.8,Low,SUV,Petrol,2.4
9.6,16.2,35.5,Moderate,Hatchback,Petrol,1.73
17.7,25,42.4,Moderate,Sedan,Petrol,3.77
8.9,16,33.4,Moderate,SUV,Diesel,2.2
8.7,17.8,29.4,High,Sedan,Petrol,2.2
31.2,95,19.7,High,Motorcycle,Petrol,4.14
59.3,282.4,12.6,Severe,Sedan,Petrol,20.98
5.2,10.3,30.2,Moderate,Sedan,Petrol,1.19
34.5,52.9,39.1,Moderate,Motorcycle,Petrol,3.46
12.2,24.1,30.4,Moderate,Hatchback,Diesel,1.98
2.2,3,43.7,Moderate,Hatchback,Petrol,0.38
3.7,7.3,30.5,Moderate,SUV,Petrol,1.11
12.9,30.5,25.4,High,Sedan,Petrol,3.27
4.7,10.2,27.6,High,Sedan,Petrol,1.21
6.3,14.9,25.3,High,Sedan,Petrol,1.54
9,13,41.5,Moderate,Motorcycle,Petrol,0.93
19.6,115.3,10.2,Severe,Hatchback,Diesel,4.94
19.1,30.7,37.3,Moderate,Hatchback,Petrol,3.58
3.9,4.8,48.9,Low,Hatchback,Petrol,0.62
5.4,14.2,22.8,High,SUV,Diesel,1.67
5.9,7.8,45.6,Low,Hatchback,Petrol,0.93
5.5,10.4,31.8,Moderate,Hatchback,Petrol,1.02
8.2,15.8,31.2,Moderate,Sedan,Petrol,1.84
17,63.4,16.1,High,Sedan,Petrol,4.55
32.9,122.6,16.1,High,Sedan,Petrol,9.21
4.7,7.1,39.5,Moderate,Hatchback,Petrol,0.85
15,23.9,37.6,Moderate,Hatchback,Diesel,2.49
23.5,31.5,44.8,Moderate,SUV,Petrol,6.97
16.3,21.8,44.9,Moderate,SUV,Petrol,4.62
2.1,9.3,13.5,Severe,Hatchback,Diesel,0.54
6,7.5,48.3,Low,Sedan,Diesel,1.02
3,3.1,57.9,Low,Motorcycle,Petrol,0.27
23.1,74.9,18.5,High,Hatchback,Diesel,4.44
18.4,72.2,15.3,High,SUV,Petrol,6.55
15.7,21.5,43.8,Moderate,Hatchback,Petrol,2.64
7.5,10.4,43.4,Moderate,SUV,Petrol,2.1
12.5,17.4,43.1,Moderate,Motorcycle,Petrol,1.28
7.5,8.6,52.3,Low,Sedan,Diesel,1.28
21.9,55,23.9,High,Hatchback,Petrol,5.16
4.6,6,46.3,Low,SUV,Diesel,1.05
13.5,21.8,37.1,Moderate,Hatchback,Petrol,2.37
9.4,19.9,28.3,High,SUV,Petrol,3.37
4.4,6.3,41.7,Moderate,SUV,Petrol,1.22
2.9,5.2,33.2,Moderate,Hatchback,Petrol,0.52
16.1,38.2,25.3,High,SUV,Petrol,5.27
6.4,61,6.3,Severe,SUV,Petrol,3.06
9.6,31,18.6,High,Motorcycle,Petrol,1.29
19.4,34,34.2,Moderate,SUV,Diesel,4.77
16.4,52.6,18.7,High,SUV,Diesel,5.34
33.4,60.4,33.2,Moderate,Hatchback,Petrol,6.15
5.2,6.9,44.9,Moderate,Hatchback,Petrol,0.95
4.6,7.5,36.8,Moderate,SUV,Petrol,1.32
11.3,22.8,29.8,High,SUV,Diesel,3.41
51.9,80.1,38.9,Moderate,Hatchback,Diesel,7.97
11.2,108.4,6.2,Severe,Hatchback,Petrol,3.17
10.8,12.1,53.7,Low,Sedan,Petrol,2.07
4.4,13.5,19.5,High,Motorcycle,Petrol,0.55
17.7,27.8,38.2,Moderate,SUV,Petrol,5.43
10,20.3,29.6,High,Sedan,Diesel,2.28
10.6,14.7,43.3,Moderate,Sedan,Petrol,2.14
22.4,51.9,25.9,High,Sedan,Petrol,5.85
14.1,21.8,38.8,Moderate,Sedan,Diesel,2.74
6.3,9.3,40.8,Moderate,Hatchback,Diesel,1
13.6,16.5,49.6,Low,SUV,Diesel,2.88
7.7,26,17.8,High,Motorcycle,Petrol,0.99
31.2,122.4,15.3,High,Hatchback,Petrol,7.19
7.1,20,21.3,High,SUV,Diesel,2.3
23.4,24.6,57,Low,SUV,Diesel,5.18
27.7,48.7,34.1,Moderate,Hatchback,Diesel,4.45
15.4,31.9,29,High,Hatchback,Petrol,3.09
12.9,28.5,27.2,High,Hatchback,Petrol,2.69
7.4,8.2,54,Low,Hatchback,Petrol,1.24
5.8,8.1,42.9,Moderate,SUV,Petrol,1.63
3.2,3.2,59.6,Low,Hatchback,Diesel,0.44
8.8,11.9,44.3,Moderate,Hatchback,Petrol,1.61
40.6,41.5,58.7,Low,SUV,Diesel,8.9
12.6,29.1,26,High,Hatchback,Petrol,2.65
3.2,4.7,41.2,Moderate,Hatchback,Petrol,0.57
8.1,10.8,44.8,Moderate,Hatchback,Diesel,1.29
26,171.4,9.1,Severe,Motorcycle,Petrol,4.11
12.3,117.1,6.3,Severe,Sedan,Petrol,4.19
17.7,33.1,32.1,Moderate,SUV,Diesel,4.37
11.9,39.4,18.1,High,Hatchback,Diesel,2.45
31,117.7,15.8,High,Sedan,Petrol,8.16
9.5,10.2,56.1,Low,Hatchback,Petrol,1.48
16.8,43.6,23.1,High,SUV,Petrol,6.14
8.1,9.6,50.4,Low,Sedan,Petrol,1.6
3.8,4.3,52.9,Low,SUV,Petrol,1.01
11.1,62.2,10.7,Severe,Hatchback,Petrol,3.37
13,38.4,20.3,High,Hatchback,Diesel,2.52
7.3,13.2,33.3,Moderate,Sedan,Petrol,1.57
7.7,21.2,21.8,High,Sedan,Diesel,1.9
13.6,20,40.9,Moderate,Hatchback,Diesel,2.03
20.6,51.1,24.2,High,Sedan,Diesel,5.12
12.2,18.1,40.4,Moderate,Hatchback,Petrol,2.17
6.7,13.6,29.5,High,SUV,Diesel,1.97
11.3,13.2,51.5,Low,Motorcycle,Petrol,1.04
16.4,46.9,21,High,Sedan,Diesel,4.01
18.7,47.3,23.7,High,Sedan,Petrol,5.14
6.9,27.6,15,High,Sedan,Petrol,1.82
11.7,14,50.3,Low,SUV,Petrol,3.1
6.6,54.2,7.3,Severe,Sedan,Petrol,2.37
3.6,6.2,34.8,Moderate,SUV,Petrol,1.07
13.7,17.9,45.9,Low,Sedan,Petrol,2.51
20.2,21.2,57.1,Low,Sedan,Petrol,3.9
7.9,8.5,56,Low,SUV,Petrol,2.1
22.6,70.3,19.3,High,Sedan,Petrol,6
45.7,65.3,42,Moderate,Sedan,Petrol,9.08
14.3,33.1,25.9,High,SUV,Petrol,5.05
4.5,28.4,9.5,Severe,SUV,Diesel,1.82
5.8,9.8,35.4,Moderate,Motorcycle,Petrol,0.58
54.9,136.1,24.2,High,Hatchback,Petrol,12.12
9.3,22.4,24.9,High,Hatchback,Diesel,1.8
8,18.7,25.7,High,Sedan,Diesel,1.84
6,8.1,44.4,Moderate,Hatchback,Petrol,1.06
8.2,19.1,25.7,High,Hatchback,Diesel,1.44
5.5,55.9,5.9,Severe,Hatchback,Petrol,1.66
14.4,19.7,43.8,Moderate,Sedan,Petrol,2.99
4.1,4.3,57.3,Low,Sedan,Petrol,0.78
8,9.9,48.6,Low,Sedan,Petrol,1.53
12.8,26.2,29.3,High,Hatchback,Diesel,2.3
25.4,39.2,38.9,Moderate,Hatchback,Petrol,4.84
13.9,36.9,22.6,High,Hatchback,Petrol,3.05
4.5,13,20.7,High,Hatchback,Petrol,1.07
5.2,8.5,36.9,Moderate,SUV,Petrol,1.59
26.4,33.9,46.7,Low,Hatchback,Diesel,3.6
16.8,33.9,29.7,High,Sedan,Petrol,4.19
21.1,32,39.6,Moderate,Hatchback,Diesel,3.28
12.2,22.9,32,Moderate,Sedan,Diesel,2.43
8.5,14.7,34.7,Moderate,Hatchback,Diesel,1.33
8.8,10,52.8,Low,Hatchback,Diesel,1.17
4.4,7.1,37,Moderate,Motorcycle,Petrol,0.44
2.4,5.8,24.8,High,Hatchback,Petrol,0.56
11.9,17.1,41.8,Moderate,Hatchback,Diesel,1.8
16.7,41.9,23.9,High,SUV,Petrol,6.26
5.5,20.4,16.2,High,Hatchback,Petrol,1.24
29,53.7,32.4,Moderate,SUV,Diesel,7.41
17.8,122.8,8.7,Severe,Sedan,Diesel,5.27
3.2,5.8,33.1,Moderate,Hatchback,Diesel,0.51
9.7,10,58.1,Low,Motorcycle,Petrol,0.9
2.4,20.3,7.1,Severe,Motorcycle,Petrol,0.37
27.4,46.7,35.2,Moderate,Hatchback,Petrol,5.08
2.8,5.9,28.4,High,Motorcycle,Petrol,0.34
17.4,42.3,24.7,High,Motorcycle,Petrol,2.36
18.3,118.1,9.3,Severe,Sedan,Petrol,6.06
10.5,27.3,23.1,High,Motorcycle,Petrol,1.38
7.3,23.7,18.5,High,SUV,Diesel,2.41
3.5,4.9,43.1,Moderate,Sedan,Petrol,0.75
5.4,6.9,46.7,Low,Hatchback,Diesel,0.76
16.9,33.9,29.9,High,SUV,Diesel,5.07
16.3,27.1,36.1,Moderate,Sedan,Diesel,3.16
2.7,3.5,45.7,Low,Hatchback,Petrol,0.43
4.2,4.6,55.3,Low,Sedan,Petrol,0.78
14.1,15.9,53.1,Low,Hatchback,Petrol,2.35
8.4,15,33.5,Moderate,Sedan,Petrol,1.8
20.4,31.5,38.9,Moderate,SUV,Diesel,5.35
20.5,48.4,25.4,High,Sedan,Petrol,5.08
16.8,35.1,28.7,High,Hatchback,Diesel,3.08
9.9,12.6,47.1,Low,Sedan,Petrol,1.9
18.6,39,28.6,High,Hatchback,Diesel,3.48
12.9,21.6,35.9,Moderate,Hatchback,Petrol,2.35
5.1,15.9,19.3,High,Hatchback,Diesel,1.02
12.9,27.3,28.4,High,Hatchback,Diesel,2.28
16.9,17.8,57.1,Low,Motorcycle,Petrol,1.46
13.9,36.1,23.1,High,Sedan,Diesel,3.33
12.7,55.2,13.8,Severe,Sedan,Petrol,4.5
7.2,8.6,50.5,Low,Hatchback,Petrol,1.15
10.4,12.4,50.5,Low,Motorcycle,Petrol,0.98
7.7,9.8,47.2,Low,Hatchback,Petrol,1.19
25.9,29.4,52.8,Low,SUV,Petrol,6.81
18.8,35.7,31.6,Moderate,Motorcycle,Petrol,1.87
10.1,14.8,41,Moderate,Hatchback,Petrol,1.7
15.2,25.2,36.2,Moderate,Hatchback,Diesel,2.49
3.2,3.4,55.9,Low,SUV,Petrol,0.8
9,15.9,33.9,Moderate,SUV,Diesel,2.35
7.6,23.8,19.2,High,Hatchback,Diesel,1.59
12.2,27.1,27,High,Hatchback,Diesel,2.23
28.9,43,40.3,Moderate,Hatchback,Diesel,4.27
9.4,12.2,46.4,Low,Sedan,Diesel,1.66
27.8,41.9,39.8,Moderate,Motorcycle,Petrol,2.98
11.5,15.5,44.6,Moderate,Hatchback,Petrol,2.08
14.4,24.7,35,Moderate,Sedan,Petrol,3.09
25.2,31.4,48.2,Low,SUV,Petrol,6.85
8,36.4,13.2,Severe,Hatchback,Petrol,2.38
4.6,8.9,31,Moderate,Sedan,Petrol,1.02
2.2,2.7,48.7,Low,Hatchback,Petrol,0.36
9.7,9.7,59.8,Low,Sedan,Petrol,1.82
2.4,2.7,53.2,Low,Sedan,Petrol,0.46
10.8,41,15.8,High,Sedan,Petrol,3
30.8,52.2,35.4,Moderate,Hatchback,Petrol,5.83
3,11.6,15.5,High,SUV,Diesel,0.99
9.6,14.6,39.5,Moderate,Hatchback,Diesel,1.49
25.3,35.3,43,Moderate,Hatchback,Petrol,4.55
9.5,14.7,38.9,Moderate,Sedan,Petrol,2.15
13.6,24.3,33.6,Moderate,Hatchback,Petrol,2.5
18.4,35.2,31.4,Moderate,SUV,Diesel,4.81
4.4,7.1,37.4,Moderate,SUV,Petrol,1.3
14.1,16,53,Low,Sedan,Diesel,2.39
9.6,44,13.1,Severe,Hatchback,Petrol,2.81
12.6,16.9,44.7,Moderate,Hatchback,Petrol,2.31
10.5,88.7,7.1,Severe,Hatchback,Petrol,3.16
6.5,41.5,9.4,Severe,Hatchback,Petrol,1.81
9.5,20,28.5,High,Hatchback,Petrol,1.99
17.2,34.3,30.1,Moderate,Hatchback,Petrol,3.15
54.1,107.8,30.1,Moderate,Motorcycle,Petrol,5.55
11.6,51.6,13.5,Severe,Hatchback,Diesel,3.03
11.3,15.4,43.9,Moderate,Motorcycle,Petrol,1.12
28.1,40.2,41.9,Moderate,SUV,Petrol,7.84
16,21.2,45.2,Low,Hatchback,Diesel,2.27
45.8,48.7,56.4,Low,Motorcycle,Petrol,4.08
35.8,60.8,35.3,Moderate,Hatchback,Petrol,6.45
23.1,32.8,42.2,Moderate,Hatchback,Diesel,3.58
6.2,8.7,42.9,Moderate,Sedan,Petrol,1.36
2.2,3.9,33.5,Moderate,Sedan,Petrol,0.5
6.5,21.2,18.4,High,Hatchback,Petrol,1.5
5.3,9,35.2,Moderate,Hatchback,Diesel,0.86
13.7,122.7,6.7,Severe,Sedan,Petrol,4.84
23.1,77.4,17.9,High,SUV,Petrol,8.63
14.6,23.6,37.1,Moderate,Hatchback,Petrol,2.78
3.7,13.6,16.3,High,Hatchback,Petrol,0.86
8.5,11.5,44.4,Moderate,SUV,Diesel,1.99
18.5,20.5,54.1,Low,Hatchback,Diesel,2.68
8.9,11.6,46.1,Low,Hatchback,Petrol,1.4
42.7,53.4,48,Low,Motorcycle,Petrol,3.84
2.6,14.2,11,Severe,Hatchback,Diesel,0.66
8.4,11.9,42.3,Moderate,SUV,Diesel,2.07
8.7,45,11.6,Severe,Sedan,Petrol,3.14
15.3,104.3,8.8,Severe,Sedan,Petrol,5.25
5.6,31.1,10.8,Severe,Hatchback,Petrol,1.57
3.4,5.1,40.1,Moderate,Hatchback,Petrol,0.59
19.8,41.4,28.7,High,Sedan,Petrol,5.02
13.6,86.8,9.4,Severe,Hatchback,Diesel,3.45
2.9,4.3,40.2,Moderate,Hatchback,Diesel,0.45
8.5,18.3,27.8,High,Hatchback,Diesel,1.55
6.1,13.1,28,High,SUV,Petrol,1.99
27.9,75.7,22.1,High,Motorcycle,Petrol,3.61
47,97.9,28.8,High,Sedan,Diesel,10.96
34.9,61.4,34.1,Moderate,Sedan,Petrol,7.43
18.4,39,28.3,High,SUV,Petrol,6.21
24,39.2,36.7,Moderate,SUV,Petrol,7.03
12.7,24.4,31.2,Moderate,Hatchback,Petrol,2.4
5.5,9.5,34.8,Moderate,Hatchback,Petrol,0.99
12.4,19.1,39,Moderate,Hatchback,Diesel,2.04
16.1,28.9,33.4,Moderate,Sedan,Petrol,3.37
8.5,11.9,43,Moderate,Hatchback,Diesel,1.31
6.3,7.1,53,Low,Motorcycle,Petrol,0.57
6.9,10.6,39,Moderate,Hatchback,Diesel,1.06
32.2,40,48.3,Low,Hatchback,Diesel,4.68
2,6.6,18.3,High,SUV,Diesel,0.65
2.4,8.4,17.1,High,Hatchback,Petrol,0.55
14.3,24.9,34.4,Moderate,Hatchback,Petrol,2.62
20,134.8,8.9,Severe,Sedan,Petrol,6.69
22,31.2,42.3,Moderate,Sedan,Petrol,4.42
17.8,40.5,26.4,High,Hatchback,Diesel,3.12
3.4,6.6,30.7,Moderate,SUV,Petrol,1.06
5.1,40.3,7.6,Severe,Motorcycle,Petrol,0.83
12,14.8,48.5,Low,SUV,Petrol,3.05
4.6,13.4,20.6,High,SUV,Petrol,1.73
20.3,60.3,20.2,High,SUV,Petrol,7.35
8.1,9.5,51.1,Low,Sedan,Petrol,1.58
2.7,6.4,25.5,High,SUV,Petrol,0.89
9.1,17.4,31.4,Moderate,Hatchback,Petrol,1.63
13.6,35.8,22.8,High,Hatchback,Diesel,2.79
57.7,95.6,36.2,Moderate,Sedan,Petrol,13.19
19.8,38.3,31,Moderate,Hatchback,Diesel,3.17
11.2,13.1,51.4,Low,Hatchback,Petrol,1.78
6.3,17.5,21.6,High,SUV,Petrol,2.28
4,11.8,20.3,High,Hatchback,Diesel,0.79
7.4,15.7,28.2,High,Sedan,Petrol,1.85
11.9,30.6,23.3,High,SUV,Petrol,4.52
9.9,13.4,44.2,Moderate,Sedan,Diesel,1.82
18.3,73.7,14.9,Severe,Motorcycle,Petrol,3
19,104.6,10.9,Severe,Hatchback,Diesel,5.05
7,14,30.1,Moderate,SUV,Petrol,2.09
10.5,36.2,17.4,High,SUV,Petrol,4.08
16,46.4,20.7,High,Hatchback,Diesel,3.32
4,11.4,21,High,Hatchback,Petrol,0.9
7.1,8.5,50.3,Low,SUV,Diesel,1.61
12.1,15.5,46.8,Low,Motorcycle,Petrol,1.1
2.7,19.5,8.3,Severe,Hatchback,Petrol,0.75
22.1,22.1,60,Low,Motorcycle,Petrol,2.08
9.3,12.9,43.1,Moderate,SUV,Petrol,2.59
57.7,91.1,38,Moderate,SUV,Petrol,17.36
8.6,18.2,28.3,High,Sedan,Petrol,2.2
7.7,23.2,19.9,High,Sedan,Petrol,2.18
14.9,50.2,17.8,High,Sedan,Petrol,4.25
28.8,104.7,16.5,High,Hatchback,Diesel,5.72
14.2,22.5,37.9,Moderate,SUV,Petrol,4.2
2.4,3.7,38.6,Moderate,SUV,Diesel,0.62
23.9,40.1,35.8,Moderate,SUV,Petrol,7.41
15.1,22,41.1,Moderate,Motorcycle,Petrol,1.55
15.1,18.6,48.8,Low,Sedan,Petrol,2.79
5.5,13.8,23.9,High,Hatchback,Diesel,1.12
19.3,33.1,35,Moderate,Sedan,Diesel,3.79
16.6,23.9,41.6,Moderate,Hatchback,Diesel,2.54
14.9,20.7,43.1,Moderate,Hatchback,Diesel,2.21
5.6,12.9,26,High,SUV,Petrol,1.93
10.2,12.4,49.3,Low,Hatchback,Petrol,1.71
13.1,37.1,21.2,High,Motorcycle,Petrol,1.77
21.6,39.3,33,Moderate,Sedan,Diesel,4.31
11.5,20.7,33.3,Moderate,Motorcycle,Petrol,1.25
14.3,20.9,41,Moderate,Hatchback,Petrol,2.59
34.8,51.9,40.2,Moderate,Hatchback,Petrol,5.86
4.9,5.4,54.4,Low,Hatchback,Petrol,0.82
20.8,35.2,35.5,Moderate,Sedan,Diesel,4.02
13.4,27.8,28.9,High,SUV,Diesel,3.84
19.7,33.2,35.6,Moderate,Motorcycle,Petrol,2.08
18.6,29.7,37.6,Moderate,Sedan,Diesel,3.6
9.9,36.2,16.4,High,Sedan,Diesel,2.31
5.8,10,34.9,Moderate,Sedan,Petrol,1.23
15.8,28.5,33.3,Moderate,Sedan,Diesel,3.19
19.7,47.3,25,High,Sedan,Petrol,5.14
34.7,52.4,39.7,Moderate,Hatchback,Petrol,6.33
15.5,29.6,31.4,Moderate,Hatchback,Petrol,2.73
2.4,8.1,17.8,High,SUV,Petrol,0.87
12.4,22.7,32.8,Moderate,Hatchback,Diesel,1.95
14.5,15.9,54.8,Low,Motorcycle,Petrol,1.31
15.3,20.8,44.1,Moderate,Sedan,Diesel,2.84
14,44,19.1,High,SUV,Petrol,4.98
6.1,7.4,49.4,Low,SUV,Petrol,1.55
7.8,13.7,34.1,Moderate,Hatchback,Petrol,1.45
17.6,44,24,High,Sedan,Petrol,4.85
15.2,39.3,23.2,High,Sedan,Diesel,3.63
13.1,19.7,40,Moderate,Hatchback,Diesel,1.99
19.8,29.3,40.5,Moderate,Hatchback,Diesel,3
4.5,5,54.2,Low,Hatchback,Petrol,0.71
17.6,36.3,29.1,High,SUV,Petrol,6.28
5.3,31.2,10.2,Severe,Motorcycle,Petrol,0.83
39.6,41.9,56.7,Low,Hatchback,Diesel,5.63
51.1,79.8,38.4,Moderate,Hatchback,Diesel,8.04
5.9,10.4,34,Moderate,Motorcycle,Petrol,0.62
6.1,10.6,34.5,Moderate,Motorcycle,Petrol,0.64
6,7.3,49,Low,Hatchback,Petrol,0.98
24.9,60,24.9,High,SUV,Diesel,8.1
8.4,13.1,38.4,Moderate,Hatchback,Diesel,1.34
22,32,41.2,Moderate,SUV,Petrol,6.14
12.1,21.7,33.4,Moderate,Sedan,Petrol,2.55
43.9,97.6,27,High,Hatchback,Petrol,8.9
47.8,77.9,36.8,Moderate,Hatchback,Petrol,8.44
7.1,7.1,59.6,Low,Hatchback,Diesel,0.95
5,6.2,48.4,Low,Motorcycle,Petrol,0.45
2.7,4.9,32.8,Moderate,Hatchback,Petrol,0.5
27.1,40,40.7,Moderate,Hatchback,Diesel,4.25
10.5,19,33.1,Moderate,Sedan,Petrol,2.2
55,203.7,16.2,High,SUV,Petrol,20.28
2.7,4.4,36.9,Moderate,SUV,Diesel,0.71
17.7,27.2,39,Moderate,Hatchback,Petrol,3.11
6.9,9.3,44.4,Moderate,SUV,Petrol,2.05
11.9,16.6,43,Moderate,Sedan,Petrol,2.59
11.2,14.5,46.2,Low,Sedan,Petrol,2.21
5.2,9.1,34.3,Moderate,SUV,Petrol,1.56
5.6,51.7,6.5,Severe,Hatchback,Petrol,1.56
8.4,9.8,51.4,Low,Hatchback,Diesel,1.14
2.7,4.6,35.3,Moderate,Sedan,Petrol,0.57
13.3,15.4,51.9,Low,Hatchback,Petrol,2.07
14.7,17,51.8,Low,Hatchback,Petrol,2.44
8,19,25.3,High,Sedan,Petrol,1.98
5.7,7.4,46.1,Low,Hatchback,Diesel,0.77
9,12.8,42.2,Moderate,Motorcycle,Petrol,0.88
15.7,23.3,40.4,Moderate,Hatchback,Petrol,2.73
17.3,35.2,29.5,High,Motorcycle,Petrol,2.03
10.6,18.4,34.5,Moderate,Hatchback,Petrol,1.96
4.2,7.4,34,Moderate,SUV,Diesel,1.08
17.4,32.5,32.1,Moderate,Hatchback,Petrol,3.3
24.8,39.6,37.6,Moderate,SUV,Petrol,7.53
5.1,9.1,33.7,Moderate,Motorcycle,Petrol,0.51
4.5,13.2,20.5,High,Hatchback,Petrol,1.07
8.6,30.7,16.8,High,SUV,Petrol,3.2
7.1,7.5,56.8,Low,Hatchback,Diesel,0.97
8.6,12.7,40.5,Moderate,Sedan,Petrol,1.83
32.9,174.7,11.3,Severe,Sedan,Petrol,11.27
28.1,53.4,31.6,Moderate,Hatchback,Petrol,4.95
14.9,30.3,29.5,High,SUV,Petrol,5.22
2.5,4.2,35.4,Moderate,SUV,Petrol,0.74
11.9,44.3,16.1,High,Sedan,Diesel,2.87
10.3,22.7,27.2,High,SUV,Petrol,3.46
16.3,71.4,13.7,Severe,SUV,Diesel,6.39
8.7,13,40,Moderate,Motorcycle,Petrol,0.9
20.1,36.9,32.7,Moderate,Hatchback,Petrol,3.77
7.2,19.8,21.8,High,Sedan,Diesel,1.74
19.8,47.7,24.9,High,SUV,Diesel,5.99
15.1,34.7,26.1,High,Hatchback,Petrol,3.31
8.7,16.8,31,Moderate,Hatchback,Petrol,1.66
5.7,7.1,47.9,Low,Hatchback,Diesel,0.81
13.4,32.2,25,High,SUV,Petrol,4.72
31.8,34.6,55.1,Low,Sedan,Diesel,5.41
21.5,35.4,36.4,Moderate,SUV,Diesel,5.69
2.2,4,33,Moderate,Hatchback,Petrol,0.4
16.9,76.8,13.2,Severe,Hatchback,Petrol,5.06
34.6,61.8,33.6,Moderate,Motorcycle,Petrol,3.72
29.9,69,26,High,SUV,Petrol,10.05
4.9,7.1,41.2,Moderate,Motorcycle,Petrol,0.5
5.8,10.9,31.8,Moderate,Hatchback,Petrol,1.1
5.6,33.6,10,Severe,Sedan,Petrol,2.02
30,156.5,11.5,Severe,Hatchback,Petrol,8.59
15.9,53.9,17.7,High,Hatchback,Petrol,3.5
7.6,21.3,21.4,High,Sedan,Petrol,2.14
2.7,4.2,38.8,Moderate,Hatchback,Petrol,0.51
2.6,7,22.2,High,Hatchback,Petrol,0.59
8.4,22.7,22.2,High,Hatchback,Petrol,1.9
3.4,3.7,55.1,Low,SUV,Diesel,0.73
11.1,18.5,36,Moderate,Motorcycle,Petrol,1.16
4.9,7.6,38.6,Moderate,Hatchback,Petrol,0.91
7.2,12.3,35,Moderate,Motorcycle,Petrol,0.77
12.8,27.7,27.7,High,Hatchback,Diesel,2.39
9.7,26,22.4,High,Sedan,Diesel,2.27
2.6,3.2,49.5,Low,Hatchback,Petrol,0.41
17,20.4,50,Low,Hatchback,Diesel,2.29
38.9,102.8,22.7,High,SUV,Petrol,14.67
26.8,44.3,36.3,Moderate,Motorcycle,Petrol,2.72
2.8,3.9,43.3,Moderate,SUV,Diesel,0.7
13.2,19.1,41.4,Moderate,Hatchback,Diesel,2.06
8.4,9,55.8,Low,Hatchback,Petrol,1.34
14.7,43.7,20.2,High,SUV,Petrol,5.73
8.8,23.4,22.6,High,Motorcycle,Petrol,1.15
19.4,64,18.2,High,Hatchback,Diesel,3.95
5.6,47.3,7.1,Severe,Hatchback,Petrol,1.65
4.6,6.4,42.8,Moderate,Hatchback,Petrol,0.77
9.8,13.8,42.6,Moderate,Motorcycle,Petrol,0.94
8.7,15,34.9,Moderate,Sedan,Petrol,1.99
55.8,99.1,33.8,Moderate,Hatchback,Diesel,8.72
15.7,16.4,57.5,Low,Hatchback,Petrol,2.55
5.1,21.5,14.2,Severe,SUV,Diesel,2.1
7.5,28.5,15.8,High,Hatchback,Diesel,1.57
19.9,22.2,53.7,Low,SUV,Petrol,5.01
4.1,15.1,16.3,High,Hatchback,Diesel,0.8
14.9,25,35.7,Moderate,Hatchback,Petrol,2.74
10.9,22.9,28.6,High,Hatchback,Petrol,2.33
4.9,17.2,17.1,High,Hatchback,Diesel,1.02
9.2,19.6,28.2,High,Sedan,Petrol,2.32
17.3,27,38.5,Moderate,SUV,Petrol,5.35
11.7,25.2,27.9,High,Sedan,Petrol,2.85
19.1,36.2,31.7,Moderate,Hatchback,Petrol,3.38
34.4,98.3,21,High,Sedan,Petrol,9.04
26.2,26.8,58.6,Low,SUV,Diesel,5.49
18.9,20.9,54.3,Low,Sedan,Petrol,3.52
15,101.1,8.9,Severe,Hatchback,Petrol,4.16
14.6,79.6,11,Severe,Hatchback,Petrol,4.4
6.9,8.1,51.2,Low,Motorcycle,Petrol,0.63
20,173.9,6.9,Severe,Hatchback,Petrol,5.89
21.5,26,49.7,Low,Hatchback,Petrol,3.41
31.5,102.2,18.5,High,Hatchback,Petrol,7.4
3,6.4,28.2,High,Motorcycle,Petrol,0.35
27.1,33.5,48.6,Low,SUV,Petrol,6.79
8.7,27.8,18.8,High,Hatchback,Petrol,2.06
27.1,28.7,56.6,Low,Sedan,Diesel,4.68
16.6,26.2,38,Moderate,Sedan,Diesel,3.24
5.8,6.6,53.1,Low,Motorcycle,Petrol,0.54
11.3,12.4,54.8,Low,Hatchback,Petrol,1.84
8.7,18.5,28.2,High,Hatchback,Petrol,1.86
31.3,83.8,22.4,High,Motorcycle,Petrol,3.96
19.7,36.1,32.7,Moderate,Hatchback,Diesel,3.17
34.8,63.1,33.1,Moderate,Hatchback,Diesel,5.59
17.5,44.3,23.7,High,Hatchback,Petrol,4.05
6.4,16.9,22.7,High,Hatchback,Petrol,1.43
11.7,30.3,23.2,High,Sedan,Petrol,3.32
10.4,10.7,58.1,Low,Hatchback,Diesel,1.5
6.2,15.7,23.7,High,Hatchback,Petrol,1.42
11.9,14.9,47.9,Low,Hatchback,Diesel,1.7
8.5,34,15,Severe,Hatchback,Petrol,2.16
19.2,107.7,10.7,Severe,SUV,Petrol,9.31
8.3,13.2,37.6,Moderate,SUV,Petrol,2.56
9.5,19.9,28.7,High,Hatchback,Petrol,2.06
17.4,32,32.6,Moderate,Motorcycle,Petrol,1.82
3.6,12.1,17.8,High,Hatchback,Petrol,0.79
6.7,10,40.3,Moderate,Hatchback,Diesel,1.08
6.8,11.6,35.1,Moderate,SUV,Diesel,1.78
5.2,8,39.1,Moderate,Motorcycle,Petrol,0.53
2.5,3.5,43.2,Moderate,Motorcycle,Petrol,0.24
5.4,11.7,27.6,High,SUV,Petrol,1.93
7.7,16.9,27.4,High,Hatchback,Petrol,1.62
2.6,2.7,56.9,Low,Sedan,Petrol,0.51
13.5,32.3,25.1,High,SUV,Diesel,3.83
8.6,10.9,47.4,Low,SUV,Diesel,1.88
15,55.9,16.1,High,Hatchback,Diesel,2.93
37.6,42.6,53,Low,Sedan,Diesel,6.11
8.1,20.5,23.7,High,Hatchback,Diesel,1.55
28,55.4,30.3,Moderate,SUV,Petrol,8.79
16.8,160,6.3,Severe,Sedan,Petrol,5.9
2.7,3.1,52.8,Low,Motorcycle,Petrol,0.23
14.7,21.1,41.9,Moderate,Hatchback,Diesel,2.21
14.8,174.1,5.1,Severe,SUV,Diesel,5.77
16.6,24.4,40.9,Moderate,Hatchback,Petrol,2.79
9,27.8,19.4,High,Hatchback,Petrol,2.1
3,5.1,35,Moderate,SUV,Petrol,0.87
17.6,89.5,11.8,Severe,Hatchback,Petrol,5.34
8.9,31.4,17,High,Hatchback,Petrol,2.1
18,26.1,41.4,Moderate,Motorcycle,Petrol,1.79
19.1,51.2,22.4,High,Sedan,Petrol,5.15
6,11.6,31.1,Moderate,SUV,Petrol,1.73
40.6,61.7,39.5,Moderate,Hatchback,Petrol,7.49
4.9,8.4,34.8,Moderate,SUV,Petrol,1.47
29.7,65,27.4,High,Hatchback,Petrol,6.27
15,77.6,11.6,Severe,SUV,Diesel,5.71
18,29,37.3,Moderate,Hatchback,Petrol,3.22
17.7,30.4,34.9,Moderate,SUV,Diesel,4.29
32.4,73.4,26.5,High,Sedan,Petrol,8.22
2.2,3.5,37.7,Moderate,SUV,Diesel,0.53
53.5,563.2,5.7,Severe,Hatchback,Petrol,15.76
7.5,11.2,40.2,Moderate,Hatchback,Petrol,1.28
4.3,16.6,15.5,High,SUV,Diesel,1.39
14.6,38.8,22.6,High,Sedan,Diesel,3.6
29.7,104.8,17,High,Motorcycle,Petrol,3.69
31.1,58.1,32.1,Moderate,SUV,Diesel,7.52
13.1,49.1,16,High,Hatchback,Petrol,2.98
13.7,20.3,40.4,Moderate,Motorcycle,Petrol,1.33
20.3,61.8,19.7,High,Sedan,Petrol,5.56
4.2,40,6.3,Severe,Hatchback,Diesel,1.11
4.1,6.6,37.1,Moderate,Hatchback,Petrol,0.73
17.8,33,32.4,Moderate,Sedan,Petrol,3.82
8.3,10.2,48.7,Low,Hatchback,Petrol,1.32
19.9,48,24.9,High,Hatchback,Diesel,4.08
16.4,17.3,57,Low,Hatchback,Diesel,2.37
6.8,14.1,29,High,Sedan,Petrol,1.75
5.7,9,37.9,Moderate,Hatchback,Diesel,0.89
5.4,43.2,7.5,Severe,Hatchback,Diesel,1.43
18.2,19.2,56.8,Low,Hatchback,Petrol,2.79
20.9,37.3,33.6,Moderate,SUV,Petrol,6.42
9.1,24.8,22,High,Hatchback,Diesel,1.92
12.1,15.6,46.4,Low,Sedan,Petrol,2.21
23.9,85.9,16.7,High,SUV,Diesel,7.66
2.1,2.2,56.1,Low,Sedan,Petrol,0.41
3,3.3,55.1,Low,Hatchback,Petrol,0.48
29.8,143,12.5,Severe,Hatchback,Petrol,8.44
8.2,8.6,57.5,Low,Hatchback,Diesel,1.17
17.2,25.2,41,Moderate,Sedan,Diesel,3.23
24.9,36.1,41.4,Moderate,Motorcycle,Petrol,2.42
45,49.5,54.6,Low,Hatchback,Petrol,7.03
18.2,37,29.5,High,Hatchback,Petrol,3.71
15.9,42,22.7,High,SUV,Diesel,5.15
18.8,21.4,52.8,Low,Hatchback,Diesel,2.63
6,22.1,16.3,High,SUV,Diesel,1.96
25.4,55.8,27.3,High,Motorcycle,Petrol,2.96
7.6,12.3,37.2,Moderate,Hatchback,Diesel,1.24
6.7,7.8,51.4,Low,SUV,Petrol,1.66
18.7,126.1,8.9,Severe,Sedan,Petrol,6.6
18.1,48.3,22.5,High,Sedan,Diesel,4.56
19,46,24.8,High,Hatchback,Petrol,4.21
8.8,11.1,47.4,Low,Hatchback,Diesel,1.21
5.5,6.4,51.5,Low,Sedan,Diesel,0.97
22.1,70.5,18.8,High,Hatchback,Petrol,5.03
7.3,26.4,16.6,High,Sedan,Petrol,2.03
12.2,18.4,39.7,Moderate,Hatchback,Diesel,2.01
12.5,33.2,22.6,High,Sedan,Diesel,3.19
15.7,16,58.9,Low,Sedan,Diesel,2.67
28.5,85.5,20,High,SUV,Petrol,10.92
7,16.2,26,High,Motorcycle,Petrol,0.8
17.3,24.1,43.1,Moderate,SUV,Diesel,4.31
2.9,4.1,42.8,Moderate,Motorcycle,Petrol,0.28
3.7,24.9,8.9,Severe,SUV,Petrol,1.72
19.2,37.8,30.5,Moderate,SUV,Diesel,4.77
25,48.1,31.2,Moderate,Sedan,Petrol,5.26
2.1,2.7,47,Low,Motorcycle,Petrol,0.18
11.6,17.5,39.7,Moderate,SUV,Petrol,3.43
19.3,79.9,14.5,Severe,Sedan,Diesel,5.9
12.7,23,33.2,Moderate,SUV,Petrol,3.91
34.9,51.1,41,Moderate,Hatchback,Petrol,6.43
17.7,34,31.2,Moderate,Motorcycle,Petrol,1.77
5,7.3,41.3,Moderate,Hatchback,Petrol,0.89
10,13.5,44.3,Moderate,Sedan,Diesel,1.96
25.1,94.1,16,High,Motorcycle,Petrol,3.24
2.2,2.5,53.4,Low,Sedan,Petrol,0.42
8.5,92.7,5.5,Severe,Sedan,Diesel,2.61
33.6,42.9,47,Low,Sedan,Petrol,6.67
31.1,60.6,30.8,Moderate,Motorcycle,Petrol,3.12
16.7,90.3,11.1,Severe,SUV,Diesel,6.68
7.7,10.1,45.9,Low,Hatchback,Petrol,1.25
18.7,181,6.2,Severe,Sedan,Diesel,5.63
6.8,20.5,19.9,High,Sedan,Petrol,1.81
4.6,10.3,26.7,High,Sedan,Diesel,1.07
4.9,19.1,15.4,High,Hatchback,Petrol,1.18
10.6,21.2,30,Moderate,Sedan,Diesel,2.07
9.6,34.3,16.8,High,Hatchback,Petrol,2.2
14.2,37.5,22.7,High,SUV,Petrol,5.4
9.9,15.4,38.6,Moderate,Hatchback,Petrol,1.79
26.6,179.3,8.9,Severe,Sedan,Diesel,7.89
5.4,8.5,38.1,Moderate,Hatchback,Diesel,0.84
9.7,15.2,38.3,Moderate,SUV,Petrol,2.78
41.5,78.8,31.6,Moderate,Motorcycle,Petrol,4.21
4.4,9.5,27.9,High,Motorcycle,Petrol,0.5
19.2,40.7,28.3,High,Sedan,Diesel,4.26
28.4,80,21.3,High,Sedan,Diesel,7.24
34.2,55.9,36.7,Moderate,Sedan,Diesel,6.44
8.5,12.9,39.6,Moderate,Motorcycle,Petrol,0.86
5.6,8.7,38.7,Moderate,Sedan,Diesel,1.07
10.7,12,53.6,Low,Motorcycle,Petrol,0.93
13.6,35.8,22.8,High,Hatchback,Diesel,2.87
46,53.5,51.6,Low,Hatchback,Petrol,7.43
2.5,4.1,36.7,Moderate,Hatchback,Petrol,0.48
33.5,43.9,45.8,Low,Motorcycle,Petrol,3.1
51.7,470,6.6,Severe,Motorcycle,Petrol,8.82
11.2,15.5,43.4,Moderate,Motorcycle,Petrol,1.16
4,4.2,56.7,Low,Sedan,Petrol,0.77
11.2,16.6,40.6,Moderate,Hatchback,Diesel,1.7
6.3,25.2,15,High,Motorcycle,Petrol,0.85
23.2,88.7,15.7,High,Motorcycle,Petrol,2.86
24,48.6,29.6,High,SUV,Petrol,8.32
6.1,8.3,44,Moderate,Hatchback,Diesel,0.95
33,72.8,27.2,High,Hatchback,Petrol,6.61
6,60,6,Severe,Hatchback,Petrol,1.8
2.4,3.7,38.9,Moderate,SUV,Diesel,0.64
24.3,39.8,36.6,Moderate,SUV,Petrol,7.55
6,16.7,21.5,High,Motorcycle,Petrol,0.81
30.6,66.8,27.5,High,SUV,Petrol,10.31
14.3,24.9,34.4,Moderate,Sedan,Petrol,3
6,14.8,24.4,High,Hatchback,Diesel,1.22
11.7,20.7,33.9,Moderate,Sedan,Petrol,2.48
3.8,8.3,27.5,High,Sedan,Diesel,0.88
6.5,7.5,51.9,Low,SUV,Petrol,1.77
10.1,20.8,29.2,High,Hatchback,Diesel,1.84
27.2,38.5,42.4,Moderate,Hatchback,Diesel,4.17
13.9,23,36.3,Moderate,Sedan,Petrol,2.92
7.5,21.8,20.6,High,SUV,Petrol,2.88
14.5,30,29,High,SUV,Diesel,4.14
27.2,42.5,38.4,Moderate,Hatchback,Petrol,5.15
7.1,12.3,34.7,Moderate,Motorcycle,Petrol,0.77
4.9,7.5,39.3,Moderate,Sedan,Petrol,1.09
20,34.8,34.5,Moderate,Hatchback,Petrol,3.67
15.5,43.9,21.2,High,Sedan,Petrol,4.25
12.3,17.7,41.8,Moderate,Hatchback,Petrol,2.23
5.3,45.4,7,Severe,Hatchback,Petrol,1.59
2.4,2.6,55.4,Low,Motorcycle,Petrol,0.22
8.6,31.1,16.6,High,Hatchback,Diesel,1.69
4.8,8.3,34.9,Moderate,Sedan,Petrol,1.01
3.2,5.5,35.2,Moderate,Hatchback,Petrol,0.59
5.6,47.3,7.1,Severe,Hatchback,Petrol,1.64
16.5,22.6,43.9,Moderate,SUV,Petrol,4.94
57.8,80.3,43.2,Moderate,SUV,Petrol,17.09
15.8,36.2,26.2,High,Sedan,Petrol,3.93
11.4,76.9,8.9,Severe,Hatchback,Petrol,3.34
11.1,25.6,26,High,Hatchback,Diesel,2.13
5.8,19.9,17.5,High,Hatchback,Diesel,1.19
11.4,19.3,35.4,Moderate,Hatchback,Diesel,1.84
6.5,13.8,28.3,High,Hatchback,Diesel,1.14
19.3,42.6,27.2,High,Sedan,Petrol,4.95
18.6,39.9,28,High,SUV,Petrol,6.64
11,11.7,56.6,Low,SUV,Petrol,2.88
19,55.1,20.7,High,SUV,Diesel,6.14
3.5,4.1,50.9,Low,Sedan,Petrol,0.68
19.9,31.6,37.8,Moderate,Hatchback,Diesel,3.18
7.4,9,49.1,Low,Hatchback,Petrol,1.16
28.9,50.6,34.3,Moderate,SUV,Diesel,7.02
27.9,28.3,59.2,Low,Hatchback,Petrol,4.25
50,160.4,18.7,High,Hatchback,Petrol,11.6
28.5,111,15.4,High,Hatchback,Petrol,6.84
2.2,6,22,High,Hatchback,Petrol,0.49
7.5,71.4,6.3,Severe,Motorcycle,Petrol,1.22
14.9,26.4,33.9,Moderate,Hatchback,Petrol,2.74
12.3,19.2,38.4,Moderate,Hatchback,Petrol,2.18
26.1,26.8,58.4,Low,Hatchback,Petrol,4.29
11.3,18.4,36.9,Moderate,Hatchback,Petrol,2
7.1,12.6,33.8,Moderate,Motorcycle,Petrol,0.75
14.4,20.2,42.8,Moderate,Sedan,Petrol,3.13
18.9,51.3,22.1,High,Hatchback,Diesel,3.83
29,110.8,15.7,High,Sedan,Petrol,8
5.5,8.6,38.5,Moderate,SUV,Petrol,1.68
4.3,4.5,56.8,Low,Hatchback,Diesel,0.58
8.7,18.8,27.8,High,SUV,Petrol,2.85
4.2,7,35.9,Moderate,Motorcycle,Petrol,0.43
3.7,3.9,56.7,Low,SUV,Petrol,0.92
7.5,37.2,12.1,Severe,Sedan,Petrol,2.49
34.4,55,37.5,Moderate,Hatchback,Petrol,6.07
19,80.3,14.2,Severe,Hatchback,Petrol,5.27
22.8,74.8,18.3,High,Hatchback,Petrol,5.45
12.1,86.4,8.4,Severe,SUV,Petrol,5.96
33.3,56.3,35.5,Moderate,Sedan,Petrol,7.35
5.7,6.9,49.3,Low,SUV,Petrol,1.44
18.2,26.1,41.8,Moderate,SUV,Petrol,5.39
8.6,10.4,49.5,Low,Sedan,Petrol,1.57
3.6,17.1,12.6,Severe,SUV,Petrol,1.63
19.9,29.8,40.1,Moderate,Hatchback,Diesel,3.02
13.3,26.1,30.6,Moderate,Motorcycle,Petrol,1.44
23.4,34.1,41.2,Moderate,Hatchback,Petrol,4.08
4.1,5.5,45.1,Low,Hatchback,Diesel,0.55
4.1,5.6,43.8,Moderate,Sedan,Diesel,0.74
12.3,24,30.7,Moderate,Hatchback,Petrol,2.26
3.5,13.4,15.7,High,Hatchback,Diesel,0.68
11.4,12.1,56.7,Low,Hatchback,Diesel,1.57
39.8,44.1,54.1,Low,Hatchback,Petrol,6.68
19.4,26.8,43.5,Moderate,Sedan,Petrol,4.18
16.7,55.7,18,High,Hatchback,Petrol,3.86
10,16,37.5,Moderate,Sedan,Petrol,2.1
47.6,79.3,36,Moderate,Motorcycle,Petrol,4.89
6.5,9.7,40.3,Moderate,Hatchback,Diesel,1.01
5.3,5.8,55.2,Low,Hatchback,Diesel,0.74
3.4,9.5,21.4,High,Sedan,Diesel,0.82
18.5,25.4,43.7,Moderate,Hatchback,Petrol,3.36
16.3,23.1,42.4,Moderate,Sedan,Petrol,3.48
14.7,16,55.2,Low,Sedan,Petrol,2.84
7.1,14.3,29.7,High,Sedan,Petrol,1.74
24.5,70.7,20.8,High,Sedan,Diesel,6.21
6,8.7,41.4,Moderate,SUV,Diesel,1.52
29.2,29.4,59.6,Low,Sedan,Diesel,5.16
16.8,40.6,24.8,High,Motorcycle,Petrol,2.14
14.3,40.3,21.3,High,Hatchback,Diesel,2.81
34.6,52.2,39.8,Moderate,Motorcycle,Petrol,3.61
11.2,20.4,32.9,Moderate,Sedan,Petrol,2.53
17.9,24.1,44.5,Moderate,Sedan,Diesel,3.39
18.1,19.7,55.1,Low,Hatchback,Diesel,2.41
2.8,9.5,17.7,High,Hatchback,Petrol,0.65
3.7,30,7.4,Severe,SUV,Petrol,1.78
12.9,14.5,53.3,Low,Hatchback,Petrol,2
6.8,12.4,32.8,Moderate,SUV,Petrol,2.01
8.8,13.2,39.9,Moderate,Sedan,Petrol,1.91
16.9,22.5,45.1,Low,Hatchback,Petrol,2.84
19.5,33.3,35.1,Moderate,Motorcycle,Petrol,1.97
19.4,50.8,22.9,High,Hatchback,Petrol,4.62
27.2,52.5,31.1,Moderate,Hatchback,Petrol,4.99
5.7,12,28.5,High,SUV,Petrol,1.87
9.7,43.4,13.4,Severe,Hatchback,Petrol,2.86
15.2,39.3,23.2,High,SUV,Petrol,5.8
11.8,22.3,31.7,Moderate,SUV,Petrol,3.5
17.1,18.5,55.5,Low,Sedan,Petrol,3.33
7.7,13.1,35.4,Moderate,SUV,Petrol,2.23
2.8,4.8,35.2,Moderate,Hatchback,Petrol,0.54
9.1,18,30.4,Moderate,SUV,Petrol,2.72
8.4,52,9.7,Severe,SUV,Petrol,4.05
35.2,60.3,35,Moderate,Sedan,Diesel,7.09
3.9,4.9,47.6,Low,Sedan,Petrol,0.74
34.1,47.7,42.9,Moderate,Hatchback,Diesel,5.18
6.9,13.3,31.1,Moderate,SUV,Petrol,2.04
6.2,11.4,32.5,Moderate,Hatchback,Diesel,1
6,9.8,36.8,Moderate,Sedan,Diesel,1.19
20,57.4,20.9,High,SUV,Diesel,6.22
13.2,52.5,15.1,High,Sedan,Petrol,3.49
19.8,29,40.9,Moderate,Sedan,Petrol,3.98
19.1,22.7,50.4,Low,Hatchback,Petrol,3.16
5.4,6.4,50.8,Low,Hatchback,Diesel,0.76
3.4,4.1,49.7,Low,Hatchback,Petrol,0.56
9.6,22.3,25.8,High,Sedan,Diesel,2.09
8.5,14,36.5,Moderate,Sedan,Petrol,1.81
11.6,54,12.9,Severe,SUV,Petrol,5.55
7.1,13.7,31.2,Moderate,Hatchback,Diesel,1.15
19.1,20.4,56.3,Low,SUV,Diesel,4.13
8.4,13.8,36.6,Moderate,Motorcycle,Petrol,0.88
4.1,8.1,30.4,Moderate,Sedan,Petrol,0.93
4.5,4.6,58.5,Low,Motorcycle,Petrol,0.4
11.3,14.1,48.1,Low,Hatchback,Diesel,1.56
5.6,15.6,21.6,High,SUV,Petrol,2.03
6.9,10.7,38.8,Moderate,SUV,Petrol,2.08
17.8,28.5,37.5,Moderate,Hatchback,Petrol,3.18
19.5,28.6,40.9,Moderate,SUV,Diesel,4.78
9.2,9.7,57.2,Low,Hatchback,Petrol,1.5
6.9,10,41.5,Moderate,Hatchback,Petrol,1.17
15.9,23.4,40.8,Moderate,Hatchback,Diesel,2.36
2.6,7.4,21.2,High,Sedan,Petrol,0.74
13.3,109.3,7.3,Severe,Hatchback,Petrol,3.67
3.3,9.3,21.2,High,Hatchback,Petrol,0.73
9,10.6,51,Low,Hatchback,Diesel,1.32
9,16.6,32.6,Moderate,Motorcycle,Petrol,0.94
3.7,7.3,30.5,Moderate,Hatchback,Petrol,0.7
9.3,28.5,19.6,High,Hatchback,Petrol,2.06
5.7,8.9,38.6,Moderate,Hatchback,Petrol,1.05
8.1,9.1,53.3,Low,SUV,Petrol,2.13
3.9,4.6,50.5,Low,Hatchback,Petrol,0.65
8,27.3,17.6,High,Hatchback,Petrol,1.78
15,26.6,33.8,Moderate,SUV,Petrol,4.57
15.3,22.1,41.5,Moderate,Sedan,Petrol,3.11
5.7,18.1,18.9,High,Motorcycle,Petrol,0.75
12.2,16.9,43.3,Moderate,Hatchback,Diesel,1.83
5.7,19.4,17.6,High,Hatchback,Petrol,1.26
10.9,14.6,44.7,Moderate,Motorcycle,Petrol,1.05
16.4,47.3,20.8,High,Hatchback,Petrol,3.6
21.1,35,36.2,Moderate,Sedan,Diesel,4.18
2.2,5.5,23.9,High,Sedan,Diesel,0.56
18.8,19.5,57.9,Low,Hatchback,Diesel,2.66
10.4,17.1,36.4,Moderate,SUV,Petrol,2.99
11,80.5,8.2,Severe,Hatchback,Diesel,2.67
9.3,31.3,17.8,High,Motorcycle,Petrol,1.16
29.3,39.2,44.9,Moderate,Motorcycle,Petrol,3.03
11.1,12.5,53.3,Low,Motorcycle,Petrol,0.98
15.5,20.4,45.6,Low,Sedan,Petrol,2.91
16.4,97.4,10.1,Severe,Hatchback,Petrol,4.55
2.7,9.5,17,High,Hatchback,Petrol,0.6
12.5,26,28.8,High,Hatchback,Diesel,2.31
7.6,17.5,26.1,High,SUV,Petrol,2.58
5.8,8,43.4,Moderate,Motorcycle,Petrol,0.59
11.7,20,35.1,Moderate,Sedan,Petrol,2.61
15.3,44.1,20.8,High,Sedan,Petrol,4.27
5,8.8,34.1,Moderate,SUV,Petrol,1.43
8.8,11.8,44.6,Moderate,Hatchback,Diesel,1.39
28,68.6,24.5,High,Sedan,Diesel,6.79
6.9,12,34.6,Moderate,Sedan,Diesel,1.29
18.5,68.1,16.3,High,Hatchback,Petrol,4.21
13.8,42.9,19.3,High,Hatchback,Petrol,3.26
25.2,40.3,37.5,Moderate,Motorcycle,Petrol,2.65
5.2,9.6,32.4,Moderate,Hatchback,Petrol,0.99
19.5,27.7,42.3,Moderate,SUV,Petrol,5.68
8.2,14.7,33.4,Moderate,Motorcycle,Petrol,0.83
32,43.8,43.8,Moderate,Hatchback,Petrol,5.45
8.5,14.8,34.4,Moderate,Sedan,Petrol,1.89
5.9,10.9,32.5,Moderate,Hatchback,Petrol,1.12
29.3,42.5,41.4,Moderate,Motorcycle,Petrol,2.85
8.3,14.7,33.8,Moderate,Motorcycle,Petrol,0.9
10.5,13,48.4,Low,Sedan,Petrol,1.98
4.1,4.6,53.6,Low,Hatchback,Petrol,0.63
13.2,43.3,18.3,High,SUV,Petrol,5.04
9.5,27.7,20.6,High,Hatchback,Petrol,2.14
3,5.5,32.5,Moderate,Hatchback,Petrol,0.53
4,6.6,36.1,Moderate,Hatchback,Petrol,0.74
3.2,3.8,50.7,Low,Hatchback,Petrol,0.53
16.9,21.8,46.5,Low,Motorcycle,Petrol,1.45
9.1,12.2,44.9,Moderate,Hatchback,Diesel,1.44
6,10.5,34.2,Moderate,Sedan,Petrol,1.31
26.4,62.9,25.2,High,Sedan,Diesel,5.65
15.5,19.6,47.4,Low,Motorcycle,Petrol,1.33
5.3,12.3,25.8,High,Sedan,Diesel,1.22
18.5,25.1,44.3,Moderate,Hatchback,Petrol,3.19
10.6,14.3,44.4,Moderate,Hatchback,Petrol,1.93
4.9,17.6,16.7,High,Motorcycle,Petrol,0.61
15.7,28.1,33.5,Moderate,Hatchback,Petrol,2.97
4,8.5,28.2,High,Hatchback,Diesel,0.77
7.2,10.5,41.2,Moderate,Hatchback,Petrol,1.25
3.1,12.2,15.2,High,Sedan,Diesel,0.74
53.7,76.4,42.2,Moderate,Sedan,Petrol,11.71
26.3,35.2,44.8,Moderate,SUV,Petrol,7.25
18.4,32.8,33.7,Moderate,Hatchback,Petrol,3.38
5.8,7.3,47.5,Low,Hatchback,Petrol,0.96
47.7,77.6,36.9,Moderate,Hatchback,Petrol,8.53
9.9,13.7,43.4,Moderate,Sedan,Diesel,1.89
42.5,87,29.3,High,Hatchback,Diesel,7.91
7.7,13.3,34.7,Moderate,SUV,Diesel,1.92
4,7.1,33.6,Moderate,Sedan,Petrol,0.84
4.4,4.5,58.1,Low,Motorcycle,Petrol,0.4
13.7,18.9,43.4,Moderate,SUV,Petrol,3.91
16.9,60,16.9,High,SUV,Petrol,6.59
16.2,45.4,21.4,High,Hatchback,Petrol,3.67
3,5.9,30.4,Moderate,SUV,Petrol,0.86
17.1,45.8,22.4,High,Hatchback,Diesel,3.28
5.3,9.2,34.5,Moderate,SUV,Petrol,1.53
10.9,32.2,20.3,High,Hatchback,Petrol,2.47
17.2,41.3,25,High,Hatchback,Petrol,3.63
7.5,10.3,43.8,Moderate,Motorcycle,Petrol,0.76
9.1,14.5,37.6,Moderate,Hatchback,Diesel,1.41
8.7,32.2,16.2,High,Sedan,Petrol,2.4
2.3,3.1,44,Moderate,Hatchback,Petrol,0.41
9.1,13.5,40.4,Moderate,Hatchback,Diesel,1.36
14.2,18.1,47,Low,Motorcycle,Petrol,1.33
13.7,51.4,16,High,Hatchback,Diesel,2.8
6.5,13.7,28.4,High,Sedan,Diesel,1.51
15.5,24.1,38.6,Moderate,SUV,Petrol,4.88
10.9,19.6,33.4,Moderate,Hatchback,Petrol,1.92
13.9,28,29.8,High,Hatchback,Petrol,2.94
4,5.4,44.1,Moderate,Hatchback,Petrol,0.71
10.1,18.3,33.1,Moderate,Hatchback,Petrol,1.88
14.3,21.3,40.2,Moderate,Hatchback,Petrol,2.56
5.1,9.5,32.2,Moderate,Hatchback,Petrol,0.93
16.4,26.7,36.8,Moderate,Hatchback,Diesel,2.56
13.1,13.8,57,Low,Motorcycle,Petrol,1.22
12.2,33.3,22,High,Hatchback,Diesel,2.41
17.1,25.4,40.4,Moderate,Hatchback,Diesel,2.59
12.3,20.4,36.2,Moderate,Hatchback,Petrol,2.33
3.9,46.8,5,Severe,SUV,Diesel,1.58
13.3,37.6,21.2,High,Hatchback,Petrol,3.01
34.5,80.5,25.7,High,Hatchback,Diesel,6.34
5.9,13.1,27.1,High,Hatchback,Petrol,1.22
7.2,54,8,Severe,Hatchback,Petrol,2.04
8.8,15.4,34.2,Moderate,Hatchback,Petrol,1.66
17.2,43,24,High,Motorcycle,Petrol,2.12
4.9,7.3,40.3,Moderate,SUV,Petrol,1.36
17.4,18.9,55.3,Low,Motorcycle,Petrol,1.54
11,42,15.7,High,SUV,Diesel,3.39
6,9.8,36.8,Moderate,Hatchback,Diesel,1
4.3,13.3,19.4,High,Sedan,Petrol,1.16
16,25.5,37.6,Moderate,Motorcycle,Petrol,1.73
21.1,23.5,53.8,Low,Sedan,Petrol,4.04
7.8,13.3,35.3,Moderate,Sedan,Petrol,1.71
59,130.6,27.1,High,Hatchback,Diesel,11.01
17.1,24.3,42.2,Moderate,Motorcycle,Petrol,1.77
15.6,22.4,41.7,Moderate,Hatchback,Diesel,2.48
13.2,18.8,42.1,Moderate,Sedan,Petrol,2.82
6.3,18.8,20.1,High,Hatchback,Diesel,1.33
30.6,58.5,31.4,Moderate,Hatchback,Petrol,5.6
3.5,19.8,10.6,Severe,SUV,Diesel,1.43
53.9,155.5,20.8,High,Hatchback,Petrol,12.74
7.1,8.4,50.7,Low,Sedan,Petrol,1.31
6.2,8.3,44.9,Moderate,Sedan,Petrol,1.25
33.5,166.1,12.1,Severe,Sedan,Petrol,12.05
8.1,13.4,36.4,Moderate,Motorcycle,Petrol,0.84
3.3,3.6,54.7,Low,Hatchback,Diesel,0.46
44.4,88.8,30,Moderate,Sedan,Petrol,9.94
7.3,10.4,42.1,Moderate,SUV,Diesel,1.78
10.3,14.6,42.3,Moderate,Hatchback,Petrol,1.79
10.1,40.7,14.9,Severe,Hatchback,Petrol,2.94
17.5,26.3,39.9,Moderate,SUV,Petrol,5.26
10.6,13.2,48.2,Low,Hatchback,Diesel,1.53
9.1,11.1,49.1,Low,Sedan,Petrol,1.65
4.6,6.1,45.2,Low,Hatchback,Petrol,0.71
8.3,32.8,15.2,High,Hatchback,Diesel,1.7
58.1,92.2,37.8,Moderate,Motorcycle,Petrol,5.89
8.1,14,34.6,Moderate,Sedan,Petrol,1.76
18.2,70.5,15.5,High,Sedan,Petrol,4.78
19.5,37.7,31,Moderate,Hatchback,Petrol,3.77
3,7.3,24.6,High,SUV,Diesel,0.94
2.7,14,11.6,Severe,Hatchback,Petrol,0.77
15.8,17.7,53.7,Low,Hatchback,Petrol,2.54
17.4,25.5,40.9,Moderate,Hatchback,Diesel,2.61
14.5,23.5,37,Moderate,Motorcycle,Petrol,1.44
18.3,47.9,22.9,High,Motorcycle,Petrol,2.46
33.4,72.9,27.5,High,Hatchback,Petrol,7.09
48.8,85.4,34.3,Moderate,SUV,Diesel,11.81
3.6,5.3,40.4,Moderate,Sedan,Petrol,0.76
14.5,17.1,50.8,Low,Hatchback,Petrol,2.41
13.5,26,31.2,Moderate,Hatchback,Petrol,2.58
8.5,16.6,30.8,Moderate,Sedan,Petrol,1.93
15.9,74.5,12.8,Severe,SUV,Petrol,7.57
18.7,23.7,47.3,Low,Motorcycle,Petrol,1.77
5.5,6.3,52.6,Low,SUV,Petrol,1.46
5.3,8.5,37.3,Moderate,Sedan,Petrol,1.18
6.8,23.2,17.6,High,Hatchback,Diesel,1.36
5.2,8.6,36.2,Moderate,Motorcycle,Petrol,0.55
8,13,36.8,Moderate,SUV,Petrol,2.46
42.4,92.8,27.4,High,Sedan,Diesel,9.29
16.5,92.5,10.7,Severe,Hatchback,Petrol,4.79
31.4,40.3,46.7,Low,SUV,Petrol,7.96
8.9,10.3,51.9,Low,Hatchback,Petrol,1.49
10.6,14.8,43,Moderate,Motorcycle,Petrol,1
12,24.1,29.9,High,Motorcycle,Petrol,1.38
7.6,8.7,52.3,Low,Sedan,Petrol,1.41
17.5,50.7,20.7,High,SUV,Diesel,5.69
12.4,26.3,28.3,High,Hatchback,Diesel,2.27
4.5,13.4,20.1,High,Sedan,Petrol,1.28
3.5,5,42.4,Moderate,Hatchback,Petrol,0.6
18.7,24.2,46.3,Low,Hatchback,Petrol,3.04
17.2,36.1,28.6,High,Hatchback,Diesel,3.31
5.3,10.9,29.3,High,Motorcycle,Petrol,0.63
7.5,10,44.9,Moderate,Sedan,Diesel,1.44
14.1,14.1,59.9,Low,Hatchback,Petrol,2.28
6.6,9.5,41.6,Moderate,SUV,Petrol,1.97
6.1,13.1,28,High,SUV,Diesel,1.71
6.6,24.1,16.4,High,Sedan,Petrol,1.78
6.3,7.1,53.1,Low,Sedan,Diesel,1.04
2,5.9,20.2,High,Hatchback,Petrol,0.48
14.3,15.6,55,Low,Motorcycle,Petrol,1.22
49.5,101.4,29.3,High,Hatchback,Petrol,10.74
17.1,62.6,16.4,High,Hatchback,Diesel,3.4
11.7,16.1,43.6,Moderate,Hatchback,Petrol,2.08
5.1,13.4,22.9,High,Motorcycle,Petrol,0.66
6.6,17.1,23.2,High,Hatchback,Petrol,1.54
5.7,18.8,18.2,High,Hatchback,Petrol,1.28
24.4,28.2,52,Low,SUV,Diesel,5.18
12.4,17.1,43.4,Moderate,Hatchback,Petrol,2.25
9.1,14.1,38.6,Moderate,Sedan,Petrol,2.1
7.2,9.6,45,Moderate,Hatchback,Diesel,1.06
37.4,54.1,41.5,Moderate,Sedan,Diesel,7.32
13.6,26.2,31.1,Moderate,SUV,Petrol,4.02
19.3,178.2,6.5,Severe,Motorcycle,Petrol,3.1
11,13.3,49.7,Low,Sedan,Petrol,2.14
17.5,39,26.9,High,Hatchback,Petrol,3.49
2.1,2.6,48.9,Low,SUV,Petrol,0.56
19.1,40.4,28.4,High,Hatchback,Petrol,3.84
5.1,8,38.2,Moderate,Hatchback,Petrol,0.98
22.2,26.5,50.2,Low,Motorcycle,Petrol,2.08
9.2,23.4,23.6,High,Hatchback,Diesel,1.92
2.6,2.6,58.9,Low,SUV,Diesel,0.58
3.4,13.2,15.4,High,Hatchback,Diesel,0.65
5.6,9.6,35.1,Moderate,Motorcycle,Petrol,0.59
15,17.4,51.8,Low,SUV,Petrol,3.99
6.5,16.7,23.3,High,Hatchback,Diesel,1.32
8.6,8.7,59.4,Low,Motorcycle,Petrol,0.74
11.8,16.5,42.9,Moderate,SUV,Petrol,3.49
28.2,29.6,57.2,Low,Sedan,Petrol,5.27
4.6,4.9,56.1,Low,Motorcycle,Petrol,0.4
16,24.6,39,Moderate,Hatchback,Petrol,3.09
13.7,47,17.5,High,Hatchback,Petrol,3.04
49,86,34.2,Moderate,Hatchback,Diesel,8.28
56,93.6,35.9,Moderate,Hatchback,Petrol,10.44
7.9,18.2,26.1,High,Hatchback,Petrol,1.58
4,4.5,53.3,Low,SUV,Diesel,0.89
4.6,4.6,59.6,Low,SUV,Petrol,1.22
29.9,59,30.4,Moderate,Hatchback,Petrol,5.75
11.7,15.3,45.8,Low,Hatchback,Petrol,1.89
2.9,3.7,46.9,Low,Motorcycle,Petrol,0.27
3.6,6,35.9,Moderate,SUV,Petrol,1.06
25.9,69.7,22.3,High,Hatchback,Petrol,5.82
5,6.4,47,Low,Hatchback,Diesel,0.72
31.9,59.4,32.2,Moderate,Sedan,Petrol,6.79
12.1,35.8,20.3,High,Motorcycle,Petrol,1.61
15.9,27.6,34.6,Moderate,Sedan,Diesel,3
5.2,15.7,19.9,High,Motorcycle,Petrol,0.66
14.3,19.4,44.2,Moderate,Motorcycle,Petrol,1.38
14.3,22.7,37.8,Moderate,Sedan,Petrol,3.24
12.5,20.9,35.8,Moderate,Hatchback,Petrol,2.4
17.6,31.9,33.1,Moderate,Sedan,Diesel,3.37
7.9,22.6,21,High,Sedan,Petrol,2.12
8.4,17.9,28.2,High,Hatchback,Diesel,1.48
8.5,12.5,40.8,Moderate,Sedan,Petrol,1.82
9,14.6,36.9,Moderate,Hatchback,Petrol,1.68
14.2,21.8,39,Moderate,Hatchback,Diesel,2.41
5.8,8.9,39.1,Moderate,Hatchback,Diesel,0.95
12.5,22.7,33.1,Moderate,Motorcycle,Petrol,1.3
28.7,168.8,10.2,Severe,SUV,Petrol,13
19.7,30,39.4,Moderate,Hatchback,Petrol,3.63
11.6,12.6,55.3,Low,SUV,Petrol,3.06
30.2,41.4,43.8,Moderate,Sedan,Petrol,6.32
5.3,10.2,31.1,Moderate,Hatchback,Petrol,0.96
57.9,79,44,Moderate,Hatchback,Petrol,10.01
11.6,29.9,23.3,High,Hatchback,Diesel,2.41
5.9,8.9,39.6,Moderate,Sedan,Petrol,1.31
9.6,14.6,39.4,Moderate,Sedan,Petrol,2.06
13.5,63.3,12.8,Severe,Motorcycle,Petrol,2.13
10.6,34.9,18.2,High,Motorcycle,Petrol,1.33
13.7,22,37.4,Moderate,Sedan,Petrol,3.08
23.8,51.6,27.7,High,Hatchback,Petrol,4.75
12.7,37.2,20.5,High,Hatchback,Petrol,3.03
7.8,11.2,41.6,Moderate,Sedan,Diesel,1.46
15.2,16.3,56,Low,Sedan,Diesel,2.65
5.6,9.9,34,Moderate,Motorcycle,Petrol,0.59
17.4,18,58,Low,Hatchback,Diesel,2.54
11.9,18.1,39.5,Moderate,Motorcycle,Petrol,1.3
9.5,13.4,42.5,Moderate,SUV,Diesel,2.4
41.1,86.2,28.6,High,Motorcycle,Petrol,5.02
9.8,34.4,17.1,High,Sedan,Petrol,2.76
15,18,49.9,Low,SUV,Petrol,3.95
19.3,61.3,18.9,High,Motorcycle,Petrol,2.41
8.3,10.6,46.8,Low,Motorcycle,Petrol,0.74
6,9.7,37.2,Moderate,Motorcycle,Petrol,0.62
57,84.2,40.6,Moderate,SUV,Petrol,16.19
13.3,19,42,Moderate,Hatchback,Diesel,2.04
16.1,19.6,49.4,Low,Sedan,Petrol,3.06
14.6,15.1,58,Low,SUV,Petrol,3.66
4,4.4,54.6,Low,Motorcycle,Petrol,0.36
4.5,6.2,43.3,Moderate,Hatchback,Petrol,0.82
5.7,19.7,17.4,High,SUV,Diesel,1.79
7.5,8.1,55.7,Low,SUV,Petrol,2.01
2.5,3.7,40.5,Moderate,Motorcycle,Petrol,0.25
3.1,7.4,25.1,High,SUV,Diesel,0.88
9.8,19.5,30.1,Moderate,Hatchback,Petrol,1.77
16.5,46.7,21.2,High,Sedan,Petrol,4.38
9.7,20.3,28.7,High,Sedan,Diesel,2.14
23.6,267.2,5.3,Severe,Hatchback,Petrol,6.58
8.5,19.3,26.4,High,Motorcycle,Petrol,1.01
4.7,7.8,36.1,Moderate,Hatchback,Petrol,0.83
16.7,196.5,5.1,Severe,Motorcycle,Petrol,2.63
20.5,32.9,37.4,Moderate,SUV,Petrol,5.93
9.4,13.2,42.6,Moderate,Motorcycle,Petrol,0.93
3.4,19.2,10.6,Severe,Sedan,Diesel,1.02
2.3,6.9,20,High,Hatchback,Petrol,0.53
15.9,37.6,25.4,High,Hatchback,Diesel,2.83
23.8,46.1,31,Moderate,Motorcycle,Petrol,2.46
8.1,11.3,43,Moderate,Sedan,Petrol,1.62
45.6,57,48,Low,Hatchback,Diesel,6.32
10.8,11.7,55.5,Low,Motorcycle,Petrol,1
8.5,9.3,55.1,Low,Hatchback,Diesel,1.18
15.1,181.2,5,Severe,Hatchback,Diesel,3.7
10.7,18.8,34.1,Moderate,SUV,Petrol,3.34
12.5,25.7,29.2,High,Sedan,Diesel,2.89
17.3,22.1,47,Low,Sedan,Petrol,3.37
10.1,10.5,57.8,Low,Hatchback,Petrol,1.63
24.9,50.1,29.8,High,Hatchback,Petrol,4.98
7.7,7.7,59.9,Low,Sedan,Diesel,1.33
25.1,124.5,12.1,Severe,Hatchback,Petrol,7.44
18.1,35.5,30.6,Moderate,Hatchback,Petrol,3.26
5.3,9.2,34.6,Moderate,Hatchback,Petrol,0.99
9.6,15.8,36.5,Moderate,Sedan,Petrol,2.06
11.5,26.6,25.9,High,Sedan,Diesel,2.54
5.7,14.1,24.3,High,SUV,Diesel,1.76
30.9,43.4,42.7,Moderate,Hatchback,Diesel,4.59
2.6,6,26.2,High,Hatchback,Diesel,0.47
18.7,53.7,20.9,High,Sedan,Diesel,4.58
2.2,11.8,11.2,Severe,SUV,Petrol,1.08
17.5,33.3,31.5,Moderate,Hatchback,Petrol,3.2
30.6,52.8,34.8,Moderate,SUV,Petrol,8.85
5.8,7.1,49.1,Low,SUV,Diesel,1.33
2.8,3.6,46.5,Low,Hatchback,Diesel,0.39
31.7,54.7,34.8,Moderate,Hatchback,Petrol,5.57
6,10.4,34.7,Moderate,Motorcycle,Petrol,0.62
7.1,31.8,13.4,Severe,SUV,Petrol,3.36
19.3,24.3,47.6,Low,Sedan,Petrol,3.62
5,33,9.1,Severe,Hatchback,Petrol,1.48
5.3,7.6,42.1,Moderate,Sedan,Petrol,1.08
16.1,36.7,26.3,High,Hatchback,Petrol,3.55
32.3,125,15.5,High,Motorcycle,Petrol,4.3
32.7,128.2,15.3,High,Motorcycle,Petrol,4.23
10.3,12.5,49.4,Low,Motorcycle,Petrol,0.88
16.6,29.3,34,Moderate,Hatchback,Petrol,2.98
9,21.3,25.4,High,Sedan,Petrol,2.18
31,35.2,52.9,Low,SUV,Diesel,7.14
29.6,83.4,21.3,High,Sedan,Diesel,7.21
11.4,11.6,58.9,Low,Hatchback,Diesel,1.56
15.1,24.5,37,Moderate,Sedan,Petrol,3.41
14.5,32.5,26.8,High,SUV,Petrol,4.79
34,40.9,49.9,Low,Sedan,Diesel,5.57
4.9,13.2,22.2,High,SUV,Petrol,1.79
4.7,6.1,46.6,Low,SUV,Petrol,1.2
9.5,16.5,34.6,Moderate,Motorcycle,Petrol,0.96
6.2,10.4,35.9,Moderate,SUV,Petrol,1.92
22.6,51.4,26.4,High,SUV,Petrol,7.58
16.9,26.4,38.4,Moderate,Hatchback,Petrol,3.15
5.8,14.7,23.6,High,Motorcycle,Petrol,0.78
11.8,22.1,32,Moderate,Sedan,Petrol,2.71
5.3,12.4,25.7,High,SUV,Petrol,1.89
9.9,25.9,22.9,High,SUV,Petrol,3.8
14.3,32.7,26.2,High,Hatchback,Petrol,3.03
12.9,26.1,29.7,High,Sedan,Diesel,2.75
13.4,24.1,33.4,Moderate,Sedan,Diesel,2.51
14.6,22.7,38.6,Moderate,Hatchback,Diesel,2.36
13.8,42.7,19.4,High,Motorcycle,Petrol,1.86
30.2,44.6,40.6,Moderate,Sedan,Petrol,6.51
10.2,15.4,39.7,Moderate,Hatchback,Petrol,1.93
8.5,21.3,23.9,High,Hatchback,Petrol,1.92
4.7,7.3,38.7,Moderate,SUV,Petrol,1.44
7.1,14.2,29.9,High,Hatchback,Petrol,1.42
9.5,15.3,37.3,Moderate,Hatchback,Petrol,1.7
33.5,45.1,44.6,Moderate,SUV,Diesel,8.05
11.3,18,37.7,Moderate,Motorcycle,Petrol,1.23
5.7,10.6,32.3,Moderate,Hatchback,Petrol,1.02
23.1,167,8.3,Severe,Motorcycle,Petrol,3.75
16.8,30.4,33.2,Moderate,Motorcycle,Petrol,1.8
8.4,21.9,23,High,Sedan,Petrol,2.33
7.7,11.8,39,Moderate,Hatchback,Petrol,1.42
16.9,19.2,52.7,Low,Motorcycle,Petrol,1.51
34.9,56.3,37.2,Moderate,Hatchback,Petrol,6.7
50.1,75.1,40,Moderate,Sedan,Diesel,9.74
14.6,49.8,17.6,High,SUV,Petrol,5.41
12.4,135.3,5.5,Severe,Hatchback,Diesel,3.11
57.9,107.9,32.2,Moderate,Hatchback,Petrol,10.94
27.3,54.2,30.2,Moderate,Motorcycle,Petrol,2.91
16.6,18,55.3,Low,SUV,Petrol,4.3
9.6,14.3,40.2,Moderate,Motorcycle,Petrol,0.92
4.1,9.2,26.8,High,Hatchback,Petrol,0.9
6.6,6.7,59.4,Low,Sedan,Petrol,1.23
8.9,10.7,49.8,Low,Sedan,Diesel,1.5
40.4,44.2,54.8,Low,Hatchback,Petrol,6.74
10.5,30.3,20.8,High,Hatchback,Petrol,2.5
55.2,209.6,15.8,High,Hatchback,Diesel,10.67
7.2,15.2,28.4,High,Hatchback,Diesel,1.35
19.9,49.5,24.1,High,Hatchback,Petrol,4.77
31.5,48.8,38.7,Moderate,Sedan,Petrol,6.89
4.9,7.6,38.8,Moderate,SUV,Petrol,1.54
19.2,27.8,41.5,Moderate,Motorcycle,Petrol,1.87
11.8,31.9,22.2,High,Hatchback,Petrol,2.65
18.3,34.4,31.9,Moderate,Sedan,Petrol,4.14
3.3,4.8,41.4,Moderate,SUV,Petrol,0.93
16.9,33.9,29.9,High,Sedan,Petrol,4.27
7.8,12.9,36.2,Moderate,Hatchback,Petrol,1.51
6.5,8.1,48.3,Low,Hatchback,Diesel,0.93
5.9,5.9,59.8,Low,Sedan,Petrol,1.14
15.5,52.5,17.7,High,Motorcycle,Petrol,2.06
3.1,8.1,22.9,High,Sedan,Petrol,0.88
9.2,28.3,19.5,High,Motorcycle,Petrol,1.18
18.5,30.7,36.2,Moderate,SUV,Petrol,5.53
6.2,8.2,45.1,Low,Motorcycle,Petrol,0.59
30.9,34.8,53.2,Low,Motorcycle,Petrol,2.78
4.5,31.8,8.5,Severe,Hatchback,Diesel,1.15
13.2,17.6,45,Low,Motorcycle,Petrol,1.19
14.2,20.2,42.1,Moderate,Hatchback,Petrol,2.39
6.3,16.3,23.2,High,Sedan,Petrol,1.7
13.9,19,44,Moderate,Hatchback,Diesel,2.13
14.1,19.1,44.3,Moderate,Sedan,Diesel,2.55
30.4,272.2,6.7,Severe,Hatchback,Diesel,7.59
5.9,8.2,43.3,Moderate,Sedan,Petrol,1.21
3.3,13.1,15.1,High,Motorcycle,Petrol,0.41
17.5,20.1,52.2,Low,Motorcycle,Petrol,1.59
2.6,4,38.8,Moderate,Sedan,Diesel,0.51
6.3,19.1,19.8,High,Hatchback,Petrol,1.44
9.8,16.1,36.5,Moderate,Hatchback,Petrol,1.82
5.6,8.2,41.2,Moderate,SUV,Petrol,1.63
2.9,3.2,54.5,Low,Sedan,Diesel,0.48
16,21.9,43.8,Moderate,Hatchback,Petrol,2.73
14.8,26.4,33.6,Moderate,Sedan,Petrol,3.16
5.6,7.7,43.5,Moderate,Hatchback,Diesel,0.87
31.3,85.4,22,High,Hatchback,Petrol,7.32
23.3,51.4,27.2,High,Hatchback,Diesel,4.46
2.1,3.1,41.1,Moderate,Sedan,Petrol,0.44
4.6,7.2,38.6,Moderate,Hatchback,Diesel,0.73
7.3,26.5,16.5,High,Hatchback,Petrol,1.64
20.8,137.1,9.1,Severe,Hatchback,Petrol,6.21
25.5,188.9,8.1,Severe,Motorcycle,Petrol,4.2
15.7,142.7,6.6,Severe,Hatchback,Diesel,4.02
27.9,40.3,41.5,Moderate,Hatchback,Petrol,4.98
17.8,35.8,29.8,High,Sedan,Diesel,3.87
14.7,22.3,39.6,Moderate,Sedan,Petrol,3.21
2.2,3.4,38.5,Moderate,Sedan,Diesel,0.45
54.8,130,25.3,High,Hatchback,Diesel,10.23
3.1,4.2,44.2,Moderate,Motorcycle,Petrol,0.31
53.5,209.8,15.3,High,Sedan,Petrol,14.15
26.1,29.7,52.8,Low,Hatchback,Petrol,3.97
16.7,46.8,21.4,High,Hatchback,Petrol,3.77
18.4,76.1,14.5,Severe,Sedan,Petrol,6.42
17.2,24.2,42.7,Moderate,Sedan,Diesel,3.37
13,19.2,40.7,Moderate,SUV,Diesel,3.24
7.9,12,39.4,Moderate,Hatchback,Petrol,1.51
20.5,30.4,40.5,Moderate,Hatchback,Petrol,3.5
6.8,13.2,31,Moderate,Hatchback,Petrol,1.24
5.6,5.7,59,Low,Sedan,Diesel,0.99
6.6,14.9,26.6,High,Hatchback,Diesel,1.24
2.7,4.4,37.2,Moderate,Hatchback,Diesel,0.44
18.3,28.9,38,Moderate,Hatchback,Petrol,3.44
19.8,27,44,Moderate,Sedan,Petrol,4.11
5.2,8.6,36.2,Moderate,Motorcycle,Petrol,0.54
9.5,15.5,36.7,Moderate,Hatchback,Diesel,1.58
8.5,12.4,41.2,Moderate,Sedan,Diesel,1.59
13.5,17.8,45.6,Low,Hatchback,Diesel,1.94
17.4,34.3,30.4,Moderate,Sedan,Petrol,3.75
3.7,6.5,34.4,Moderate,Hatchback,Petrol,0.66
11.5,132.7,5.2,Severe,Hatchback,Petrol,3.43
19.4,34.5,33.7,Moderate,Sedan,Petrol,4.33
7.4,8.9,50.1,Low,Hatchback,Petrol,1.18
4.3,11.9,21.6,High,SUV,Petrol,1.53
25,33.9,44.2,Moderate,Sedan,Petrol,5.29
9,13.4,40.2,Moderate,Motorcycle,Petrol,0.88
13.1,21.5,36.6,Moderate,Hatchback,Diesel,2.2
34.2,281.1,7.3,Severe,SUV,Petrol,15.66
3.1,3.7,50.4,Low,SUV,Diesel,0.65
7.8,15.1,31,Moderate,SUV,Petrol,2.38
4.2,9.4,26.8,High,Sedan,Diesel,0.93
6.9,16,25.9,High,Hatchback,Petrol,1.51
10.2,21.8,28.1,High,SUV,Diesel,2.96
15,18.1,49.7,Low,Hatchback,Diesel,2.07
10.5,14.3,44.2,Moderate,Hatchback,Petrol,1.76
19.7,40.1,29.5,High,Motorcycle,Petrol,2.42
9.1,13.9,39.4,Moderate,Hatchback,Petrol,1.71
13.6,16.7,48.8,Low,Hatchback,Petrol,2.28
3.9,4.7,50.2,Low,Sedan,Petrol,0.73
13.9,47.9,17.4,High,SUV,Diesel,4.33
17.5,30.3,34.6,Moderate,Hatchback,Petrol,3.09
15.1,53.9,16.8,High,Motorcycle,Petrol,1.98
4.7,6.4,44,Moderate,Hatchback,Petrol,0.82
21.2,48,26.5,High,Sedan,Diesel,4.65
23.9,30,47.8,Low,Hatchback,Diesel,3.41
16.3,23.3,41.9,Moderate,SUV,Petrol,4.89
7.3,16.2,27,High,Hatchback,Petrol,1.57
10.4,16.7,37.3,Moderate,Sedan,Petrol,2.21
11.9,19.9,35.9,Moderate,Hatchback,Petrol,2.29
30.1,31.7,57,Low,Hatchback,Diesel,4.13
8.1,11.6,42,Moderate,Sedan,Petrol,1.67
4.6,8.8,31.3,Moderate,Hatchback,Diesel,0.74
2.7,3.7,44.1,Moderate,Motorcycle,Petrol,0.26
2.1,6.6,19.1,High,Hatchback,Diesel,0.42
5.8,6.8,51,Low,Sedan,Petrol,1.1
9,45,12,Severe,Sedan,Petrol,2.99
4.5,15.2,17.8,High,Sedan,Petrol,1.28
12.5,23.1,32.4,Moderate,Hatchback,Petrol,2.29
9.3,16.2,34.4,Moderate,Motorcycle,Petrol,0.95
15.1,16.6,54.5,Low,Hatchback,Petrol,2.53
14.6,21.7,40.3,Moderate,Motorcycle,Petrol,1.41
11.9,13.9,51.3,Low,Hatchback,Diesel,1.61
30.9,87.9,21.1,High,Hatchback,Diesel,6.51
7.5,11.3,39.7,Moderate,Motorcycle,Petrol,0.79
3.5,4.1,51,Low,Motorcycle,Petrol,0.32
2.9,5.8,30.2,Moderate,Hatchback,Petrol,0.52
12.2,13.4,54.8,Low,SUV,Diesel,2.79
2.1,3.7,34.2,Moderate,SUV,Petrol,0.63
18.7,61.3,18.3,High,Sedan,Diesel,4.76
13.7,17.6,46.7,Low,Hatchback,Diesel,1.99
15.4,17.7,52.3,Low,Hatchback,Petrol,2.42
20.3,33.5,36.4,Moderate,Sedan,Diesel,3.88
2.5,3.4,44.3,Moderate,Sedan,Diesel,0.45
8.9,13.5,39.6,Moderate,Hatchback,Diesel,1.51
8.3,76.6,6.5,Severe,Motorcycle,Petrol,1.34
19.4,57.9,20.1,High,Motorcycle,Petrol,2.42
4.3,4.4,58,Low,SUV,Diesel,0.95
13.9,29.5,28.3,High,Hatchback,Petrol,2.95
11.8,68.7,10.3,Severe,Sedan,Petrol,4.26
6.4,16.4,23.4,High,SUV,Diesel,1.95
9.6,17.5,32.9,Moderate,Sedan,Diesel,1.81
3.6,4,54.3,Low,Sedan,Diesel,0.58
8.8,25.3,20.9,High,Hatchback,Petrol,1.92
7.2,12.6,34.3,Moderate,SUV,Diesel,1.82
15.3,28.2,32.6,Moderate,Hatchback,Petrol,2.84
34.1,36,56.8,Low,Hatchback,Petrol,5.43
19.6,38.4,30.6,Moderate,Hatchback,Diesel,3.23
19.5,52.5,22.3,High,Motorcycle,Petrol,2.47
15.1,26.1,34.7,Moderate,Sedan,Petrol,3.17
16.3,55.6,17.6,High,Motorcycle,Petrol,2.16
5.3,8.4,37.8,Moderate,Sedan,Petrol,1.22
16.5,22.6,43.8,Moderate,Sedan,Petrol,3.4
7.9,16.1,29.5,High,Sedan,Petrol,1.91
3.2,11.9,16.2,High,Hatchback,Petrol,0.74
12.8,24.3,31.6,Moderate,SUV,Diesel,3.28
2.9,3.4,51.1,Low,Hatchback,Petrol,0.45
23.1,24,57.7,Low,Sedan,Diesel,4.05
7.5,10,44.8,Moderate,SUV,Petrol,2.12
23.4,30.3,46.4,Low,Hatchback,Petrol,3.62
2.5,2.9,51.7,Low,Sedan,Petrol,0.47
23.8,45,31.7,Moderate,SUV,Petrol,6.81
9.2,9.6,57.6,Low,SUV,Petrol,2.46
12.3,17.6,42,Moderate,Motorcycle,Petrol,1.2
5.8,9.8,35.4,Moderate,Hatchback,Petrol,1.12
3.5,20.4,10.3,Severe,SUV,Petrol,1.58
4.6,8.5,32.5,Moderate,Sedan,Diesel,0.89
5.6,6.8,49.5,Low,Hatchback,Petrol,0.9
3,4.5,40.2,Moderate,Motorcycle,Petrol,0.31
17.9,61.7,17.4,High,Motorcycle,Petrol,2.27
19.1,39.9,28.7,High,Motorcycle,Petrol,2.28
14,30.1,27.9,High,Hatchback,Diesel,2.53
37.3,54.9,40.8,Moderate,Hatchback,Petrol,6.77
4.9,8.1,36.2,Moderate,Hatchback,Diesel,0.83
9.4,13.2,42.6,Moderate,SUV,Petrol,2.79
5.3,9.2,34.7,Moderate,Motorcycle,Petrol,0.56
14.8,49.6,17.9,High,Hatchback,Petrol,3.57
5.9,21.7,16.3,High,Hatchback,Petrol,1.38
2.8,3.5,48.2,Low,Hatchback,Petrol,0.47
16.5,32.6,30.4,Moderate,Hatchback,Petrol,3.08
8.7,17.1,30.5,Moderate,Sedan,Diesel,1.77
33.7,63.4,31.9,Moderate,Hatchback,Petrol,6.47
8.6,10.4,49.4,Low,Hatchback,Diesel,1.17
11.7,58,12.1,Severe,SUV,Diesel,4.55
42.9,71.7,35.9,Moderate,Sedan,Petrol,9.65
3.8,9.2,24.7,High,Motorcycle,Petrol,0.51
2.6,2.7,58.8,Low,Hatchback,Petrol,0.42
29,44.2,39.4,Moderate,Hatchback,Petrol,5.24
13.9,14.5,57.7,Low,Sedan,Petrol,2.59
12.3,59,12.5,Severe,Hatchback,Diesel,2.97
4.6,16.6,16.6,High,SUV,Petrol,1.8
21.6,32.3,40.1,Moderate,Sedan,Diesel,4.16
17.6,20.2,52.4,Low,Sedan,Diesel,3.03
15.8,47.9,19.8,High,SUV,Petrol,5.94
12.3,15.8,46.6,Low,SUV,Petrol,3.35
14.9,48.1,18.6,High,Hatchback,Petrol,3.59
32.8,53.9,36.5,Moderate,Sedan,Petrol,7.32
13.6,40,20.4,High,Hatchback,Diesel,2.83
18.6,18.7,59.8,Low,SUV,Petrol,4.6
21.7,36.2,36,Moderate,Sedan,Petrol,4.83
13.6,23.4,34.9,Moderate,SUV,Diesel,3.29
9.4,12.3,46,Low,Hatchback,Diesel,1.3
14,19.4,43.2,Moderate,Sedan,Diesel,2.56
7.1,8.5,50.2,Low,Hatchback,Diesel,1.02
29.5,201.1,8.8,Severe,SUV,Petrol,14.45
15.1,22.1,41,Moderate,SUV,Petrol,4.45
3,13.6,13.2,Severe,Sedan,Petrol,1.04
22.2,76.6,17.4,High,Hatchback,Petrol,5.02
11.4,12.3,55.4,Low,SUV,Petrol,2.92
14.3,21.3,40.3,Moderate,SUV,Diesel,3.38
8.3,12.3,40.6,Moderate,Hatchback,Petrol,1.48
5.9,8.1,43.6,Moderate,Hatchback,Diesel,0.93
4,4.5,53.9,Low,Motorcycle,Petrol,0.35
6.1,6.6,55.6,Low,Hatchback,Petrol,1.02
20,20.2,59.4,Low,SUV,Petrol,5.39
19.1,48.6,23.6,High,Hatchback,Diesel,3.91
16.1,87,11.1,Severe,Hatchback,Diesel,3.96
6.7,12.1,33.3,Moderate,SUV,Petrol,2.1
10.7,20.5,31.3,Moderate,Hatchback,Petrol,2.05
7.2,9.5,45.4,Low,Hatchback,Petrol,1.18
8.9,13.8,38.7,Moderate,Motorcycle,Petrol,0.96
30.7,104.7,17.6,High,Hatchback,Diesel,5.98
33.6,48.2,41.8,Moderate,Sedan,Petrol,7.17
20.9,47.3,26.5,High,Sedan,Petrol,5.38
5.8,23.7,14.7,Severe,Sedan,Petrol,2
11.7,15.7,44.8,Moderate,Sedan,Diesel,2.2
7.2,11,39.3,Moderate,SUV,Petrol,2.07
3.9,17.5,13.4,Severe,Hatchback,Diesel,0.99
18,32.7,33,Moderate,Sedan,Diesel,3.51
12.3,15.3,48.3,Low,Hatchback,Petrol,1.92
3.4,10.4,19.7,High,Hatchback,Diesel,0.71
4.6,7.8,35.3,Moderate,SUV,Petrol,1.33
4.1,9.8,25,High,SUV,Petrol,1.41
7.2,9.6,44.9,Moderate,Hatchback,Diesel,1.13
14.9,23.3,38.3,Moderate,Hatchback,Petrol,2.75
5.7,36.8,9.3,Severe,Hatchback,Petrol,1.71
23.2,24.6,56.6,Low,Hatchback,Petrol,3.86
9.1,30,18.2,High,Motorcycle,Petrol,1.13
19.9,46.8,25.5,High,Motorcycle,Petrol,2.47
13.4,20.7,38.9,Moderate,Sedan,Diesel,2.72
2.5,3.8,39.3,Moderate,Motorcycle,Petrol,0.25
27.3,90,18.2,High,Sedan,Diesel,6.73
33.4,45.8,43.8,Moderate,Sedan,Petrol,6.73
3.5,4.7,44.6,Moderate,Hatchback,Petrol,0.62
23.7,34,41.8,Moderate,Hatchback,Diesel,3.81
28.6,85.8,20,High,Motorcycle,Petrol,3.66
26.6,94.4,16.9,High,SUV,Diesel,8.75
10.3,16.2,38.2,Moderate,SUV,Petrol,3.2
9.8,13.4,43.8,Moderate,Sedan,Petrol,2.1
18.5,26.4,42,Moderate,Motorcycle,Petrol,1.79
4.6,9.2,30,High,SUV,Diesel,1.37
26.7,48.8,32.8,Moderate,Motorcycle,Petrol,2.71
29.5,120.4,14.7,Severe,Motorcycle,Petrol,5.02
14.2,44.4,19.2,High,Sedan,Petrol,3.73
6,8.8,41,Moderate,SUV,Petrol,1.8
9.1,33.7,16.2,High,Motorcycle,Petrol,1.16
10.5,41.2,15.3,High,Hatchback,Petrol,2.48
44,87.7,30.1,Moderate,Hatchback,Petrol,7.96
7.7,13.1,35.4,Moderate,Sedan,Petrol,1.74
9.7,28.7,20.3,High,Hatchback,Petrol,2.34
16.1,46.2,20.9,High,Hatchback,Petrol,3.54
48.3,120.7,24,High,SUV,Petrol,18.07
9.1,26.2,20.8,High,Hatchback,Diesel,1.75
13.7,27.1,30.3,Moderate,Hatchback,Petrol,2.41
33.9,38.7,52.5,Low,Hatchback,Petrol,5.3
27.3,63.5,25.8,High,Hatchback,Petrol,5.89
29.4,62.1,28.4,High,SUV,Petrol,9.78
14,16.7,50.4,Low,Motorcycle,Petrol,1.21
19.2,29.6,38.9,Moderate,Hatchback,Diesel,3.15
17.6,30.5,34.6,Moderate,Motorcycle,Petrol,1.84
9.2,11.9,46.3,Low,SUV,Petrol,2.38
9.5,29.7,19.2,High,Sedan,Diesel,2.4
6.6,19.9,19.9,High,Sedan,Diesel,1.58
34.6,192.2,10.8,Severe,Hatchback,Diesel,8.85
4.7,12.2,23.2,High,Motorcycle,Petrol,0.59
49.5,153.9,19.3,High,SUV,Diesel,15.65
9.7,26.2,22.2,High,SUV,Diesel,3.06
32.8,59.5,33.1,Moderate,Sedan,Petrol,7.04
2.9,3.3,53.1,Low,Hatchback,Petrol,0.47
5.5,15.3,21.5,High,SUV,Petrol,1.96
15.9,33.6,28.4,High,Hatchback,Diesel,2.81
16.5,27,36.7,Moderate,Motorcycle,Petrol,1.71
20.2,56.9,21.3,High,Motorcycle,Petrol,2.57
7,19.5,21.5,High,SUV,Diesel,2.27
18.2,35.6,30.7,Moderate,Hatchback,Petrol,3.34
57.9,451.2,7.7,Severe,Hatchback,Petrol,17.37
20.8,83.2,15,Severe,SUV,Diesel,7.52
41.4,62.7,39.6,Moderate,SUV,Diesel,10.92
8.5,10,50.8,Low,Sedan,Petrol,1.69
8,13.7,35,Moderate,Hatchback,Diesel,1.29
34.1,112.4,18.2,High,SUV,Diesel,11.29
9.2,12.3,45,Moderate,Motorcycle,Petrol,0.95
16.9,17.2,58.9,Low,Sedan,Petrol,3.28
14.7,22,40.1,Moderate,Motorcycle,Petrol,1.46
28.3,126.7,13.4,Severe,Motorcycle,Petrol,4.73
14.3,25.6,33.5,Moderate,Motorcycle,Petrol,1.53
17.9,20.7,52,Low,SUV,Petrol,4.67
17.7,81.7,13,Severe,Hatchback,Diesel,4.29
50.1,95.4,31.5,Moderate,Hatchback,Petrol,9.6
15.3,17.5,52.4,Low,Sedan,Petrol,3.05
13.9,89.7,9.3,Severe,Hatchback,Diesel,3.59
25.1,33.1,45.5,Low,Hatchback,Petrol,3.99
10.6,37.2,17.1,High,Hatchback,Diesel,2.03
3.7,11.3,19.6,High,SUV,Petrol,1.34
13,13,59.8,Low,Sedan,Diesel,2.27
4.3,8.2,31.4,Moderate,Hatchback,Petrol,0.78
11.2,38.2,17.6,High,SUV,Petrol,4.09
9.9,15.5,38.3,Moderate,Motorcycle,Petrol,1.07
9.3,17.8,31.4,Moderate,Hatchback,Petrol,1.77
28.4,115.1,14.8,Severe,Motorcycle,Petrol,4.68
5.5,8.5,38.7,Moderate,Hatchback,Petrol,1.06
28.4,45.8,37.2,Moderate,Motorcycle,Petrol,3
24.3,27.8,52.5,Low,Hatchback,Petrol,3.88
6.4,24.3,15.8,High,Hatchback,Diesel,1.32
27.1,28.6,56.9,Low,Motorcycle,Petrol,2.46
26,35.3,44.2,Moderate,Hatchback,Petrol,4.54
11.5,27.8,24.8,High,Hatchback,Diesel,2.32
11.4,56.1,12.2,Severe,SUV,Petrol,5.58
18.8,26.5,42.5,Moderate,Motorcycle,Petrol,1.78
6.2,11.4,32.5,Moderate,Sedan,Petrol,1.4
6.9,9.1,45.3,Low,Hatchback,Diesel,0.99
18.7,127.5,8.8,Severe,Hatchback,Diesel,4.56
3.8,14.4,15.8,High,Hatchback,Petrol,0.84
26.9,35.1,46,Low,Sedan,Diesel,4.46
14.6,128.8,6.8,Severe,Hatchback,Petrol,4.06
12.2,24.1,30.4,Moderate,Sedan,Petrol,2.79
10.3,12.4,49.8,Low,Hatchback,Petrol,1.7
37.3,72.4,30.9,Moderate,Hatchback,Diesel,5.77
14.6,27.9,31.4,Moderate,Motorcycle,Petrol,1.5
55,647.1,5.1,Severe,Motorcycle,Petrol,9.16
20,169,7.1,Severe,Hatchback,Diesel,5.07
10.4,22.2,28.1,High,Hatchback,Diesel,1.87
3.3,6.7,29.7,High,Sedan,Petrol,0.85
30.2,40.5,44.7,Moderate,Sedan,Petrol,6.24
7.5,12.5,36,Moderate,Hatchback,Diesel,1.26
41.8,61.5,40.8,Moderate,SUV,Diesel,9.69
30.7,32.4,56.8,Low,Motorcycle,Petrol,2.72
4.5,8.7,31.1,Moderate,Hatchback,Diesel,0.74
34.4,97.8,21.1,High,SUV,Petrol,12.74
18,56.5,19.1,High,Motorcycle,Petrol,2.39
50.2,70.5,42.7,Moderate,Hatchback,Petrol,9.18
4.5,6.3,42.6,Moderate,Hatchback,Petrol,0.82
13.9,33.5,24.9,High,SUV,Petrol,4.99
14.9,31.7,28.2,High,SUV,Petrol,5.23
2.9,4.1,42.4,Moderate,Hatchback,Petrol,0.53
2.6,3.7,41.8,Moderate,Hatchback,Diesel,0.38
5.9,8.3,42.8,Moderate,Hatchback,Petrol,1.01
9.2,70.8,7.8,Severe,Hatchback,Diesel,2.28
5.2,20.4,15.3,High,Sedan,Diesel,1.31
8.6,12.9,40,Moderate,SUV,Diesel,2.16
4,8,29.9,High,Hatchback,Petrol,0.8
16.7,21.2,47.2,Low,Motorcycle,Petrol,1.43
51.5,56.4,54.8,Low,Hatchback,Petrol,8.57
4.9,7.3,40.1,Moderate,Hatchback,Diesel,0.78
7.9,24.1,19.7,High,Hatchback,Petrol,1.74
8.4,16.2,31.2,Moderate,SUV,Petrol,2.59
7.9,31.4,15.1,High,Sedan,Petrol,2.1
19.7,32.3,36.6,Moderate,Sedan,Petrol,4.32
14.3,21.3,40.3,Moderate,Sedan,Petrol,3.09
12.3,23.2,31.8,Moderate,Hatchback,Diesel,2.01
4.9,9,32.7,Moderate,Hatchback,Petrol,0.88
8.6,66.2,7.8,Severe,SUV,Diesel,3.49
7.5,8.3,53.9,Low,SUV,Diesel,1.68
17.7,24.9,42.7,Moderate,Motorcycle,Petrol,1.76
7.4,7.9,56.3,Low,SUV,Petrol,1.87
2.1,4.1,30.6,Moderate,Hatchback,Diesel,0.32
5.2,12.1,25.8,High,SUV,Petrol,1.73
9.2,49.3,11.2,Severe,Motorcycle,Petrol,1.52
5.1,11.6,26.3,High,Sedan,Petrol,1.33
8.4,11.7,42.9,Moderate,Motorcycle,Petrol,0.85
9.9,11.8,50.4,Low,Motorcycle,Petrol,0.88
19.3,47.7,24.3,High,Hatchback,Diesel,3.83
34.9,235.3,8.9,Severe,Hatchback,Petrol,10.18
32.3,67.8,28.6,High,Motorcycle,Petrol,3.81
8.7,45.8,11.4,Severe,Hatchback,Petrol,2.41
2,3.1,38.1,Moderate,Sedan,Diesel,0.41
7.7,19.7,23.5,High,Motorcycle,Petrol,1.02
2.5,7.6,19.7,High,SUV,Petrol,0.95
18.5,39.2,28.3,High,Hatchback,Petrol,4.02
5,15.5,19.3,High,Sedan,Petrol,1.3
24.7,44.1,33.6,Moderate,Hatchback,Petrol,4.56
10.2,28.6,21.4,High,Hatchback,Diesel,1.95
20.7,95.5,13,Severe,Motorcycle,Petrol,3.25
19.3,31,37.4,Moderate,Hatchback,Petrol,3.58
15.4,18.6,49.6,Low,Hatchback,Petrol,2.46
14.4,25.9,33.4,Moderate,Hatchback,Diesel,2.44
4.6,9,30.8,Moderate,Hatchback,Petrol,0.85
5.5,8.2,40.1,Moderate,Motorcycle,Petrol,0.54
11.2,60,11.2,Severe,SUV,Diesel,4.53
2.2,4.8,27.3,High,Hatchback,Petrol,0.47
27.4,105.4,15.6,High,Hatchback,Diesel,5.28
6.8,22.4,18.2,High,SUV,Petrol,2.59
8.2,11.3,43.4,Moderate,Sedan,Petrol,1.72
23,42.7,32.3,Moderate,Hatchback,Diesel,3.76
2.4,4,36.2,Moderate,Hatchback,Petrol,0.43
21.8,33.5,39.1,Moderate,Hatchback,Petrol,4.09
18.1,25,43.4,Moderate,Hatchback,Petrol,3.09
9.7,14.4,40.4,Moderate,Hatchback,Petrol,1.75
9.8,75.4,7.8,Severe,Motorcycle,Petrol,1.61
2.3,4,34.8,Moderate,Hatchback,Petrol,0.43
19.3,22.4,51.7,Low,Sedan,Petrol,3.63
9.8,34.8,16.9,High,Hatchback,Petrol,2.33
3.8,5.8,39.5,Moderate,Hatchback,Diesel,0.61
13.2,30.8,25.7,High,Hatchback,Petrol,2.63
12.5,26,28.8,High,Motorcycle,Petrol,1.47
2.3,4.3,32.3,Moderate,Hatchback,Petrol,0.42
16.1,138,7,Severe,Sedan,Petrol,5.81
15.3,34.5,26.6,High,Motorcycle,Petrol,1.74
8.8,17.4,30.4,Moderate,Sedan,Diesel,1.74
6,16.4,22,High,Hatchback,Diesel,1.19
6.5,13.9,28.1,High,SUV,Diesel,1.94
6.2,55.5,6.7,Severe,Sedan,Petrol,2.12
25.8,27.3,56.6,Low,Motorcycle,Petrol,2.4
19.1,19.6,58.6,Low,Sedan,Petrol,3.71
3.4,9.9,20.7,High,Sedan,Petrol,0.93
5.6,6.2,54.5,Low,Hatchback,Petrol,0.92
46.1,90.4,30.6,Moderate,Hatchback,Petrol,8.57
6.4,13.6,28.3,High,Hatchback,Diesel,1.23
10.4,21.4,29.2,High,Motorcycle,Petrol,1.23
5.3,13.8,23.1,High,Motorcycle,Petrol,0.68
11.4,14.7,46.5,Low,Hatchback,Diesel,1.63
5.4,16.6,19.5,High,Hatchback,Petrol,1.29
16.8,33.2,30.4,Moderate,Sedan,Petrol,3.81
6.2,32.6,11.4,Severe,Hatchback,Diesel,1.53
5.3,13.9,22.9,High,Sedan,Petrol,1.5
9.6,13,44.3,Moderate,Hatchback,Petrol,1.68
12.8,12.9,59.6,Low,SUV,Diesel,2.78
5.8,11.8,29.5,High,Hatchback,Petrol,1.17
39,55.6,42.1,Moderate,Hatchback,Diesel,5.99
2.3,4.6,30.2,Moderate,Motorcycle,Petrol,0.24
14,31.7,26.5,High,Hatchback,Petrol,2.91
2.9,7.8,22.3,High,SUV,Diesel,0.9
9.2,28.3,19.5,High,Hatchback,Petrol,2.1
16.1,31.4,30.8,Moderate,Sedan,Petrol,3.61
12.7,25.1,30.4,Moderate,Hatchback,Diesel,1.97
14.4,118.4,7.3,Severe,Sedan,Petrol,4.82
3.1,4.9,38,Moderate,SUV,Petrol,0.9
9,14.4,37.5,Moderate,Sedan,Petrol,2.05
36.5,61.5,35.6,Moderate,Hatchback,Petrol,6.79
5.9,29.3,12.1,Severe,SUV,Petrol,2.76
16.3,19.2,51,Low,Hatchback,Petrol,2.69
4.3,6.1,42.4,Moderate,Sedan,Petrol,0.88
15.7,62.4,15.1,High,Sedan,Petrol,4.23
18.7,25.4,44.1,Moderate,Motorcycle,Petrol,1.8
5.8,10.2,34,Moderate,Sedan,Diesel,1.18
18.6,64.5,17.3,High,SUV,Diesel,5.77
22,56.9,23.2,High,Sedan,Diesel,5.48
20.8,69.3,18,High,Hatchback,Diesel,4.13
14,53.5,15.7,High,Sedan,Petrol,3.89
9.3,20.5,27.2,High,Hatchback,Diesel,1.67
13.6,89.7,9.1,Severe,Hatchback,Diesel,3.62
23.9,37.2,38.6,Moderate,Hatchback,Diesel,3.8
30.1,322.5,5.6,Severe,Hatchback,Petrol,8.73
18.5,18.5,59.9,Low,Hatchback,Petrol,3.02
22.9,48.2,28.5,High,Sedan,Diesel,5.03
19,32.9,34.7,Moderate,Motorcycle,Petrol,1.91
2.6,4.5,34.8,Moderate,Motorcycle,Petrol,0.28
18.4,22.8,48.4,Low,SUV,Petrol,4.99
3.8,30.4,7.5,Severe,Motorcycle,Petrol,0.6
46.4,70.1,39.7,Moderate,Hatchback,Petrol,8.76
7.6,12.4,36.8,Moderate,Sedan,Diesel,1.49
12.8,39.6,19.4,High,Motorcycle,Petrol,1.65
12.6,36.2,20.9,High,Hatchback,Petrol,2.8
31.1,46.8,39.9,Moderate,Hatchback,Petrol,5.47
19,70.8,16.1,High,Hatchback,Petrol,4.4
3.4,5.3,38.7,Moderate,Hatchback,Petrol,0.61
6,9.6,37.6,Moderate,Motorcycle,Petrol,0.62
19.7,66.8,17.7,High,Sedan,Petrol,5.3
6.5,11,35.4,Moderate,SUV,Petrol,1.91
9.9,29.3,20.3,High,Hatchback,Petrol,2.34
9.4,13.8,40.8,Moderate,Sedan,Petrol,2.02
7.2,7.7,56,Low,Sedan,Petrol,1.34
5.6,13.5,24.8,High,Hatchback,Petrol,1.23
20,71,16.9,High,Sedan,Petrol,5.24
5.1,18.7,16.4,High,SUV,Petrol,1.86
19.7,35.5,33.3,Moderate,Sedan,Diesel,3.69
8.8,13.4,39.3,Moderate,Motorcycle,Petrol,0.94
19.3,34.8,33.3,Moderate,Sedan,Petrol,4.13
17.6,167.6,6.3,Severe,Hatchback,Petrol,5.34
15.3,24.5,37.4,Moderate,Sedan,Petrol,3.46
23.6,62.1,22.8,High,Sedan,Petrol,6.57
16.2,35.3,27.5,High,Hatchback,Petrol,3.27
13.6,19,43,Moderate,SUV,Petrol,3.78
13.6,58.7,13.9,Severe,Hatchback,Petrol,4.07
10.2,14,43.8,Moderate,Hatchback,Petrol,1.81
9.4,13.4,42,Moderate,SUV,Diesel,2.38
4.7,6.4,44.4,Moderate,Hatchback,Petrol,0.83
10.7,26.1,24.6,High,SUV,Petrol,3.95
8.7,18.7,27.9,High,Hatchback,Petrol,1.76
32,109.1,17.6,High,Sedan,Petrol,8.84
18.9,45.2,25.1,High,SUV,Diesel,5.22
3,3.6,49.9,Low,Sedan,Diesel,0.53
11.9,47.6,15,High,Motorcycle,Petrol,1.6
25.7,47.3,32.6,Moderate,Sedan,Petrol,5.87
17.1,102.6,10,Severe,SUV,Diesel,7.01
9.3,25.2,22.1,High,Hatchback,Petrol,2.22
4.1,10.6,23.1,High,Hatchback,Diesel,0.82
3.5,3.6,57.9,Low,Hatchback,Diesel,0.48
11.2,32.6,20.6,High,Hatchback,Diesel,2.27
54.1,82.2,39.5,Moderate,SUV,Petrol,15.44
19.3,43.7,26.5,High,Sedan,Diesel,4.45
19.2,54.3,21.2,High,Hatchback,Petrol,4.22
19,24.6,46.3,Low,Motorcycle,Petrol,1.76
21.3,34.7,36.8,Moderate,Motorcycle,Petrol,2.21
12.7,37,20.6,High,Sedan,Diesel,3.14
30.9,68.9,26.9,High,Motorcycle,Petrol,3.73
4.2,8.4,30,Moderate,Hatchback,Diesel,0.67
5.6,15.3,21.9,High,Sedan,Petrol,1.57
25.4,46.3,32.9,Moderate,Hatchback,Petrol,4.68
8.1,13.3,36.5,Moderate,Hatchback,Petrol,1.53
12.4,13.1,56.8,Low,Motorcycle,Petrol,1.11
11.2,27.4,24.5,High,Motorcycle,Petrol,1.5
34.3,48.2,42.7,Moderate,Motorcycle,Petrol,3.3
20.2,28.1,43.1,Moderate,Hatchback,Petrol,3.38
15.3,33.4,27.5,High,Hatchback,Petrol,3.35
25.7,50.1,30.8,Moderate,Hatchback,Diesel,4.13
6.8,9.6,42.7,Moderate,Sedan,Petrol,1.36
5.7,13.9,24.6,High,SUV,Petrol,2.12
6.8,44.8,9.1,Severe,Hatchback,Diesel,1.71
5.7,12.5,27.4,High,Motorcycle,Petrol,0.65
27.7,30.2,55,Low,Sedan,Petrol,5.37
15.6,24.9,37.6,Moderate,Hatchback,Petrol,2.84
6.2,9.2,40.3,Moderate,Motorcycle,Petrol,0.61
6,49.3,7.3,Severe,Motorcycle,Petrol,1.02
14.4,45.7,18.9,High,SUV,Petrol,5.3
10,22.2,27,High,Hatchback,Petrol,2.03
10.7,17.5,36.7,Moderate,SUV,Diesel,2.66
19.1,23.2,49.4,Low,SUV,Petrol,5.02
31.9,77.8,24.6,High,Sedan,Petrol,8.56
16.7,17.5,57.2,Low,Hatchback,Petrol,2.78
3.9,39.7,5.9,Severe,Hatchback,Diesel,1.02
2.8,6.6,25.6,High,Hatchback,Petrol,0.56
5.5,6.4,51.5,Low,Hatchback,Petrol,0.84
8.4,10.8,46.5,Low,SUV,Petrol,2.27
15.6,16.1,58,Low,Sedan,Petrol,3.11
8.3,16.2,30.8,Moderate,Sedan,Diesel,1.62
16.4,43.2,22.8,High,Motorcycle,Petrol,2.19
2.6,7.3,21.4,High,SUV,Petrol,0.97
11.5,39.7,17.4,High,Hatchback,Diesel,2.31
10.3,23.6,26.2,High,Hatchback,Petrol,2.27
7,10.3,40.7,Moderate,Sedan,Diesel,1.34
10,13.1,45.9,Low,Hatchback,Petrol,1.65
21.4,33.4,38.4,Moderate,Sedan,Diesel,4.28
16.3,28.8,34,Moderate,Motorcycle,Petrol,1.71
18.4,38.1,29,High,Hatchback,Petrol,3.9
2.1,4.6,27.1,High,Hatchback,Petrol,0.45
3.2,19.4,9.9,Severe,SUV,Petrol,1.48
7.4,13.6,32.6,Moderate,Sedan,Diesel,1.49
7.6,10.9,41.8,Moderate,Hatchback,Petrol,1.27
7.2,12,36.1,Moderate,Hatchback,Petrol,1.39
21.5,48.9,26.4,High,Hatchback,Petrol,4.73
9.5,18.9,30.2,Moderate,SUV,Petrol,2.78
19,66.3,17.2,High,Motorcycle,Petrol,2.39
4,4.3,56.1,Low,Sedan,Diesel,0.68
14.3,128.1,6.7,Severe,Hatchback,Petrol,4.03
5.4,8,40.4,Moderate,SUV,Diesel,1.25
31.7,32.6,58.4,Low,Hatchback,Diesel,4.46
11.9,31.3,22.8,High,SUV,Petrol,4.61
10.2,14.8,41.3,Moderate,Sedan,Petrol,2.13
12.2,15.9,45.9,Low,Hatchback,Petrol,1.99
8,41.4,11.6,Severe,Motorcycle,Petrol,1.37
2.2,2.8,48,Low,Hatchback,Diesel,0.32
40.4,77.2,31.4,Moderate,Motorcycle,Petrol,4.11
27.2,45.7,35.7,Moderate,SUV,Petrol,8.31
5.9,9.7,36.6,Moderate,Sedan,Petrol,1.23
8.5,61.4,8.3,Severe,Sedan,Petrol,2.95
10.8,13.7,47.3,Low,SUV,Petrol,2.85
18,26.8,40.3,Moderate,Hatchback,Petrol,3.21
13.9,41.7,20,High,Hatchback,Petrol,3.16
22.3,31,43.2,Moderate,Hatchback,Petrol,3.89
4.2,23.1,10.9,Severe,SUV,Petrol,1.92
2.6,5.4,29.1,High,Hatchback,Diesel,0.48
12,20.5,35.1,Moderate,Hatchback,Petrol,2.29
7.8,29.1,16.1,High,Hatchback,Petrol,1.88
4.4,5,52.6,Low,SUV,Diesel,0.93
5.4,7.2,45.2,Low,Hatchback,Petrol,0.9
19.1,37.6,30.5,Moderate,Sedan,Petrol,4.01
3.3,5.1,39.2,Moderate,SUV,Diesel,0.85
33.3,87.6,22.8,High,Hatchback,Petrol,7.33
20.1,22.4,53.9,Low,Hatchback,Diesel,2.87
8.2,16.2,30.4,Moderate,SUV,Diesel,2.12
8.3,11.9,42,Moderate,Sedan,Diesel,1.6
8.9,23.8,22.4,High,Sedan,Petrol,2.52
12.2,60,12.2,Severe,Hatchback,Diesel,2.96
6.1,10.9,33.6,Moderate,SUV,Diesel,1.56
19.6,28.9,40.7,Moderate,Hatchback,Petrol,3.32
10.3,22.3,27.7,High,Sedan,Petrol,2.59
16.9,31.9,31.8,Moderate,Motorcycle,Petrol,1.73
13.1,17.1,45.9,Low,SUV,Petrol,3.26
14.5,44.4,19.6,High,SUV,Diesel,4.58
6.4,8.3,46.2,Low,Hatchback,Diesel,0.85
8.9,10.6,50.2,Low,Motorcycle,Petrol,0.77
6.4,12.8,30.1,Moderate,Hatchback,Petrol,1.13
55.6,83.6,39.9,Moderate,Hatchback,Petrol,9.99
22.5,24.6,54.8,Low,Hatchback,Diesel,3.29
8.8,22.6,23.4,High,SUV,Diesel,2.73
9.3,14.2,39.2,Moderate,Hatchback,Diesel,1.55
5.7,6.5,52.4,Low,Hatchback,Diesel,0.79
15.7,25.8,36.5,Moderate,SUV,Petrol,4.8
23.4,163.3,8.6,Severe,Hatchback,Petrol,6.57
9.8,10.2,57.6,Low,Sedan,Petrol,1.79
9,17.4,31.1,Moderate,SUV,Petrol,2.62
10.3,18.7,33,Moderate,Motorcycle,Petrol,1.12
32.4,32.6,59.6,Low,Sedan,Petrol,6.37
7.1,12.1,35.1,Moderate,Hatchback,Petrol,1.35
9.8,68.4,8.6,Severe,Hatchback,Petrol,2.73
6,23.4,15.4,High,Sedan,Petrol,1.58
4.9,5.9,49.7,Low,Sedan,Petrol,0.91
9.7,31.6,18.4,High,Hatchback,Petrol,2.34
25.4,58.8,25.9,High,Motorcycle,Petrol,2.97
16.4,18.7,52.5,Low,SUV,Diesel,3.44
2,3.4,35.2,Moderate,Sedan,Petrol,0.44
2.1,2.9,42.8,Moderate,SUV,Petrol,0.63
9.9,18.3,32.4,Moderate,SUV,Petrol,3.01
24.2,28.5,50.9,Low,Hatchback,Petrol,3.93
19.5,95.1,12.3,Severe,SUV,Petrol,9.22
16.4,40,24.6,High,SUV,Petrol,5.91
8.8,35.7,14.8,Severe,Hatchback,Petrol,2.48
13.4,22.6,35.6,Moderate,Hatchback,Petrol,2.55
17.1,61.4,16.7,High,Motorcycle,Petrol,2.31
25.1,30.5,49.4,Low,Sedan,Petrol,4.99
36.2,76.2,28.5,High,Motorcycle,Petrol,4.37
5.8,37.8,9.2,Severe,Motorcycle,Petrol,0.91
3.1,5.1,36.2,Moderate,Hatchback,Diesel,0.51
19.4,37.7,30.9,Moderate,Sedan,Petrol,4.23
2.3,6.5,21.3,High,Sedan,Petrol,0.6
3.3,5.7,35,Moderate,Motorcycle,Petrol,0.33
11.9,32.8,21.8,High,Hatchback,Petrol,2.61
13,15.4,50.5,Low,SUV,Petrol,3.29
50.4,79.2,38.2,Moderate,Sedan,Petrol,11
12.1,27.8,26.1,High,Sedan,Diesel,2.57
31.4,285.5,6.6,Severe,Sedan,Diesel,10.14
2.9,6.5,26.7,High,Motorcycle,Petrol,0.34
5.3,32.4,9.8,Severe,Hatchback,Petrol,1.51
9.2,12.6,43.8,Moderate,Hatchback,Diesel,1.44
58.6,78.5,44.8,Moderate,Motorcycle,Petrol,5.85
5.7,6.4,53.7,Low,Motorcycle,Petrol,0.51
3.2,5.5,35,Moderate,SUV,Petrol,0.96
24.8,49.3,30.2,Moderate,Hatchback,Diesel,4.16
14.1,50.4,16.8,High,SUV,Petrol,5.45
15.3,51.6,17.8,High,Motorcycle,Petrol,2.04
18.8,56.1,20.1,High,Hatchback,Petrol,4.2
7.4,14.4,30.8,Moderate,Sedan,Petrol,1.55
16.4,27.3,36,Moderate,Hatchback,Diesel,2.54
21.8,28.9,45.2,Low,Sedan,Petrol,4.12
19.8,27.2,43.7,Moderate,Hatchback,Diesel,2.98
28.9,279.7,6.2,Severe,Hatchback,Petrol,8.63
15.5,29.3,31.7,Moderate,SUV,Petrol,4.77
6,15,24,High,Sedan,Petrol,1.62
12.3,40.3,18.3,High,Motorcycle,Petrol,1.66
10.4,25.5,24.5,High,Hatchback,Diesel,2
8.1,16.4,29.6,High,Motorcycle,Petrol,0.93
13.1,15.2,51.7,Low,Sedan,Diesel,2.15
15.1,22.4,40.4,Moderate,Hatchback,Petrol,2.64
32.2,81.5,23.7,High,Sedan,Petrol,8.95
3.9,10.8,21.6,High,SUV,Petrol,1.42
3.7,3.7,59.9,Low,Hatchback,Petrol,0.58
17.2,39.4,26.2,High,Hatchback,Petrol,3.47
46.5,416.4,6.7,Severe,Sedan,Petrol,16.08
31.3,95.3,19.7,High,Hatchback,Diesel,6.57
14.2,19.6,43.5,Moderate,Motorcycle,Petrol,1.34
5.2,8,38.9,Moderate,Sedan,Petrol,1.16
6.4,13.6,28.3,High,Hatchback,Petrol,1.28
7.3,10.7,41,Moderate,Motorcycle,Petrol,0.72
20.1,39.3,30.7,Moderate,SUV,Diesel,5.31
16.2,38.7,25.1,High,Hatchback,Diesel,3.07
6.2,8.1,46,Low,Hatchback,Diesel,0.83
28.2,40.2,42.1,Moderate,SUV,Petrol,8.12
15.2,15.5,58.7,Low,SUV,Petrol,3.83
10.1,15.3,39.7,Moderate,Hatchback,Diesel,1.64
12.8,16.6,46.2,Low,Hatchback,Petrol,2.06
12,34.1,21.1,High,SUV,Petrol,4.37
16.5,56.9,17.4,High,Sedan,Diesel,4.06
13.6,32.8,24.9,High,Hatchback,Diesel,2.75
3.4,5.5,37.3,Moderate,Sedan,Diesel,0.65
9.3,14.8,37.8,Moderate,Sedan,Petrol,2.04
10.1,10.3,58.7,Low,SUV,Petrol,2.51
2.2,3.6,36.3,Moderate,Sedan,Petrol,0.48
6.9,10.4,39.7,Moderate,Hatchback,Petrol,1.24
10.6,19.7,32.3,Moderate,Motorcycle,Petrol,1.07
9.6,11.2,51.4,Low,Hatchback,Petrol,1.5
15.9,51.3,18.6,High,Motorcycle,Petrol,1.99
7.1,20.1,21.2,High,Motorcycle,Petrol,0.88
9.1,20.4,26.7,High,Hatchback,Diesel,1.73
6.4,7.2,53.6,Low,Hatchback,Petrol,0.98
10.8,11.1,58.3,Low,Hatchback,Petrol,1.66
56.6,63.6,53.4,Low,SUV,Petrol,14.79
4.6,4.8,57.2,Low,Sedan,Diesel,0.78
9.4,33.4,16.9,High,Sedan,Diesel,2.19
8.1,19.6,24.8,High,Hatchback,Petrol,1.81
18.6,22.1,50.4,Low,Sedan,Petrol,3.5
16.4,107,9.2,Severe,Motorcycle,Petrol,2.61
7.9,22.4,21.2,High,Hatchback,Diesel,1.55
5.9,9.5,37.4,Moderate,Sedan,Petrol,1.32
4.7,9.1,31.1,Moderate,Motorcycle,Petrol,0.51
17,29.4,34.7,Moderate,Motorcycle,Petrol,1.84
7,77.8,5.4,Severe,Hatchback,Petrol,1.93
8.8,17.1,30.9,Moderate,Hatchback,Petrol,1.63
17.9,28.1,38.2,Moderate,Hatchback,Petrol,3.18
3.9,12.9,18.1,High,Hatchback,Petrol,0.87
19.9,77,15.5,High,Hatchback,Petrol,4.63
9.1,18.1,30.1,Moderate,SUV,Petrol,2.83
5.3,13.1,24.2,High,Sedan,Diesel,1.23
17.3,26.3,39.4,Moderate,Hatchback,Petrol,3.08
3.3,5.6,35.5,Moderate,Hatchback,Petrol,0.58
26.1,44.1,35.5,Moderate,Sedan,Petrol,5.56
2.6,2.7,58.6,Low,Sedan,Diesel,0.42
2.5,5,29.9,High,Sedan,Petrol,0.63
42.1,49.4,51.1,Low,SUV,Diesel,9.66
26.1,133.8,11.7,Severe,Hatchback,Petrol,7.93
5.2,17.8,17.5,High,Hatchback,Petrol,1.21
10.9,13.6,48.2,Low,SUV,Diesel,2.47
34.6,59.3,35,Moderate,SUV,Petrol,10.69
3.5,11.9,17.7,High,Hatchback,Petrol,0.83
18.1,26.7,40.6,Moderate,Motorcycle,Petrol,1.81
2.4,5.2,27.8,High,SUV,Diesel,0.69
15.2,19.6,46.6,Low,Sedan,Petrol,3.03
27.9,53,31.6,Moderate,SUV,Petrol,8.72
33,70.7,28,High,Hatchback,Diesel,6.13
29,89.7,19.4,High,Motorcycle,Petrol,3.59
8.3,11.7,42.7,Moderate,Hatchback,Diesel,1.29
19.2,32.8,35.1,Moderate,Hatchback,Diesel,3.18
19.4,21.3,54.6,Low,Motorcycle,Petrol,1.72
34.6,66.8,31.1,Moderate,SUV,Petrol,10.69
3.9,6.3,37.2,Moderate,Hatchback,Petrol,0.71
16.9,31.8,31.9,Moderate,Motorcycle,Petrol,1.72
14.8,22.9,38.8,Moderate,Sedan,Petrol,3.23
55.2,61.2,54.1,Low,Hatchback,Diesel,8.05
16.2,34.1,28.5,High,Hatchback,Diesel,2.99
6.7,11.8,34.2,Moderate,Hatchback,Diesel,1.07
6.4,10.2,37.6,Moderate,Motorcycle,Petrol,0.66
27.8,45.8,36.4,Moderate,Sedan,Petrol,6.38
7.5,14.7,30.6,Moderate,SUV,Petrol,2.28
17.9,31.4,34.2,Moderate,Sedan,Petrol,3.87
7.8,12.9,36.2,Moderate,Hatchback,Petrol,1.44
15.5,30.2,30.8,Moderate,Hatchback,Petrol,2.9
19.3,38.5,30.1,Moderate,Sedan,Petrol,4.26
23.4,31.8,44.2,Moderate,Sedan,Petrol,5.09
16.5,26.6,37.2,Moderate,Hatchback,Diesel,2.63
6.6,21.8,18.2,High,SUV,Petrol,2.59
9.6,19.9,29,High,Motorcycle,Petrol,1.13
17.7,39,27.2,High,Hatchback,Diesel,3.34
5.2,7.6,41,Moderate,SUV,Diesel,1.25
3.9,6.1,38.4,Moderate,Hatchback,Petrol,0.7
22.1,78.5,16.9,High,SUV,Petrol,8.19
4,5.7,42.1,Moderate,Hatchback,Petrol,0.67
5.2,7,44.3,Moderate,Hatchback,Petrol,0.92
2.8,3.2,52,Low,Hatchback,Diesel,0.4
30.5,75.6,24.2,High,Motorcycle,Petrol,4.11
2.1,2.3,55.1,Low,Hatchback,Petrol,0.33
2.2,6.3,21,High,Sedan,Petrol,0.57
29,97.8,17.8,High,SUV,Petrol,11.17
4.2,17.6,14.3,Severe,Sedan,Petrol,1.47
11.5,19,36.3,Moderate,SUV,Diesel,2.83
9.3,52.1,10.7,Severe,Motorcycle,Petrol,1.56
8.6,12.1,42.6,Moderate,Hatchback,Petrol,1.45
8.4,11.4,44.4,Moderate,Hatchback,Diesel,1.32
33.3,69.6,28.7,High,SUV,Petrol,11.27
3.7,7.2,30.9,Moderate,SUV,Diesel,0.94
3.4,4.8,42.4,Moderate,Hatchback,Petrol,0.59
19,27.7,41.2,Moderate,Hatchback,Diesel,2.8
15.4,43.6,21.2,High,SUV,Petrol,5.64
9,43.2,12.5,Severe,Sedan,Diesel,2.78
18.9,41.4,27.4,High,Motorcycle,Petrol,2.2
23.9,26.4,54.4,Low,Motorcycle,Petrol,2.14
28,62,27.1,High,Sedan,Petrol,7.32
8.1,16.2,30,High,Hatchback,Diesel,1.53
23.7,53.5,26.6,High,Sedan,Petrol,5.67
24.8,34.4,43.2,Moderate,Motorcycle,Petrol,2.37
8.1,24.7,19.7,High,Hatchback,Diesel,1.56
6.9,16.8,24.7,High,Hatchback,Petrol,1.63
6.7,11,36.6,Moderate,Hatchback,Diesel,1.05
4.2,5.7,44.5,Moderate,Sedan,Petrol,0.91
15.5,49.5,18.8,High,Hatchback,Petrol,3.45
31.3,37.3,50.3,Low,Motorcycle,Petrol,2.95
12.4,37,20.1,High,Hatchback,Petrol,2.72
16.3,54,18.1,High,Hatchback,Petrol,3.89
9.1,20.6,26.5,High,Hatchback,Petrol,1.99
55.5,170.8,19.5,High,Sedan,Petrol,14.92
28.2,37.8,44.8,Moderate,Hatchback,Petrol,5
2.6,4.4,35.3,Moderate,Motorcycle,Petrol,0.27
5.6,7.7,43.8,Moderate,SUV,Petrol,1.66
15.7,23,40.9,Moderate,SUV,Petrol,4.47
7.5,8.3,54,Low,Sedan,Petrol,1.45
30.2,43.9,41.3,Moderate,Sedan,Diesel,5.84
13.4,20.1,40,Moderate,SUV,Petrol,3.82
33.7,45.9,44.1,Moderate,SUV,Petrol,9.5
13.3,34.2,23.3,High,Hatchback,Petrol,3.05
29.9,36.8,48.8,Low,SUV,Petrol,7.42
12.9,19.6,39.5,Moderate,SUV,Diesel,3.2
39.8,50.6,47.2,Low,Sedan,Petrol,7.86
7.5,14.3,31.5,Moderate,Sedan,Diesel,1.5
10,13.1,45.9,Low,Hatchback,Petrol,1.67
19.7,23.2,50.9,Low,SUV,Petrol,4.93
9.8,28.1,20.9,High,SUV,Petrol,3.5
7.6,13.9,32.7,Moderate,Hatchback,Petrol,1.47
15.4,16.7,55.3,Low,Motorcycle,Petrol,1.42
2,7.4,16.2,High,Motorcycle,Petrol,0.25
3.3,6.4,30.7,Moderate,SUV,Petrol,0.95
18.8,59.4,19,High,Motorcycle,Petrol,2.44
4.4,6.6,40,Moderate,Hatchback,Petrol,0.75
24.5,78.2,18.8,High,Hatchback,Petrol,5.57
10.6,16,39.7,Moderate,Sedan,Petrol,2.33
10.7,13.7,46.8,Low,Hatchback,Petrol,1.73
12.6,25.9,29.2,High,Sedan,Petrol,3.02
2.5,4.2,35.9,Moderate,Sedan,Diesel,0.49
7,11.8,35.5,Moderate,Sedan,Diesel,1.42
7,21.2,19.8,High,Sedan,Diesel,1.67
16,16.1,59.6,Low,SUV,Diesel,3.6
16.3,33.6,29.1,High,Sedan,Petrol,4.21
3.7,4.9,45.1,Low,Hatchback,Petrol,0.58
4.1,14,17.6,High,SUV,Diesel,1.23
9.6,16.4,35.1,Moderate,Sedan,Petrol,2.15
18,66.3,16.3,High,Sedan,Petrol,4.84
8.8,8.8,59.8,Low,Hatchback,Petrol,1.45
10.9,37.2,17.6,High,Hatchback,Petrol,2.44
8.1,8.2,59.2,Low,Motorcycle,Petrol,0.73
55.3,650.6,5.1,Severe,Motorcycle,Petrol,9.03
7.6,8.1,56.6,Low,Sedan,Petrol,1.47
5.2,7.4,42.4,Moderate,Sedan,Petrol,1.04
2.9,5.5,31.6,Moderate,Sedan,Diesel,0.6
33.1,141.9,14,Severe,Motorcycle,Petrol,5.62
4.7,28.8,9.8,Severe,SUV,Petrol,2.12
10.1,16.7,36.2,Moderate,Sedan,Petrol,2.33
21.5,38.5,33.5,Moderate,Motorcycle,Petrol,2.31
6.6,7.6,52,Low,Motorcycle,Petrol,0.58
5.6,8.7,38.7,Moderate,Sedan,Diesel,1.12
23.3,67.9,20.6,High,Hatchback,Diesel,4.47
19.7,47.7,24.8,High,SUV,Petrol,7.19
18.8,28.4,39.7,Moderate,Hatchback,Petrol,3.52
7.2,17.8,24.3,High,Motorcycle,Petrol,0.95
12.2,18.4,39.8,Moderate,Sedan,Petrol,2.63
10.8,11.9,54.6,Low,Sedan,Diesel,1.81
18.6,26.8,41.7,Moderate,SUV,Petrol,5.12
16.8,22.6,44.6,Moderate,Motorcycle,Petrol,1.58
7.9,13.6,34.8,Moderate,SUV,Petrol,2.27
33.6,34.2,59,Low,Sedan,Petrol,6.12
12.6,17.9,42.2,Moderate,Hatchback,Petrol,2.2
10,16.4,36.6,Moderate,Sedan,Diesel,2.05
3.2,25.3,7.6,Severe,SUV,Petrol,1.45
27.4,54.3,30.3,Moderate,Sedan,Petrol,5.79
11.4,16.7,40.9,Moderate,Sedan,Petrol,2.43
15.8,26.1,36.3,Moderate,Hatchback,Diesel,2.44
4.1,11.9,20.7,High,Sedan,Diesel,0.97
22.8,42.8,32,Moderate,SUV,Diesel,6.03
5.2,9.2,33.8,Moderate,Hatchback,Petrol,1
9.4,16.1,35.1,Moderate,Hatchback,Diesel,1.49
26,53.6,29.1,High,Hatchback,Petrol,5.22
5.7,8.5,40.3,Moderate,Hatchback,Petrol,0.99
10.3,31.1,19.9,High,Sedan,Petrol,2.92
4.7,9.2,30.7,Moderate,Sedan,Petrol,1.03
3.8,13.6,16.8,High,Sedan,Petrol,1.04
4.8,8.8,32.6,Moderate,Motorcycle,Petrol,0.51
25.4,34.4,44.3,Moderate,SUV,Petrol,7.18
3.5,6.2,33.7,Moderate,Hatchback,Petrol,0.67
2.9,5.5,31.5,Moderate,SUV,Diesel,0.7
7.4,13.3,33.3,Moderate,Sedan,Diesel,1.39
6.6,21.4,18.5,High,SUV,Petrol,2.41
52.8,186.4,17,High,Sedan,Petrol,14.34
11.1,16.8,39.7,Moderate,Motorcycle,Petrol,1.12
20.1,30,40.2,Moderate,Hatchback,Petrol,3.68
9.3,11.6,47.9,Low,SUV,Diesel,2.1
11.6,22.7,30.7,Moderate,Sedan,Diesel,2.3
13.3,51.5,15.5,High,SUV,Petrol,4.93
8.6,22.1,23.3,High,Motorcycle,Petrol,1.12
23.6,71.5,19.8,High,Hatchback,Petrol,5.69
13.7,20.5,40,Moderate,Hatchback,Petrol,2.42
7.6,9.1,50,Low,Hatchback,Petrol,1.22
6.2,11.5,32.4,Moderate,SUV,Diesel,1.52
35,45.6,46.1,Low,Motorcycle,Petrol,3.16
26.4,54.4,29.1,High,Hatchback,Diesel,4.84
25.9,31.7,49,Low,Hatchback,Diesel,3.47
15.6,22,42.6,Moderate,SUV,Petrol,4.57
11.7,29.4,23.9,High,SUV,Diesel,3.76
4.7,15.2,18.6,High,Sedan,Diesel,1.14
17.7,46,23.1,High,Sedan,Petrol,4.75
10.5,11.1,56.6,Low,Hatchback,Petrol,1.66
13.5,47.1,17.2,High,Sedan,Petrol,3.65
6.1,12.9,28.3,High,Hatchback,Petrol,1.26
48.9,96.8,30.3,Moderate,Sedan,Petrol,10.29
16,32.3,29.7,High,Motorcycle,Petrol,1.96
24.5,38.2,38.5,Moderate,Sedan,Petrol,5.13
17.8,26.6,40.2,Moderate,SUV,Petrol,5.27
21.2,21.5,59.3,Low,Motorcycle,Petrol,1.9
4.2,12.9,19.5,High,SUV,Petrol,1.53
28.6,35.9,47.8,Low,Motorcycle,Petrol,2.58
7.9,16,29.7,High,Sedan,Petrol,1.88
7.1,8.2,51.9,Low,Hatchback,Petrol,1.14
34.5,69.2,29.9,High,Sedan,Diesel,7.82
13.3,57,14,Severe,SUV,Diesel,5.26
7.5,10.6,42.3,Moderate,SUV,Petrol,2.11
11.1,32.2,20.7,High,Hatchback,Diesel,2.19
16.8,40,25.2,High,Hatchback,Diesel,3.04
10.4,28.8,21.7,High,Hatchback,Diesel,2.15
9.5,25.8,22.1,High,Sedan,Petrol,2.54
12.9,17.5,44.3,Moderate,Motorcycle,Petrol,1.33
13.3,15.1,53,Low,Hatchback,Petrol,2.2
10.4,29.3,21.3,High,Hatchback,Petrol,2.42
15,31.8,28.3,High,Hatchback,Diesel,2.66
8.2,11.4,43.1,Moderate,Sedan,Petrol,1.76
6.4,21.6,17.8,High,Sedan,Petrol,1.72
7.8,13.4,35,Moderate,Sedan,Petrol,1.69
10.2,48.6,12.6,Severe,Hatchback,Diesel,2.58
5.2,13.7,22.7,High,Hatchback,Petrol,1.14
4.1,12.2,20.1,High,Hatchback,Petrol,0.95
6.7,13.6,29.6,High,Hatchback,Petrol,1.38
7.6,13.1,34.9,Moderate,SUV,Petrol,2.21
6.8,12.9,31.6,Moderate,Hatchback,Petrol,1.24
6.3,8.8,43.1,Moderate,SUV,Petrol,1.81
6.6,33.8,11.7,Severe,Hatchback,Diesel,1.62
7.3,9.9,44.4,Moderate,Sedan,Petrol,1.53
30.7,45.5,40.5,Moderate,Sedan,Diesel,5.57
4.1,16.4,15,High,Sedan,Petrol,1.08
4.1,10.4,23.6,High,Hatchback,Petrol,0.95
42.6,63.1,40.5,Moderate,Sedan,Petrol,9.1
5.1,12,25.5,High,Sedan,Petrol,1.27
7.8,15.2,30.8,Moderate,Hatchback,Petrol,1.46
11.6,12.6,55.4,Low,SUV,Diesel,2.59
4.6,16.2,17,High,Sedan,Petrol,1.28
10.6,42.7,14.9,Severe,Sedan,Diesel,3.41
15.4,98.3,9.4,Severe,Sedan,Petrol,5.5
3.4,6.1,33.4,Moderate,Sedan,Petrol,0.77
6.2,18.4,20.2,High,Motorcycle,Petrol,0.77
17.6,127.2,8.3,Severe,SUV,Petrol,8.55
10.6,33,19.3,High,Hatchback,Petrol,2.54
19.9,54.3,22,High,SUV,Petrol,7.74
3,10,18,High,Sedan,Petrol,0.8
16.3,155.2,6.3,Severe,SUV,Petrol,7.59
18.5,26.1,42.5,Moderate,Hatchback,Petrol,3.31
7.2,34.6,12.5,Severe,Motorcycle,Petrol,1.14
14,16.4,51.1,Low,Hatchback,Diesel,1.99
18.1,34.6,31.4,Moderate,SUV,Diesel,4.49
17.3,76.9,13.5,Severe,Hatchback,Petrol,4.87
6.1,6.5,56,Low,SUV,Petrol,1.56
7.1,15.6,27.3,High,Motorcycle,Petrol,0.82
11.5,15.2,45.5,Low,Hatchback,Diesel,1.59
23.6,49.9,28.4,High,Motorcycle,Petrol,2.93
10,15.8,38,Moderate,Sedan,Petrol,2.27
4.1,8.1,30.5,Moderate,Hatchback,Petrol,0.79
40.6,55,44.3,Moderate,Sedan,Petrol,8.56
8.2,11.4,43.2,Moderate,Sedan,Diesel,1.5
15.8,16.3,58.1,Low,SUV,Petrol,4.3
32.6,391.2,5,Severe,Sedan,Diesel,9.67
10,39.5,15.2,High,Hatchback,Diesel,1.99
8.5,10,51.2,Low,SUV,Petrol,2.17
16.1,178.9,5.4,Severe,Hatchback,Petrol,4.62
18.7,43.7,25.7,High,Hatchback,Petrol,3.8
2.1,3.1,40.4,Moderate,Sedan,Diesel,0.41
27,62.1,26.1,High,Hatchback,Diesel,4.88
7.4,16,27.7,High,Motorcycle,Petrol,0.84
8.7,16.5,31.6,Moderate,SUV,Petrol,2.63
19.2,60.6,19,High,SUV,Petrol,7.02
3.1,4.8,38.9,Moderate,Hatchback,Petrol,0.55
17.7,23.4,45.4,Low,Hatchback,Petrol,2.96
7.3,8,54.9,Low,Hatchback,Petrol,1.21
17.1,30.6,33.5,Moderate,Hatchback,Petrol,3.12
14.8,22.9,38.8,Moderate,Motorcycle,Petrol,1.57
7.9,24.6,19.3,High,Motorcycle,Petrol,1.03
56.5,154.8,21.9,High,Motorcycle,Petrol,7.1
4.2,8.4,30,Moderate,Sedan,Petrol,0.91
23.6,27.1,52.3,Low,Hatchback,Petrol,3.95
8.7,11.3,46,Low,SUV,Diesel,1.86
3.2,4.9,39,Moderate,Sedan,Petrol,0.7
15.4,36.4,25.4,High,Hatchback,Petrol,3.09
6.8,6.8,59.9,Low,Motorcycle,Petrol,0.63
7.8,8.9,52.5,Low,Motorcycle,Petrol,0.68
4.7,32,8.8,Severe,Sedan,Petrol,1.63
19.2,73.8,15.6,High,SUV,Petrol,7.02
4.5,39.1,6.9,Severe,Motorcycle,Petrol,0.72
5.5,6,55,Low,Sedan,Petrol,1.07
30.5,53.5,34.2,Moderate,Motorcycle,Petrol,3.23
11.9,32.6,21.9,High,Hatchback,Diesel,2.48
18.1,38.8,28,High,Hatchback,Petrol,3.8
25.5,58.8,26,High,SUV,Petrol,8.56
15.8,47.2,20.1,High,Sedan,Petrol,4.13
11.9,32.2,22.2,High,Hatchback,Diesel,2.44
5.9,8.2,43.1,Moderate,Hatchback,Petrol,1.07
13,40.4,19.3,High,SUV,Diesel,3.97
12.7,21.5,35.5,Moderate,Sedan,Diesel,2.38
13.8,14.4,57.6,Low,Sedan,Diesel,2.45
3.4,8.1,25.2,High,Hatchback,Diesel,0.64
7,16,26.2,High,Hatchback,Diesel,1.27
11.8,22.8,31.1,Moderate,Sedan,Petrol,2.57
10.3,26.3,23.5,High,Hatchback,Petrol,2.32
5.9,9.7,36.4,Moderate,Hatchback,Diesel,0.99
3.6,14,15.4,High,Hatchback,Diesel,0.74
5.3,5.3,59.8,Low,Hatchback,Petrol,0.86
31.5,85.1,22.2,High,Hatchback,Diesel,6.47
3,9,20,High,SUV,Petrol,1.09
29.3,85.8,20.5,High,SUV,Diesel,9.5
9.9,10.3,57.9,Low,Sedan,Petrol,1.84
10.6,16.1,39.4,Moderate,Hatchback,Petrol,1.96
18.7,18.8,59.7,Low,SUV,Petrol,4.66
2.6,3.3,47,Low,Motorcycle,Petrol,0.24
10.1,15.3,39.6,Moderate,Motorcycle,Petrol,1.01
14.8,35.8,24.8,High,Hatchback,Petrol,3.26
9.8,27.2,21.6,High,SUV,Diesel,3.17
33.8,44.6,45.5,Low,Sedan,Petrol,6.56
2.5,4.7,32,Moderate,Hatchback,Petrol,0.48
12.1,14.5,50.2,Low,SUV,Petrol,3.1
14.6,24.5,35.8,Moderate,Hatchback,Petrol,2.82
2.9,3.3,52.8,Low,Hatchback,Petrol,0.46
11.2,23.2,29,High,Sedan,Diesel,2.39
15.4,15.5,59.5,Low,Hatchback,Petrol,2.52
7.8,24.9,18.8,High,SUV,Petrol,2.85
2.8,5.7,29.5,High,Hatchback,Petrol,0.6
19.5,36.8,31.8,Moderate,SUV,Petrol,5.86
3.2,5.5,34.8,Moderate,Hatchback,Petrol,0.58
31.2,61.8,30.3,Moderate,Sedan,Diesel,5.84
16.7,17.7,56.5,Low,Hatchback,Petrol,2.55
19.2,28.9,39.8,Moderate,Sedan,Diesel,3.9
11,23.9,27.6,High,SUV,Petrol,3.79
11.1,23.9,27.9,High,Sedan,Diesel,2.6
16.6,40.5,24.6,High,Sedan,Petrol,4.71
13.4,18.4,43.6,Moderate,Sedan,Diesel,2.45
7.7,26.9,17.2,High,Sedan,Petrol,2.1
17.1,36.9,27.8,High,SUV,Diesel,4.96
20.6,21.9,56.5,Low,Sedan,Diesel,3.57
18.2,19.5,56,Low,Sedan,Petrol,3.46
14.6,29,30.2,Moderate,Hatchback,Diesel,2.27
47.6,116.6,24.5,High,Hatchback,Diesel,9.95
8.1,51.2,9.5,Severe,Hatchback,Petrol,2.39
13.9,40.1,20.8,High,Hatchback,Petrol,3.3
28.8,140.5,12.3,Severe,SUV,Petrol,14.04
9.1,12.7,43,Moderate,Motorcycle,Petrol,0.89
2.7,15.4,10.5,Severe,Hatchback,Petrol,0.75
16.6,33.2,30,High,Hatchback,Petrol,3.58
6.2,8.8,42.1,Moderate,Hatchback,Petrol,1.11
5.1,12.4,24.6,High,Sedan,Petrol,1.42
6.2,8.2,45.6,Low,SUV,Petrol,1.63
10.4,35.1,17.8,High,Hatchback,Diesel,2.15
25.3,174.5,8.7,Severe,Sedan,Petrol,8.97
17.5,37.9,27.7,High,Hatchback,Petrol,3.64
7.6,11,41.3,Moderate,Sedan,Diesel,1.41
2.9,10.5,16.6,High,Motorcycle,Petrol,0.37
23.2,40.9,34,Moderate,Hatchback,Petrol,4.48
4.2,9.9,25.4,High,Motorcycle,Petrol,0.51
4.7,5.1,55.4,Low,SUV,Petrol,1.18
16.4,16.9,58.1,Low,Hatchback,Petrol,2.66
11.3,13.6,49.8,Low,SUV,Petrol,2.96
3.6,6.5,33.2,Moderate,Sedan,Petrol,0.79
5.2,23.1,13.5,Severe,SUV,Petrol,2.35
4.1,8.3,29.7,High,Hatchback,Petrol,0.83
2.8,3.2,53.2,Low,SUV,Diesel,0.6
18.6,22.9,48.7,Low,Hatchback,Diesel,2.6
23.9,25.4,56.5,Low,Hatchback,Diesel,3.19
14.9,21.2,42.1,Moderate,Hatchback,Diesel,2.27
15,25.9,34.7,Moderate,Motorcycle,Petrol,1.49
6.7,15.7,25.6,High,Motorcycle,Petrol,0.81
7.2,9.1,47.5,Low,Sedan,Diesel,1.22
2.1,3.2,39.7,Moderate,Motorcycle,Petrol,0.21
10.2,26.8,22.8,High,Hatchback,Diesel,2.02
3.1,3.5,53,Low,Hatchback,Petrol,0.51
33.1,69.7,28.5,High,SUV,Diesel,9.51
3.5,13.1,16,High,Hatchback,Petrol,0.79
2.7,8.3,19.6,High,Hatchback,Diesel,0.53
14.4,20.8,41.6,Moderate,Sedan,Petrol,3.11
14.4,21,41.1,Moderate,Sedan,Petrol,3.09
7.7,26.1,17.7,High,Sedan,Petrol,2.06
16.4,23.5,41.9,Moderate,Hatchback,Petrol,2.86
37,37.2,59.6,Low,Motorcycle,Petrol,3.2
27.4,60.2,27.3,High,Motorcycle,Petrol,3.21
5,10.7,28.1,High,Sedan,Petrol,1.25
4.5,9.7,27.7,High,Hatchback,Petrol,0.95
13.3,27.8,28.7,High,Sedan,Petrol,3.25
7.5,19.3,23.3,High,Hatchback,Diesel,1.46
9.8,53.5,11,Severe,Hatchback,Petrol,2.77
13.9,15.4,54.1,Low,Sedan,Petrol,2.57
17.1,32.9,31.2,Moderate,SUV,Petrol,5.12
16,85.7,11.2,Severe,SUV,Diesel,6.51
19.4,25.4,45.9,Low,SUV,Petrol,4.91
58.2,100.3,34.8,Moderate,Hatchback,Petrol,10.87
12.5,24,31.3,Moderate,Hatchback,Diesel,2.03
7.2,16.9,25.6,High,Hatchback,Petrol,1.51
23.3,89,15.7,High,Hatchback,Petrol,5.45
18,29.7,36.4,Moderate,Sedan,Petrol,3.75
11.9,32,22.3,High,Motorcycle,Petrol,1.56
25.8,32,48.3,Low,Motorcycle,Petrol,2.25
36.7,45.1,48.8,Low,Hatchback,Diesel,5.27
5.5,8.4,39.2,Moderate,Sedan,Diesel,1.1
17.7,61.4,17.3,High,SUV,Diesel,5.55
10.8,16,40.4,Moderate,SUV,Diesel,2.61
5.1,7,43.7,Moderate,Hatchback,Petrol,0.88
5,5.4,55.9,Low,Hatchback,Diesel,0.68
6.1,8.6,42.7,Moderate,Hatchback,Petrol,1.12
26.7,38.1,42.1,Moderate,Sedan,Petrol,5.51
3.1,4.1,45,Moderate,SUV,Petrol,0.85
4.2,9.4,26.7,High,Sedan,Diesel,0.93
8.5,17.3,29.5,High,Hatchback,Petrol,1.81
13.9,20.1,41.4,Moderate,Hatchback,Diesel,2.04
15.8,75.2,12.6,Severe,Motorcycle,Petrol,2.51
7,11.7,36,Moderate,Hatchback,Diesel,1.1
6.6,11.3,35,Moderate,Motorcycle,Petrol,0.69
6,20,18,High,SUV,Diesel,1.96
9.6,26.2,22,High,SUV,Diesel,2.93
4.2,6.6,38.1,Moderate,Motorcycle,Petrol,0.42
26.8,79.2,20.3,High,SUV,Petrol,10.17
12.7,13.3,57.3,Low,Sedan,Diesel,2.25
4.5,6.3,42.7,Moderate,SUV,Petrol,1.3
41.5,94,26.5,High,Hatchback,Petrol,8.74
18.9,38.6,29.4,High,Sedan,Petrol,4.81
9.1,18.8,29.1,High,Hatchback,Petrol,1.9
11.1,18.1,36.8,Moderate,Sedan,Diesel,2.09
21.8,75.2,17.4,High,SUV,Petrol,8.5
23.5,37.7,37.4,Moderate,Hatchback,Petrol,4.4
2.6,9.3,16.8,High,Sedan,Diesel,0.65
4.5,12.9,21,High,SUV,Petrol,1.69
14.8,132.5,6.7,Severe,SUV,Petrol,6.75
19.7,69.9,16.9,High,Sedan,Diesel,5
14.4,90,9.6,Severe,Hatchback,Petrol,4.23
15.7,29.3,32.1,Moderate,Sedan,Petrol,3.33
59.9,116.7,30.8,Moderate,Motorcycle,Petrol,6.4
8.1,13.3,36.6,Moderate,Hatchback,Petrol,1.57
18.7,38,29.5,High,Hatchback,Petrol,4.12
34.2,48.4,42.4,Moderate,Hatchback,Petrol,6.19
46.3,53.6,51.8,Low,SUV,Diesel,10.29
21.8,22.7,57.7,Low,Motorcycle,Petrol,1.92
3.6,6.3,34.4,Moderate,Hatchback,Diesel,0.6
41.1,94.5,26.1,High,SUV,Petrol,14.35
3.3,16.5,12,Severe,Sedan,Diesel,1.03
6.7,14.5,27.7,High,SUV,Diesel,1.93
7.6,12.9,35.4,Moderate,Sedan,Diesel,1.47
2.3,5.1,27,High,Hatchback,Petrol,0.48
22.9,37,37.1,Moderate,Sedan,Diesel,4.71
6,9.1,39.5,Moderate,SUV,Diesel,1.5
6.6,25.5,15.5,High,Sedan,Diesel,1.65
18.6,47.5,23.5,High,Sedan,Petrol,5.19
3.1,23.5,7.9,Severe,Sedan,Diesel,0.98
8.6,15.2,33.9,Moderate,Hatchback,Diesel,1.41
6.8,9.4,43.5,Moderate,Hatchback,Petrol,1.16
18.7,19,59,Low,Hatchback,Petrol,3.02
15.9,39.9,23.9,High,SUV,Petrol,5.86
7.3,14.8,29.6,High,Sedan,Diesel,1.63
5.5,58.9,5.6,Severe,Sedan,Petrol,1.81
4.5,50.9,5.3,Severe,Motorcycle,Petrol,0.72
41.8,82.8,30.3,Moderate,SUV,Diesel,10.22
24.1,157.2,9.2,Severe,Motorcycle,Petrol,3.93
2.8,10,16.8,High,Motorcycle,Petrol,0.35
7.1,17.5,24.3,High,Sedan,Diesel,1.73
11.1,14.8,44.9,Moderate,Motorcycle,Petrol,1.13
8.9,15.5,34.4,Moderate,Sedan,Petrol,2.04
10.2,29.9,20.5,High,Sedan,Petrol,2.7
9.2,39.7,13.9,Severe,Motorcycle,Petrol,1.49
11.1,11.4,58.4,Low,SUV,Petrol,2.96
5.1,8.9,34.5,Moderate,Sedan,Diesel,1.02
27.4,36.5,45,Low,Sedan,Petrol,5.01
3.6,7.3,29.6,High,Hatchback,Petrol,0.78
5.5,6.7,49.6,Low,Motorcycle,Petrol,0.5
15.6,70.9,13.2,Severe,Sedan,Diesel,4.71
10.4,16.3,38.3,Moderate,SUV,Petrol,3.27
5.2,17.9,17.4,High,Hatchback,Diesel,1.09
14.5,29.7,29.3,High,Hatchback,Petrol,3.09
3.6,4.8,45,Low,Sedan,Diesel,0.59
8.2,12.2,40.3,Moderate,Sedan,Diesel,1.51
6.1,14.6,25.1,High,Motorcycle,Petrol,0.71
20.6,69.4,17.8,High,Hatchback,Petrol,4.52
16.8,22.5,44.8,Moderate,Hatchback,Diesel,2.6
14.8,36.8,24.1,High,SUV,Petrol,5.36
5.6,10.8,31.2,Moderate,Hatchback,Diesel,0.93
7.1,12.1,35.3,Moderate,SUV,Petrol,2.14
21.2,21.3,59.6,Low,SUV,Petrol,5.6
20.2,26.3,46.1,Low,Hatchback,Diesel,2.89
9,9.1,59.5,Low,Sedan,Petrol,1.75
8.8,82.5,6.4,Severe,Hatchback,Petrol,2.66
7.8,13.4,34.9,Moderate,Hatchback,Diesel,1.29
4.6,8.8,31.2,Moderate,Hatchback,Diesel,0.76
16.9,43.1,23.5,High,Sedan,Petrol,4.77
16.6,21.1,47.2,Low,Hatchback,Petrol,2.64
9.1,12.3,44.5,Moderate,Hatchback,Diesel,1.34
4.7,9.7,29,High,Sedan,Petrol,1.13
26.2,80.6,19.5,High,Hatchback,Diesel,5.35
2.5,8.2,18.3,High,SUV,Petrol,0.93
25.1,33.6,44.8,Moderate,SUV,Diesel,5.88
16.5,143.5,6.9,Severe,Sedan,Petrol,5.53
9.1,10.4,52.6,Low,SUV,Petrol,2.39
9.9,13.2,44.9,Moderate,SUV,Diesel,2.28
13.7,28.7,28.6,High,SUV,Petrol,4.69
6.3,10.8,35,Moderate,Sedan,Petrol,1.32
11.9,16.3,43.9,Moderate,Motorcycle,Petrol,1.22
2.6,18.4,8.5,Severe,Sedan,Diesel,0.8
33.1,56.7,35,Moderate,Sedan,Petrol,7.42
11.7,20.8,33.7,Moderate,Hatchback,Petrol,2.16
4.4,7,37.9,Moderate,Motorcycle,Petrol,0.47
10.6,10.9,58.4,Low,Sedan,Petrol,2.01
4.5,4.9,54.7,Low,SUV,Petrol,1.15
5.9,11.9,29.8,High,Hatchback,Petrol,1.3
22.1,42.9,30.9,Moderate,Hatchback,Petrol,4.23
2.1,2.7,46,Low,Sedan,Diesel,0.35
5.7,8.5,40.2,Moderate,SUV,Diesel,1.36
16.2,34.2,28.4,High,Motorcycle,Petrol,1.82
14.3,36.5,23.5,High,Hatchback,Diesel,2.87
19.7,98.5,12,Severe,Hatchback,Diesel,4.97
10.8,21.5,30.2,Moderate,Sedan,Petrol,2.32
14.5,34,25.6,High,Hatchback,Petrol,3.05
26.6,142.5,11.2,Severe,Hatchback,Petrol,7.84
16.3,21.1,46.4,Low,Hatchback,Diesel,2.36
34.6,121.4,17.1,High,Motorcycle,Petrol,4.42
12.2,25.6,28.6,High,Hatchback,Petrol,2.64
2.9,6,29.2,High,Sedan,Petrol,0.75
27.1,56.7,28.7,High,Sedan,Petrol,6.75
10,25.3,23.7,High,Motorcycle,Petrol,1.33
6,57.1,6.3,Severe,Sedan,Diesel,1.85
5,33.3,9,Severe,Hatchback,Petrol,1.41
30.9,44.1,42,Moderate,Sedan,Diesel,5.9
18.5,26.3,42.2,Moderate,Sedan,Petrol,3.81
7.4,11,40.4,Moderate,Sedan,Petrol,1.62
27.9,87.2,19.2,High,Hatchback,Diesel,5.8
16,19.4,49.6,Low,Hatchback,Petrol,2.48
9.7,15.3,38.1,Moderate,Hatchback,Diesel,1.56
6.2,9.8,37.9,Moderate,SUV,Diesel,1.6
5.6,9.3,36.3,Moderate,Motorcycle,Petrol,0.6
3,7.1,25.4,High,Hatchback,Petrol,0.6
18,31,34.8,Moderate,Sedan,Diesel,3.4
4.7,10,28.1,High,Hatchback,Diesel,0.87
10.3,14.8,41.8,Moderate,Hatchback,Diesel,1.61
29.5,39.8,44.5,Moderate,Hatchback,Petrol,5.18
9.4,10.8,52.1,Low,Motorcycle,Petrol,0.85
3.5,10.3,20.4,High,Sedan,Petrol,0.91
8.3,75.5,6.6,Severe,Motorcycle,Petrol,1.3
16.3,28.1,34.8,Moderate,Motorcycle,Petrol,1.68
31.4,103.5,18.2,High,Hatchback,Petrol,6.96
3.5,4.6,46.1,Low,Sedan,Diesel,0.59
13.8,18,45.9,Low,SUV,Diesel,3.1
14.2,39.1,21.8,High,Hatchback,Petrol,3.11
19.9,97.1,12.3,Severe,Hatchback,Diesel,5.3
3.4,6.8,30,Moderate,SUV,Petrol,1.06
7,15.8,26.5,High,Hatchback,Petrol,1.43
11.3,17.5,38.7,Moderate,Hatchback,Petrol,2.14
31.9,123.5,15.5,High,Sedan,Petrol,8.93
9.6,17.1,33.7,Moderate,Hatchback,Diesel,1.49
46.7,55.4,50.6,Low,Sedan,Petrol,8.94
6.2,11.9,31.2,Moderate,Hatchback,Diesel,0.98
2.3,4.8,28.5,High,Hatchback,Diesel,0.4
11.7,13.5,52,Low,Sedan,Diesel,2.06
28.5,76.7,22.3,High,Hatchback,Petrol,6.49
8.2,41.3,11.9,Severe,Sedan,Diesel,2.51
6,22.6,15.9,High,Hatchback,Diesel,1.15
7.5,10.2,44.2,Moderate,Sedan,Petrol,1.64
5.7,10.1,34,Moderate,SUV,Diesel,1.43
3.5,5.2,40.2,Moderate,Hatchback,Petrol,0.59
33.9,95.5,21.3,High,Hatchback,Diesel,6.7
5.7,8.6,39.9,Moderate,Sedan,Petrol,1.2
30.1,35.6,50.8,Low,SUV,Diesel,6.5
10.7,11.8,54.2,Low,Sedan,Diesel,1.85
4.4,8.6,30.7,Moderate,SUV,Petrol,1.32
6.9,9.4,43.9,Moderate,Hatchback,Petrol,1.19
18.3,29.8,36.8,Moderate,Hatchback,Diesel,2.93
4.6,30.7,9,Severe,Hatchback,Diesel,1.21
21.3,29.2,43.7,Moderate,Hatchback,Petrol,3.65
30.1,58.1,31.1,Moderate,Hatchback,Diesel,4.87
4.8,11.4,25.2,High,Hatchback,Diesel,0.84
19.4,68.5,17,High,SUV,Petrol,7.14
10.7,15.3,41.9,Moderate,Sedan,Diesel,1.92
7.4,8.1,55,Low,Motorcycle,Petrol,0.69
33.5,46.9,42.9,Moderate,Hatchback,Petrol,5.9
12.3,47,15.7,High,Hatchback,Diesel,2.4
13.9,41.1,20.3,High,Sedan,Petrol,3.75
13.8,21.7,38.1,Moderate,Hatchback,Petrol,2.53
2.2,2.8,47.1,Low,Motorcycle,Petrol,0.19
5.3,16.6,19.2,High,Motorcycle,Petrol,0.69
12.3,17.6,42,Moderate,Hatchback,Diesel,1.84
14.5,15.2,57.4,Low,Hatchback,Petrol,2.24
7.8,13.7,34.2,Moderate,Sedan,Petrol,1.71
9,20.8,25.9,High,SUV,Diesel,2.66
27.7,33.5,49.6,Low,SUV,Petrol,7.5
9.9,24.5,24.2,High,Hatchback,Diesel,1.98
6,9.6,37.6,Moderate,SUV,Petrol,1.81
2.2,3.7,35.9,Moderate,Hatchback,Petrol,0.4
8.6,10.2,50.4,Low,Hatchback,Petrol,1.34
7.6,25.8,17.7,High,Motorcycle,Petrol,0.94
4.8,6.3,45.8,Low,Hatchback,Petrol,0.77
11.9,76,9.4,Severe,Hatchback,Petrol,3.51
7.6,28.5,16,High,Hatchback,Petrol,1.8
6.7,12.7,31.6,Moderate,Hatchback,Petrol,1.28
7.9,12.8,37,Moderate,SUV,Petrol,2.35
19.1,25.7,44.6,Moderate,Hatchback,Petrol,3.5
2,2.1,56.1,Low,Hatchback,Diesel,0.28
43.2,84.2,30.8,Moderate,Sedan,Petrol,9.56
15.1,70.2,12.9,Severe,Motorcycle,Petrol,2.45
14.2,42,20.3,High,Sedan,Diesel,3.32
44.5,112.2,23.8,High,Sedan,Diesel,10.48
9.9,15.4,38.6,Moderate,SUV,Diesel,2.6
7.3,24.3,18,High,SUV,Diesel,2.26
5.3,10,31.8,Moderate,Sedan,Diesel,1.06
3.4,4.3,47.8,Low,Hatchback,Diesel,0.46
15.9,21.4,44.6,Moderate,Hatchback,Diesel,2.52
19.2,34.8,33.1,Moderate,Sedan,Petrol,4.28
13.7,21.4,38.4,Moderate,Hatchback,Diesel,2.16
10.2,14.9,41,Moderate,Hatchback,Diesel,1.54
3.6,11.1,19.4,High,Hatchback,Diesel,0.76
19.6,84.6,13.9,Severe,Hatchback,Diesel,4.82
5.6,6.7,50.4,Low,Hatchback,Diesel,0.76
15.1,45.5,19.9,High,Hatchback,Diesel,3.05
52.2,61.4,51,Low,Sedan,Petrol,10.06
23.8,56.4,25.3,High,Hatchback,Petrol,4.9
16.7,22.6,44.3,Moderate,Motorcycle,Petrol,1.7
15.1,16.1,56.2,Low,Hatchback,Petrol,2.44
4.4,7.3,36.3,Moderate,Hatchback,Petrol,0.81
8.3,12.3,40.4,Moderate,SUV,Petrol,2.28
24.8,40.4,36.8,Moderate,Hatchback,Diesel,4.13
25.7,29.4,52.5,Low,Hatchback,Petrol,4.16
25.6,49.2,31.2,Moderate,Hatchback,Diesel,4.27
18.6,53.7,20.8,High,SUV,Petrol,7.02
3.1,4,46.3,Low,Sedan,Petrol,0.56
11.1,18.1,36.7,Moderate,Motorcycle,Petrol,1.17
7.5,11.1,40.4,Moderate,Sedan,Petrol,1.63
29.1,34.6,50.5,Low,Hatchback,Petrol,4.88
2,3.8,31.5,Moderate,Hatchback,Diesel,0.32
19.3,21.4,54,Low,Sedan,Diesel,3.27
5.5,13.5,24.5,High,Sedan,Petrol,1.45
31.3,89.9,20.9,High,Sedan,Diesel,7.43
4.6,7.3,37.8,Moderate,Hatchback,Diesel,0.72
14.3,19.8,43.4,Moderate,Motorcycle,Petrol,1.37
7.6,18.8,24.3,High,Hatchback,Petrol,1.81
12.5,17,44,Moderate,SUV,Diesel,2.92
7.2,59.2,7.3,Severe,SUV,Petrol,3.36
11,20.8,31.7,Moderate,SUV,Petrol,3.21
16,21.5,44.7,Moderate,Sedan,Diesel,3.08
6.5,17.3,22.5,High,SUV,Petrol,2.44
8.4,19.4,26,High,SUV,Petrol,2.82
11.2,16.6,40.5,Moderate,SUV,Petrol,3.11
6.5,8.2,47.4,Low,Hatchback,Petrol,1.06
35.8,50.4,42.6,Moderate,Hatchback,Diesel,5.54
47.4,62.8,45.3,Low,SUV,Petrol,12.53
16.9,78.6,12.9,Severe,Hatchback,Petrol,4.88
8.5,32.5,15.7,High,Sedan,Diesel,2.16
16.1,24.2,40,Moderate,Hatchback,Petrol,2.89
8.5,45.5,11.2,Severe,Hatchback,Petrol,2.55
42,152.7,16.5,High,SUV,Petrol,16.03
2.4,3,47.3,Low,Hatchback,Petrol,0.38
12.1,15.2,47.7,Low,SUV,Petrol,3.24
5.5,24.8,13.3,Severe,Sedan,Petrol,1.81
5,5.7,52.2,Low,Hatchback,Petrol,0.78
47.4,68.5,41.5,Moderate,Hatchback,Diesel,7.14
5.1,5.3,57.4,Low,Hatchback,Diesel,0.72
13.1,37.1,21.2,High,Hatchback,Diesel,2.56
3.6,4.6,47.1,Low,Hatchback,Petrol,0.57
7.3,17.6,24.9,High,SUV,Diesel,2.2
8,10.7,44.9,Moderate,Motorcycle,Petrol,0.76
14.8,29.9,29.7,High,Hatchback,Diesel,2.76
30.6,32.6,56.4,Low,SUV,Diesel,6.47
11.5,61.1,11.3,Severe,Sedan,Petrol,3.91
5.5,6.9,47.5,Low,Hatchback,Petrol,0.87
51.6,66.9,46.3,Low,SUV,Petrol,13.82
22.3,46.5,28.8,High,Sedan,Diesel,5.22
19.1,67,17.1,High,SUV,Diesel,6.01
23.6,40.9,34.6,Moderate,SUV,Diesel,6.06
13.5,85.3,9.5,Severe,Hatchback,Petrol,3.95
13.9,27.6,30.2,Moderate,Hatchback,Petrol,2.51
10.6,11.7,54.5,Low,Sedan,Petrol,1.92
7.1,17.5,24.3,High,Hatchback,Petrol,1.64
3.9,6.1,38.6,Moderate,Sedan,Diesel,0.79
8.8,15.9,33.3,Moderate,Motorcycle,Petrol,0.89
9.9,20.3,29.2,High,Hatchback,Diesel,1.88
15.8,24.2,39.2,Moderate,SUV,Petrol,4.77
17.2,67,15.4,High,Hatchback,Diesel,3.63
19,96.6,11.8,Severe,SUV,Petrol,8.78
27.4,31.8,51.7,Low,Hatchback,Petrol,4.48
18.6,25,44.6,Moderate,SUV,Petrol,5.44
13.3,46.9,17,High,SUV,Diesel,4.26
27.9,55.1,30.4,Moderate,Motorcycle,Petrol,2.81
11.1,12.2,54.6,Low,Hatchback,Diesel,1.48
8,14.7,32.6,Moderate,Hatchback,Diesel,1.27
9.8,12.2,48.2,Low,Hatchback,Petrol,1.61
9.4,31,18.2,High,SUV,Diesel,2.87
5.1,8.1,38,Moderate,Sedan,Petrol,1.08
3.3,10.9,18.2,High,Hatchback,Diesel,0.65
7,11.7,36,Moderate,Hatchback,Petrol,1.3
9.5,14.6,39,Moderate,Sedan,Diesel,1.83
8,11,43.8,Moderate,SUV,Petrol,2.22
15.6,34.3,27.3,High,Hatchback,Petrol,3.21
15.4,61.6,15,Severe,Sedan,Petrol,5.07
6,18.2,19.8,High,Sedan,Diesel,1.53
5.7,14.4,23.7,High,Motorcycle,Petrol,0.76
5,15.2,19.7,High,Hatchback,Diesel,0.99
10,28,21.4,High,Hatchback,Petrol,2.33
7.8,8.3,56.6,Low,SUV,Petrol,1.93
44.7,64.3,41.7,Moderate,SUV,Petrol,12.19
5.3,15.9,20,High,Motorcycle,Petrol,0.69
7.1,8.5,50,Low,Hatchback,Diesel,1.03
11.7,27.2,25.8,High,Hatchback,Diesel,2.25
22,39.2,33.7,Moderate,Motorcycle,Petrol,2.19
27.7,38.8,42.8,Moderate,Sedan,Petrol,5.56
19.5,28.3,41.3,Moderate,Sedan,Petrol,4.27
9.2,75.6,7.3,Severe,Sedan,Diesel,2.85
16,36.5,26.3,High,Sedan,Petrol,4.17
29.7,88.7,20.1,High,Hatchback,Diesel,6.07
3,3.2,55.4,Low,Hatchback,Petrol,0.49
14.6,52.1,16.8,High,Hatchback,Petrol,3.27
2.2,3.2,40.8,Moderate,Motorcycle,Petrol,0.21
12.8,93.7,8.2,Severe,SUV,Petrol,5.79
19,203.6,5.6,Severe,SUV,Petrol,8.95
12.1,48.7,14.9,Severe,Hatchback,Diesel,2.97
4.4,5,52.6,Low,Hatchback,Petrol,0.7
19.3,34,34.1,Moderate,Hatchback,Petrol,3.55
2.3,4.3,31.8,Moderate,Motorcycle,Petrol,0.23
3.6,5.9,36.7,Moderate,Sedan,Petrol,0.82
8.3,42.9,11.6,Severe,Hatchback,Diesel,2.09
26.4,47.7,33.2,Moderate,Hatchback,Petrol,5.03
8.9,12.5,42.7,Moderate,Hatchback,Diesel,1.35
28.1,32.5,51.9,Low,Hatchback,Petrol,4.55
3.1,4.7,39.8,Moderate,SUV,Petrol,0.95
29,57.4,30.3,Moderate,Sedan,Petrol,6.32
3.4,4.8,42.2,Moderate,SUV,Petrol,0.98
25.5,36.7,41.7,Moderate,Sedan,Petrol,5.48
4.1,7.5,32.9,Moderate,Hatchback,Petrol,0.75
4.9,11.6,25.4,High,Hatchback,Diesel,0.88
14.7,39.2,22.5,High,Hatchback,Petrol,3.24
16.9,62.2,16.3,High,SUV,Petrol,6.3
7.3,9.1,48,Low,Hatchback,Petrol,1.12
20.2,29.3,41.4,Moderate,Hatchback,Petrol,3.55
12.4,33.4,22.3,High,SUV,Petrol,4.79
11.9,106.6,6.7,Severe,Hatchback,Petrol,3.33
24.6,37,39.9,Moderate,SUV,Diesel,6.01
17.8,64.7,16.5,High,Motorcycle,Petrol,2.32
18,21.9,49.4,Low,Hatchback,Diesel,2.64
10.1,24.7,24.5,High,Sedan,Petrol,2.7
2.3,2.4,57,Low,SUV,Diesel,0.49
11,16.5,40.1,Moderate,Hatchback,Petrol,2.03
32.6,88.5,22.1,High,Hatchback,Diesel,6.65
12.2,71.8,10.2,Severe,Hatchback,Petrol,3.63
7,13,32.3,Moderate,Motorcycle,Petrol,0.74
15.5,103.3,9,Severe,Hatchback,Petrol,4.47
14.2,18.1,47.1,Low,Hatchback,Petrol,2.16
29.8,43.8,40.8,Moderate,Sedan,Diesel,5.41
6.6,7.1,55.4,Low,Motorcycle,Petrol,0.58
11,19.5,33.8,Moderate,Sedan,Petrol,2.46
55.5,85.8,38.8,Moderate,SUV,Petrol,17.21
9.5,75,7.6,Severe,Hatchback,Diesel,2.43
14.4,23.4,37,Moderate,Hatchback,Diesel,2.22
17.9,33.7,31.9,Moderate,Hatchback,Diesel,2.87
15.9,72.8,13.1,Severe,Hatchback,Diesel,3.95
7.6,13.2,34.6,Moderate,Hatchback,Petrol,1.38
7.6,12.1,37.7,Moderate,SUV,Petrol,2.25
33.3,70.4,28.4,High,Hatchback,Diesel,6.1
11.6,17.9,38.9,Moderate,Hatchback,Petrol,2.17
25.1,38.4,39.2,Moderate,Sedan,Petrol,5.78
20,40,30,High,Hatchback,Petrol,4.1
4.5,10,26.9,High,SUV,Diesel,1.32
2.8,5.2,32.1,Moderate,Hatchback,Diesel,0.45
5.6,30.5,11,Severe,Hatchback,Diesel,1.36
18.6,33.3,33.5,Moderate,Motorcycle,Petrol,1.95
15.6,25.4,36.8,Moderate,Hatchback,Petrol,2.77
4.7,6.3,44.5,Moderate,Sedan,Petrol,1.02
31.8,132.5,14.4,Severe,Hatchback,Petrol,9.32
31.6,60.2,31.5,Moderate,Hatchback,Petrol,5.99
16.9,25,40.6,Moderate,Hatchback,Petrol,2.86
50.5,64.7,46.8,Low,SUV,Diesel,10.82
7.1,13,32.8,Moderate,SUV,Petrol,2.17
43.5,145.8,17.9,High,Hatchback,Diesel,8.94
14.4,45.2,19.1,High,SUV,Diesel,4.63
4.3,7.8,32.9,Moderate,Sedan,Diesel,0.87
29.2,31.2,56.1,Low,SUV,Petrol,7.5
4.3,6.5,39.9,Moderate,SUV,Diesel,1.12
4,5.6,42.6,Moderate,SUV,Diesel,0.93
9.3,10.6,52.4,Low,SUV,Diesel,2.03
10.8,11.2,57.8,Low,Sedan,Petrol,2.12
8.1,61.5,7.9,Severe,Sedan,Petrol,2.66
6.7,19.8,20.3,High,SUV,Petrol,2.4
28.5,44.3,38.6,Moderate,Hatchback,Petrol,5.45
2.9,5.6,30.8,Moderate,Hatchback,Diesel,0.48
13.9,14.4,58,Low,Hatchback,Petrol,2.19
10.9,125.8,5.2,Severe,Hatchback,Petrol,3.17
13.1,17.9,44,Moderate,Sedan,Petrol,2.75
26.8,59.8,26.9,High,SUV,Petrol,9.42
2.6,3.6,42.9,Moderate,Motorcycle,Petrol,0.25
10.8,12.7,51.1,Low,Motorcycle,Petrol,0.97
8.6,9.6,53.9,Low,Sedan,Petrol,1.69
53,62.7,50.7,Low,Hatchback,Petrol,8.09
16.7,22.8,44,Moderate,SUV,Petrol,5.01
13.3,29.6,27,High,Hatchback,Diesel,2.49
5,14,21.5,High,Hatchback,Petrol,1.2
36.3,65.2,33.4,Moderate,Motorcycle,Petrol,3.93
22.4,143,9.4,Severe,Motorcycle,Petrol,3.56
8.9,31.6,16.9,High,Sedan,Diesel,2.15
16.4,28.8,34.2,Moderate,Hatchback,Diesel,2.77
12.9,30.5,25.4,High,Hatchback,Diesel,2.31
44.2,115.3,23,High,Hatchback,Petrol,9.74
34.4,382.2,5.4,Severe,Sedan,Petrol,12.14
14.9,156.8,5.7,Severe,Sedan,Petrol,5.07
9.1,15.3,35.6,Moderate,Motorcycle,Petrol,0.91
17.3,54.1,19.2,High,Hatchback,Petrol,3.92
12.6,34.4,22,High,Motorcycle,Petrol,1.56
18.4,19.3,57.1,Low,Hatchback,Petrol,3.02
34.8,71.5,29.2,High,Sedan,Petrol,8.79
8.1,12.6,38.5,Moderate,SUV,Petrol,2.34
19.2,46.6,24.7,High,Hatchback,Diesel,3.79
3.3,5.5,36.1,Moderate,Hatchback,Diesel,0.55
10.6,22.1,28.8,High,Sedan,Petrol,2.63
33.9,109.9,18.5,High,SUV,Petrol,12.71
14,20.9,40.1,Moderate,Motorcycle,Petrol,1.4
2.9,15.8,11,Severe,Hatchback,Diesel,0.71
5.9,14.4,24.6,High,Sedan,Petrol,1.59
9.2,12.2,45.1,Low,Hatchback,Diesel,1.35
6.9,11.9,34.8,Moderate,SUV,Petrol,2.07
13.7,52.7,15.6,High,SUV,Petrol,4.98
10.7,17.8,36.1,Moderate,SUV,Petrol,3.36
6.5,49.4,7.9,Severe,SUV,Petrol,3.06
10.1,14.9,40.8,Moderate,Hatchback,Diesel,1.6
15.9,16.1,59.4,Low,Sedan,Diesel,2.81
19.5,29.8,39.3,Moderate,Hatchback,Petrol,3.72
15.5,23,40.5,Moderate,Sedan,Diesel,2.78
6.6,7.9,50.2,Low,Hatchback,Petrol,1.1
2.1,3.2,39.1,Moderate,SUV,Petrol,0.62
7.5,8.5,52.7,Low,Hatchback,Petrol,1.22
7.9,10.5,45.1,Low,Hatchback,Petrol,1.24
5.6,7.3,45.9,Low,Hatchback,Petrol,0.86
7.8,9.2,50.9,Low,SUV,Diesel,1.79
2.8,10,16.8,High,Motorcycle,Petrol,0.35
28.2,33.4,50.7,Low,Hatchback,Petrol,4.55
5.1,7.8,39.2,Moderate,Motorcycle,Petrol,0.55
9.8,17,34.6,Moderate,Hatchback,Diesel,1.63
8.7,12.7,41.2,Moderate,Hatchback,Petrol,1.49
9.8,16.8,34.9,Moderate,Sedan,Petrol,2.14
9.2,12.8,43,Moderate,Hatchback,Petrol,1.68
16,31.5,30.5,Moderate,Hatchback,Petrol,3.03
21.3,28.7,44.5,Moderate,Hatchback,Petrol,3.86
10.5,21.6,29.2,High,Sedan,Diesel,2.23
24.4,127.3,11.5,Severe,Hatchback,Petrol,7.4
2.9,5,34.8,Moderate,Sedan,Petrol,0.61
11.9,15.8,45.2,Low,Hatchback,Petrol,1.96
3.9,11,21.2,High,Sedan,Diesel,0.98
6.1,6.9,52.7,Low,Sedan,Petrol,1.21
10.4,32,19.5,High,Sedan,Petrol,2.86
5.1,7.2,42.6,Moderate,Hatchback,Petrol,0.91
30.6,62.9,29.2,High,Hatchback,Petrol,6.15
36,96.4,22.4,High,Motorcycle,Petrol,4.56
43.2,61,42.5,Moderate,Hatchback,Petrol,7.42
5.3,7.8,40.8,Moderate,Hatchback,Diesel,0.85
13.4,21.7,37,Moderate,SUV,Petrol,4.16
18.5,64.5,17.2,High,SUV,Petrol,6.89
9.7,14.2,41,Moderate,Sedan,Petrol,2.1
17.7,29.2,36.4,Moderate,Hatchback,Petrol,3.32
7.8,27.1,17.3,High,Hatchback,Petrol,1.77
8.8,66.8,7.9,Severe,Motorcycle,Petrol,1.39
39.3,368.4,6.4,Severe,Hatchback,Diesel,9.81
4.8,6.8,42.1,Moderate,Motorcycle,Petrol,0.49
19.6,43.2,27.2,High,SUV,Diesel,5.55
22.2,23.5,56.8,Low,Hatchback,Diesel,3.12
3.9,9.5,24.6,High,Hatchback,Petrol,0.93
14.8,15.1,58.7,Low,Motorcycle,Petrol,1.28
8,12.1,39.6,Moderate,SUV,Petrol,2.37
11.6,13.8,50.4,Low,Sedan,Diesel,1.95
8.2,11.3,43.5,Moderate,Sedan,Petrol,1.63
32.3,72.3,26.8,High,Hatchback,Diesel,5.86
9.5,18.2,31.4,Moderate,Hatchback,Petrol,1.71
2.3,4.1,33.4,Moderate,SUV,Diesel,0.57
11.5,28.3,24.4,High,Sedan,Diesel,2.82
3.6,4.2,50.9,Low,Sedan,Diesel,0.62
4.5,5.9,45.9,Low,Hatchback,Diesel,0.63
32.9,253.1,7.8,Severe,Hatchback,Diesel,8.09
12.9,25.4,30.5,Moderate,Hatchback,Diesel,2.04
2.9,17.2,10.1,Severe,Hatchback,Diesel,0.74
14.1,20.7,40.9,Moderate,SUV,Diesel,3.53
33.1,57.9,34.3,Moderate,Sedan,Petrol,7.47
9,10.3,52.6,Low,Sedan,Diesel,1.48
8.5,13.2,38.5,Moderate,Motorcycle,Petrol,0.89
8.4,12.5,40.4,Moderate,Hatchback,Diesel,1.27
2.1,3.2,38.9,Moderate,Hatchback,Petrol,0.4
15.3,44.6,20.6,High,Sedan,Diesel,3.56
7.6,12.7,35.8,Moderate,Hatchback,Diesel,1.24
23.2,33.1,42,Moderate,Motorcycle,Petrol,2.35
8,28.4,16.9,High,Hatchback,Petrol,1.78
7.3,21.4,20.5,High,SUV,Petrol,2.82
12.2,14.5,50.4,Low,Hatchback,Petrol,2.02
21.8,105.5,12.4,Severe,Hatchback,Petrol,6.08
3.6,6,36.2,Moderate,Motorcycle,Petrol,0.39
11.2,13.1,51.4,Low,Hatchback,Petrol,1.79
10.7,87.9,7.3,Severe,Motorcycle,Petrol,1.81
9.2,21.9,25.2,High,Hatchback,Petrol,1.9
28.1,56.4,29.9,High,Hatchback,Petrol,6.14
5.4,8.1,40.1,Moderate,Hatchback,Petrol,0.91
7.2,14.9,29,High,Sedan,Petrol,1.84
12.9,35,22.1,High,Hatchback,Petrol,2.94
3.1,8.6,21.6,High,Motorcycle,Petrol,0.42
5.1,18.4,16.6,High,Motorcycle,Petrol,0.64
13.1,37.6,20.9,High,Hatchback,Diesel,2.58
8.6,16.4,31.5,Moderate,Motorcycle,Petrol,0.86
7.1,12.3,34.7,Moderate,Hatchback,Petrol,1.36
2.3,5.6,24.8,High,Hatchback,Petrol,0.55
3.8,7.2,31.8,Moderate,Hatchback,Petrol,0.71
8.6,15.6,33,Moderate,Motorcycle,Petrol,0.92
12.4,25.4,29.3,High,Hatchback,Diesel,2.28
19.5,27.2,43,Moderate,Hatchback,Petrol,3.36
7.4,20.4,21.8,High,Sedan,Diesel,1.74
33.5,76.7,26.2,High,SUV,Diesel,9.67
4,8.5,28.3,High,Hatchback,Diesel,0.76
12,17.6,41,Moderate,Sedan,Petrol,2.48
26.8,28,57.4,Low,Motorcycle,Petrol,2.3
13.8,18.8,44,Moderate,Sedan,Diesel,2.46
30.7,41.7,44.2,Moderate,Sedan,Petrol,6.33
31,33,56.4,Low,Hatchback,Petrol,4.77
10.6,41.8,15.2,High,SUV,Petrol,3.99
15.1,23.4,38.7,Moderate,SUV,Petrol,4.31
7.3,7.5,58.5,Low,Sedan,Petrol,1.35
21.8,32.5,40.2,Moderate,Sedan,Petrol,4.37
6.7,17.2,23.4,High,Motorcycle,Petrol,0.91
18.8,22,51.2,Low,Hatchback,Diesel,2.75
13.6,27.1,30.1,Moderate,Sedan,Diesel,2.65
8.7,30.9,16.9,High,Hatchback,Petrol,1.92
6.1,9.7,37.7,Moderate,Motorcycle,Petrol,0.66
5.5,20.4,16.2,High,Motorcycle,Petrol,0.69
8.8,24.1,21.9,High,Hatchback,Petrol,1.97
9.8,23.4,25.1,High,Sedan,Petrol,2.52
4,6,39.9,Moderate,Hatchback,Diesel,0.67
8,11.5,41.6,Moderate,Hatchback,Petrol,1.35
2.8,4.4,38,Moderate,Hatchback,Petrol,0.5
19.5,34.9,33.5,Moderate,Hatchback,Petrol,3.53
5.8,37.8,9.2,Severe,Sedan,Petrol,1.96
8,13.8,34.7,Moderate,SUV,Petrol,2.31
32.8,50.2,39.2,Moderate,Sedan,Petrol,7.38
33.6,45.7,44.1,Moderate,Motorcycle,Petrol,3.25
8.2,8.7,56.5,Low,Hatchback,Petrol,1.35
2.4,6.8,21.2,High,SUV,Petrol,0.93
12.2,21.5,34,Moderate,Sedan,Petrol,2.6
4.7,6.7,42,Moderate,SUV,Diesel,1.17
8.9,10.4,51.4,Low,SUV,Diesel,1.89
19.8,54.7,21.7,High,SUV,Petrol,7.6
31.6,69.5,27.3,High,Sedan,Diesel,7.33
9.8,14.6,40.2,Moderate,Sedan,Petrol,1.97
33.4,106.6,18.8,High,Sedan,Diesel,8.37
15.2,165.8,5.5,Severe,Hatchback,Diesel,4.02
7.9,11.5,41.3,Moderate,Hatchback,Diesel,1.17
23,81.2,17,High,Motorcycle,Petrol,2.84
2.1,3.7,34.2,Moderate,Sedan,Petrol,0.48
12.7,20.3,37.6,Moderate,SUV,Petrol,3.8
19.9,31.8,37.5,Moderate,SUV,Petrol,6.11
7.6,14.5,31.5,Moderate,Motorcycle,Petrol,0.76
29,56.1,31,Moderate,Motorcycle,Petrol,2.88
7.7,35.5,13,Severe,Sedan,Petrol,2.61
8.9,43.8,12.2,Severe,SUV,Petrol,4.04
15.2,24.1,37.8,Moderate,Sedan,Diesel,3.13
13,16.1,48.4,Low,Motorcycle,Petrol,1.22
7.1,30.9,13.8,Severe,Motorcycle,Petrol,1.13
8,9.3,51.6,Low,Sedan,Diesel,1.43
4.7,14.7,19.2,High,Hatchback,Petrol,1.05
53.8,80.1,40.3,Moderate,Motorcycle,Petrol,5.35
19.4,66.5,17.5,High,SUV,Petrol,7.11
6.2,10.1,36.7,Moderate,Hatchback,Diesel,1.01
5,5.5,54.6,Low,Motorcycle,Petrol,0.44
14,17.1,49.2,Low,Hatchback,Diesel,1.93
7.3,13.3,32.9,Moderate,Motorcycle,Petrol,0.76
28.6,39.9,43,Moderate,Hatchback,Diesel,4.26
36.3,62.2,35,Moderate,Motorcycle,Petrol,3.7
35.7,46,46.6,Low,SUV,Petrol,9.19
9.1,21.2,25.8,High,Hatchback,Petrol,1.97
2.5,6.9,21.6,High,SUV,Petrol,0.93
22.4,25.7,52.2,Low,Motorcycle,Petrol,2.04
32.2,99.6,19.4,High,Hatchback,Diesel,6.55
8.5,13.6,37.4,Moderate,Hatchback,Diesel,1.32
2.7,4.6,35.1,Moderate,Hatchback,Diesel,0.44
2.6,2.8,55.3,Low,SUV,Diesel,0.56
2.6,13,12,Severe,Motorcycle,Petrol,0.42
13.9,24.5,34.1,Moderate,Sedan,Diesel,2.68
19,30.3,37.6,Moderate,Hatchback,Diesel,3.18
5,13.7,21.9,High,SUV,Diesel,1.52
6.7,29.8,13.5,Severe,SUV,Petrol,3.03
7.9,8.2,57.9,Low,Motorcycle,Petrol,0.72
3.4,4.8,42.9,Moderate,SUV,Diesel,0.81
6,12.3,29.2,High,Hatchback,Diesel,1.07
15,42.3,21.3,High,SUV,Petrol,5.83
6.5,23.9,16.3,High,SUV,Petrol,2.44
18.3,48.4,22.7,High,SUV,Petrol,6.63
3.7,6.8,32.5,Moderate,Sedan,Diesel,0.73
7.5,12.6,35.6,Moderate,Motorcycle,Petrol,0.8
17.9,28.8,37.3,Moderate,SUV,Petrol,5.28
3.1,8.7,21.3,High,Hatchback,Diesel,0.6
3.4,23.4,8.7,Severe,Hatchback,Petrol,0.98
3.9,9,26,High,Hatchback,Petrol,0.85
7.9,25.6,18.5,High,Hatchback,Petrol,1.85
3.4,10.9,18.8,High,Sedan,Petrol,0.97
7.4,11.9,37.2,Moderate,Hatchback,Petrol,1.33
18.5,26.8,41.4,Moderate,Hatchback,Petrol,3.31
6.8,11,37.2,Moderate,Hatchback,Diesel,1.13
17.6,58.7,18,High,Sedan,Diesel,4.31
28.3,41.6,40.8,Moderate,Hatchback,Petrol,5
3,4.7,38.4,Moderate,SUV,Diesel,0.73
43.7,140.2,18.7,High,Hatchback,Diesel,8.91
29.5,46.3,38.2,Moderate,Sedan,Diesel,5.71
6.8,6.9,59.1,Low,Hatchback,Diesel,0.94
19.3,170.3,6.8,Severe,Motorcycle,Petrol,3.24
10.6,19.7,32.3,Moderate,SUV,Petrol,3.22
2.7,3.2,51.1,Low,Sedan,Diesel,0.47
14.1,20.8,40.7,Moderate,SUV,Petrol,4.05
6.9,10.7,38.6,Moderate,Hatchback,Petrol,1.33
15.7,26.6,35.4,Moderate,SUV,Petrol,4.79
4.1,8,30.8,Moderate,Hatchback,Petrol,0.79
15,28.5,31.6,Moderate,Sedan,Diesel,2.83
14.1,25.5,33.2,Moderate,Sedan,Petrol,3.01
5.8,9.7,36,Moderate,Hatchback,Petrol,1.07
5.2,15.8,19.8,High,Hatchback,Petrol,1.25
18.4,27.1,40.7,Moderate,Hatchback,Diesel,2.92
7,11.1,37.7,Moderate,Sedan,Diesel,1.4
7.6,10.9,42,Moderate,Motorcycle,Petrol,0.77
21,41.4,30.4,Moderate,Sedan,Petrol,4.48
14.9,21,42.5,Moderate,Motorcycle,Petrol,1.45
56,160.8,20.9,High,SUV,Petrol,21.39
16.4,30.6,32.2,Moderate,Hatchback,Petrol,3.14
7.4,22.3,19.9,High,Hatchback,Diesel,1.42
11.4,26.2,26.1,High,Motorcycle,Petrol,1.34
9,55.7,9.7,Severe,Motorcycle,Petrol,1.46
18.6,39.2,28.5,High,Hatchback,Petrol,4.05
6.8,6.9,59,Low,Sedan,Diesel,1.12
35.9,71.6,30.1,Moderate,Hatchback,Petrol,6.81
10.8,17.1,37.9,Moderate,Motorcycle,Petrol,1.17
6.7,14.4,28,High,Motorcycle,Petrol,0.77
5.5,6.9,47.7,Low,Hatchback,Diesel,0.77
12.8,14.1,54.3,Low,SUV,Petrol,3.38
26,47.1,33.1,Moderate,Hatchback,Petrol,4.72
15.9,21.1,45.2,Low,SUV,Diesel,3.48
2.5,5.5,27.3,High,Hatchback,Diesel,0.47
3.1,9.6,19.4,High,SUV,Petrol,1.11
11.9,14.1,50.6,Low,SUV,Petrol,3.1
4.5,6.2,43.3,Moderate,SUV,Petrol,1.32
25.9,35,44.4,Moderate,Hatchback,Diesel,3.86
4.9,5.8,50.4,Low,Hatchback,Diesel,0.69
2.9,3.2,54.8,Low,Hatchback,Diesel,0.41
15.3,27,34,Moderate,Motorcycle,Petrol,1.52
41.8,43.2,58.1,Low,Sedan,Diesel,7.05
46.5,156.7,17.8,High,Sedan,Diesel,10.85
41.3,65.4,37.9,Moderate,Hatchback,Petrol,7.37
8.3,18.1,27.5,High,Hatchback,Petrol,1.77
7,20.6,20.4,High,Motorcycle,Petrol,0.87
31.7,103.9,18.3,High,Hatchback,Petrol,7.38
26.5,26.6,59.8,Low,Hatchback,Diesel,3.75
32.8,77.5,25.4,High,Sedan,Petrol,8.5
8.4,11.3,44.5,Moderate,Sedan,Diesel,1.54
5.7,12.4,27.6,High,Hatchback,Petrol,1.24
8.3,19.2,26,High,Motorcycle,Petrol,1.01
3,3.5,51.3,Low,SUV,Petrol,0.81
13.1,19.7,39.8,Moderate,Hatchback,Petrol,2.5
11.3,25.7,26.4,High,Hatchback,Petrol,2.3
15.5,31.8,29.2,High,SUV,Petrol,5.5
11,14.8,44.7,Moderate,Hatchback,Petrol,1.99
4.5,8.2,32.9,Moderate,Motorcycle,Petrol,0.47
3.2,5.5,34.8,Moderate,Motorcycle,Petrol,0.35
8.1,8.9,54.9,Low,Hatchback,Petrol,1.24
19.1,32.6,35.2,Moderate,Motorcycle,Petrol,2.04
13.3,28.5,28,High,Hatchback,Petrol,2.74
6.3,13.9,27.1,High,Hatchback,Petrol,1.33
5.8,12.1,28.7,High,SUV,Petrol,2.02
4.3,6.8,37.8,Moderate,SUV,Petrol,1.32
17.9,21.7,49.4,Low,Sedan,Petrol,3.43
12.5,24.6,30.5,Moderate,Motorcycle,Petrol,1.29
8.7,58.7,8.9,Severe,Sedan,Petrol,3.1
4.7,11.5,24.5,High,Hatchback,Petrol,1.11
4.9,14.5,20.3,High,Sedan,Petrol,1.3
8.2,8.4,58.4,Low,Sedan,Diesel,1.35
9.8,17,34.6,Moderate,Sedan,Petrol,2.13
9.1,16.3,33.5,Moderate,Hatchback,Petrol,1.76
17.5,26.3,39.9,Moderate,Hatchback,Petrol,3.29
5.4,11.1,29.2,High,Motorcycle,Petrol,0.62
14.7,24,36.8,Moderate,SUV,Diesel,3.71
12.3,27.2,27.1,High,Hatchback,Diesel,2.16
18.7,26,43.2,Moderate,Hatchback,Petrol,3.35
19.5,47,24.9,High,Hatchback,Petrol,4.6
16.8,26.6,37.9,Moderate,Hatchback,Petrol,3.22
5.8,9.6,36.3,Moderate,SUV,Petrol,1.71
15.7,45.3,20.8,High,Sedan,Petrol,4.2
3,4.6,39,Moderate,Hatchback,Petrol,0.56
21.9,22.3,58.8,Low,Sedan,Petrol,4.08
2.5,3.6,41.6,Moderate,SUV,Petrol,0.74
12.5,93.8,8,Severe,Hatchback,Diesel,3.17
56.1,58.7,57.3,Low,Hatchback,Petrol,8.92
13.8,55.6,14.9,Severe,Hatchback,Petrol,3.88
9.8,14.4,40.9,Moderate,Hatchback,Petrol,1.75
10.2,13.1,46.7,Low,Hatchback,Petrol,1.66
4.8,8.1,35.4,Moderate,Hatchback,Diesel,0.79
8.2,11.5,42.9,Moderate,Hatchback,Petrol,1.5
5.2,11.3,27.7,High,Sedan,Petrol,1.26
18.8,29.6,38.1,Moderate,Sedan,Diesel,3.77
51.3,57.1,53.9,Low,Hatchback,Diesel,7.39
13.9,27.8,30,Moderate,Hatchback,Petrol,2.61
7.7,8.5,54.2,Low,Hatchback,Petrol,1.23
2.4,2.6,54.6,Low,Hatchback,Diesel,0.32
39.6,63.5,37.4,Moderate,SUV,Petrol,11.68
3.7,24.9,8.9,Severe,Hatchback,Petrol,1.05
3.7,12.7,17.5,High,SUV,Diesel,1.15
10.5,23.9,26.4,High,Motorcycle,Petrol,1.3
18.9,40.9,27.7,High,Hatchback,Diesel,3.42
14.3,18.7,45.9,Low,Hatchback,Petrol,2.18
17.1,21,48.8,Low,Hatchback,Petrol,2.67
11.1,34.3,19.4,High,SUV,Petrol,4.3
14.3,21,40.8,Moderate,Motorcycle,Petrol,1.48
4.9,6.9,42.4,Moderate,Sedan,Petrol,0.99
15.8,19.8,47.8,Low,Hatchback,Petrol,2.52
22.8,69.1,19.8,High,Sedan,Petrol,6.48
11.6,13.3,52.2,Low,Motorcycle,Petrol,1.03
16.2,27,36,Moderate,Hatchback,Petrol,3.1
30.1,90.3,20,High,Sedan,Petrol,8.16
4.8,8.7,33.2,Moderate,SUV,Petrol,1.39
3.8,8.9,25.5,High,Sedan,Petrol,0.92
17.9,21.7,49.5,Low,SUV,Petrol,4.79
8.2,11.8,41.8,Moderate,Hatchback,Petrol,1.47
5.4,9.8,33,Moderate,SUV,Petrol,1.6
2.3,4.7,29.1,High,SUV,Diesel,0.65
43.8,65.4,40.2,Moderate,Hatchback,Petrol,8.05
8.3,40.8,12.2,Severe,Sedan,Diesel,2.62
8,10.8,44.4,Moderate,Sedan,Petrol,1.74
2.4,26.7,5.4,Severe,Hatchback,Petrol,0.67
3.1,4.2,44.4,Moderate,Hatchback,Petrol,0.56
12.2,13.7,53.3,Low,Motorcycle,Petrol,1.05
58.4,104.6,33.5,Moderate,Hatchback,Diesel,9.68
4.1,6.6,37.1,Moderate,Hatchback,Petrol,0.74
25.9,42.5,36.6,Moderate,Sedan,Diesel,5.22
52,118.2,26.4,High,Hatchback,Petrol,10.96
9.3,26.7,20.9,High,Hatchback,Diesel,1.86
12.1,26.6,27.3,High,Sedan,Petrol,2.88
25.1,29.1,51.8,Low,Hatchback,Diesel,3.37
4.7,6.3,44.8,Moderate,Sedan,Petrol,1
5,10.6,28.2,High,Hatchback,Petrol,1.1
10.1,25,24.2,High,Sedan,Petrol,2.64
10.1,28.2,21.5,High,Motorcycle,Petrol,1.37
16.1,25.5,37.9,Moderate,Hatchback,Petrol,3.02
29.4,39.6,44.6,Moderate,Motorcycle,Petrol,2.9
3.4,35.2,5.8,Severe,SUV,Petrol,1.54
4.7,6.5,43.7,Moderate,Sedan,Petrol,0.95
26.8,48.7,33,Moderate,Motorcycle,Petrol,2.66
18.1,51.5,21.1,High,Sedan,Petrol,5.14
18.1,57.2,19,High,Hatchback,Petrol,4.34
7.4,10.3,42.9,Moderate,SUV,Petrol,2.14
23.1,66,21,High,Hatchback,Diesel,4.76
4.7,9.1,31,Moderate,Hatchback,Petrol,0.83
11.4,18.9,36.2,Moderate,Sedan,Petrol,2.62
15.5,38.6,24.1,High,Motorcycle,Petrol,2.08
4,5.2,46.5,Low,Sedan,Diesel,0.66
4.8,9.9,29,High,Sedan,Petrol,1.21
17.6,63.6,16.6,High,Hatchback,Petrol,4.11
30.8,76,24.3,High,Hatchback,Petrol,7.41
12.9,25,30.9,Moderate,Hatchback,Diesel,2.13
14.8,27.4,32.4,Moderate,Sedan,Petrol,3.16
2.6,2.7,57.1,Low,Hatchback,Petrol,0.42
17,57.6,17.7,High,Hatchback,Petrol,4
4.3,6.8,38.1,Moderate,Hatchback,Petrol,0.8
7.4,37,12,Severe,SUV,Diesel,2.92
17.5,18.5,56.9,Low,Motorcycle,Petrol,1.56
20.3,22.3,54.7,Low,Hatchback,Petrol,3.34
13.9,60.4,13.8,Severe,SUV,Petrol,6.62
11.6,25.2,27.6,High,Sedan,Petrol,2.87
8.9,9.3,57.5,Low,Hatchback,Petrol,1.42
12.4,23.2,32,Moderate,SUV,Diesel,3.07
10,17.3,34.6,Moderate,Sedan,Petrol,2.19
5.7,19,18,High,Hatchback,Petrol,1.34
3.9,4.9,48,Low,Motorcycle,Petrol,0.35
9.3,15.2,36.7,Moderate,Hatchback,Diesel,1.46
21,27.2,46.4,Low,Sedan,Petrol,3.91
17.9,33.5,32.1,Moderate,SUV,Petrol,5.3
20.3,50.3,24.2,High,Motorcycle,Petrol,2.66
13.1,23.3,33.7,Moderate,Hatchback,Petrol,2.38
30.6,58.7,31.3,Moderate,Sedan,Petrol,6.99
2.7,19.8,8.2,Severe,Hatchback,Diesel,0.66
4.6,8,34.6,Moderate,SUV,Diesel,1.21
17.6,25.9,40.7,Moderate,Sedan,Petrol,3.85
15.5,129.2,7.2,Severe,Hatchback,Diesel,3.93
44.7,52.1,51.5,Low,Hatchback,Petrol,7.29
16.4,32.2,30.6,Moderate,Hatchback,Diesel,2.65
9.6,37.9,15.2,High,Hatchback,Petrol,2.24
51.3,91.1,33.8,Moderate,Motorcycle,Petrol,5.43
9.6,32,18,High,Motorcycle,Petrol,1.3
9.5,32,17.8,High,Motorcycle,Petrol,1.28
4.5,7.5,35.8,Moderate,Sedan,Petrol,1.01
14.3,41.2,20.8,High,Sedan,Diesel,3.45
17.1,18.1,56.8,Low,SUV,Petrol,4.28
15.6,36.3,25.8,High,Motorcycle,Petrol,1.9
20,56.3,21.3,High,Motorcycle,Petrol,2.49
10.7,33.4,19.2,High,Hatchback,Petrol,2.37
13.5,55.1,14.7,Severe,SUV,Diesel,5.41
13.3,38,21,High,SUV,Petrol,4.81
6,8.8,40.7,Moderate,Hatchback,Diesel,0.95
13.8,14,59,Low,Sedan,Petrol,2.54
19.5,30,39,Moderate,Motorcycle,Petrol,2.03
10.4,19,32.9,Moderate,SUV,Diesel,2.57
19.6,43.1,27.3,High,Motorcycle,Petrol,2.37
2.4,4.7,30.4,Moderate,SUV,Petrol,0.7
18.2,28.3,38.6,Moderate,Hatchback,Diesel,2.82
15.9,16.1,59.3,Low,Sedan,Petrol,2.88
5,9,33.3,Moderate,Sedan,Petrol,1.08
3,4.3,41.5,Moderate,Sedan,Petrol,0.64
23.7,64.9,21.9,High,Hatchback,Petrol,5.43
58.6,188,18.7,High,Hatchback,Petrol,13.2
8.2,18.6,26.4,High,SUV,Petrol,2.74
18,29.3,36.9,Moderate,Hatchback,Diesel,2.81
6.2,9.3,40.1,Moderate,SUV,Petrol,1.83
11.2,18.4,36.6,Moderate,Hatchback,Diesel,1.81
2.1,2.6,49.1,Low,Motorcycle,Petrol,0.18
4.3,4.6,55.6,Low,Hatchback,Diesel,0.61
15.9,29,32.9,Moderate,Sedan,Diesel,3.28
12.8,139.6,5.5,Severe,Hatchback,Petrol,3.85
8.6,13.4,38.6,Moderate,Motorcycle,Petrol,0.94
6.2,32.3,11.5,Severe,SUV,Petrol,3
5,7.4,40.3,Moderate,Sedan,Petrol,1.08
15.3,21.3,43,Moderate,Motorcycle,Petrol,1.54
3.1,5.7,32.9,Moderate,Hatchback,Diesel,0.49
12.9,14.9,52.1,Low,Motorcycle,Petrol,1.12
25,36.8,40.8,Moderate,Hatchback,Diesel,3.96
4.8,15.6,18.5,High,Sedan,Petrol,1.35
8.3,13.6,36.5,Moderate,SUV,Petrol,2.49
22.6,242.1,5.6,Severe,Motorcycle,Petrol,3.79
32.5,67,29.1,High,Sedan,Diesel,7.51
30.3,78,23.3,High,Sedan,Diesel,7.65
4.3,5.4,47.9,Low,SUV,Petrol,1.1
19.7,31.4,37.7,Moderate,Hatchback,Diesel,3.33
18.5,55.5,20,High,Hatchback,Petrol,4.25
2.4,4,36,Moderate,Sedan,Petrol,0.55
12.7,18.3,41.6,Moderate,SUV,Diesel,3.09
23,189,7.3,Severe,Sedan,Diesel,7.26
2.7,6.1,26.4,High,SUV,Petrol,0.97
48.9,55.6,52.8,Low,Motorcycle,Petrol,4.28
17,58,17.6,High,Sedan,Diesel,4.29
3.9,6.8,34.4,Moderate,Hatchback,Petrol,0.73
8.4,15.1,33.3,Moderate,Sedan,Diesel,1.57
2.7,4.3,37.9,Moderate,SUV,Petrol,0.79
4.1,15.1,16.3,High,Hatchback,Petrol,0.92
5.1,8.2,37.2,Moderate,Hatchback,Diesel,0.82
15.6,25.9,36.2,Moderate,SUV,Petrol,4.88
19.7,115.9,10.2,Severe,Hatchback,Petrol,5.73
21.1,24.9,50.8,Low,Hatchback,Petrol,3.47
4,6.6,36.6,Moderate,Motorcycle,Petrol,0.41
11.7,26.3,26.7,High,Sedan,Petrol,3.05
7.7,12.8,36.1,Moderate,Motorcycle,Petrol,0.84
19.2,117.6,9.8,Severe,SUV,Diesel,7.33
10.6,11.2,57,Low,Sedan,Diesel,1.88
5.5,6.2,53.2,Low,Hatchback,Petrol,0.85
9.5,19.8,28.8,High,SUV,Diesel,2.69
8.9,14.5,36.8,Moderate,SUV,Diesel,2.34
9.7,13.3,43.6,Moderate,Hatchback,Diesel,1.47
5.7,8.2,41.6,Moderate,Motorcycle,Petrol,0.59
22.1,255,5.2,Severe,Sedan,Diesel,6.94
17.7,21,50.5,Low,Sedan,Petrol,3.47
33.3,35.8,55.8,Low,Hatchback,Petrol,5.29
7.7,31,14.9,Severe,Hatchback,Petrol,2.31
15.1,29.5,30.7,Moderate,Sedan,Petrol,3.29
16.9,22.9,44.3,Moderate,SUV,Diesel,3.97
39,93.6,25,High,Sedan,Petrol,9.37
30.4,32.7,55.7,Low,Hatchback,Petrol,4.9
6.5,12.7,30.7,Moderate,Sedan,Diesel,1.27
18.3,94.7,11.6,Severe,SUV,Petrol,8.96
4.7,9.4,30,Moderate,SUV,Petrol,1.41
18.2,27.9,39.2,Moderate,Sedan,Petrol,4.16
15.6,28.4,32.9,Moderate,Sedan,Petrol,3.46
11.1,25.1,26.5,High,Sedan,Petrol,2.84
3.1,4.2,44.2,Moderate,Hatchback,Diesel,0.47
9.7,26.7,21.8,High,SUV,Petrol,3.66
16.8,34.8,29,High,SUV,Diesel,4.91
4.2,6.4,39.2,Moderate,Motorcycle,Petrol,0.44
7.1,9,47.1,Low,Hatchback,Petrol,1.13
20.5,23.2,53,Low,Motorcycle,Petrol,1.82
4.6,5.6,49.4,Low,SUV,Petrol,1.23
17.5,45.7,23,High,SUV,Diesel,5.5
52.9,192.4,16.5,High,Motorcycle,Petrol,6.58
15.3,15.6,58.8,Low,SUV,Petrol,4.13
3.9,8.6,27.2,High,SUV,Diesel,1.09
53.7,77.6,41.5,Moderate,Hatchback,Diesel,7.87
4.5,6.7,40.3,Moderate,Hatchback,Petrol,0.79
12.2,33,22.2,High,Hatchback,Petrol,2.85
4.4,13.5,19.6,High,SUV,Petrol,1.71
39.5,42.2,56.2,Low,Motorcycle,Petrol,3.68
13,33.3,23.4,High,Hatchback,Petrol,3.06
8.3,11.3,44,Moderate,Sedan,Petrol,1.8
16.4,85.6,11.5,Severe,SUV,Petrol,7.96
24.2,46.8,31,Moderate,Hatchback,Petrol,4.3
12.2,34.7,21.1,High,Motorcycle,Petrol,1.55
11.3,11.3,59.9,Low,Sedan,Petrol,2.15
8.1,16.4,29.6,High,Hatchback,Petrol,1.75
13,15.2,51.4,Low,SUV,Diesel,2.91
9.3,19.6,28.4,High,Sedan,Petrol,2.39
22.8,26.4,51.8,Low,Sedan,Petrol,4.51
7.6,12.4,36.9,Moderate,Hatchback,Petrol,1.4
7.9,40.5,11.7,Severe,Hatchback,Diesel,1.95
24.2,210.4,6.9,Severe,SUV,Petrol,11.36
33.7,54.5,37.1,Moderate,Motorcycle,Petrol,3.66
6.4,11.7,32.8,Moderate,Hatchback,Diesel,1.04
7.2,11.5,37.6,Moderate,Sedan,Petrol,1.58
8.9,56.8,9.4,Severe,Hatchback,Petrol,2.65
13.9,26.6,31.3,Moderate,SUV,Petrol,4.02
12.7,23.9,31.9,Moderate,SUV,Diesel,3.37
4.8,5.5,52.8,Low,Motorcycle,Petrol,0.42
6.4,10.7,35.9,Moderate,Hatchback,Petrol,1.16
14.8,25.7,34.5,Moderate,Motorcycle,Petrol,1.58
16.6,16.7,59.5,Low,Hatchback,Petrol,2.67
35,308.8,6.8,Severe,Sedan,Petrol,11.95
5.3,7.6,41.9,Moderate,SUV,Petrol,1.55
9.4,68,8.3,Severe,SUV,Diesel,3.88
19.7,36.7,32.2,Moderate,Hatchback,Petrol,3.74
6.3,10.9,34.8,Moderate,Hatchback,Petrol,1.12
2.6,6.1,25.7,High,Hatchback,Petrol,0.55
10.5,24.2,26,High,SUV,Petrol,3.69
23.8,52.7,27.1,High,SUV,Petrol,7.73
13.5,22.4,36.2,Moderate,Hatchback,Diesel,2.25
7.5,8.9,50.8,Low,Hatchback,Petrol,1.26
44.4,48.5,54.9,Low,SUV,Petrol,11.53
17.9,75.6,14.2,Severe,Hatchback,Petrol,5
22.7,62.2,21.9,High,Hatchback,Petrol,5
3.1,7.8,24,High,Hatchback,Diesel,0.65
9.8,13.7,42.8,Moderate,Hatchback,Diesel,1.47
12.2,21.9,33.4,Moderate,Sedan,Petrol,2.81
10.7,26.2,24.5,High,Sedan,Petrol,2.99
6.1,9.7,37.7,Moderate,Hatchback,Petrol,1.14
27.5,27.6,59.7,Low,Sedan,Petrol,5.11
3.1,3.4,54.7,Low,Sedan,Petrol,0.57
8.8,15,35.2,Moderate,Sedan,Petrol,1.84
5.2,13.2,23.6,High,Sedan,Petrol,1.36
9.4,15.6,36.1,Moderate,Motorcycle,Petrol,0.98
15.7,28.8,32.7,Moderate,Hatchback,Diesel,2.51
41.1,46.6,52.9,Low,Hatchback,Petrol,6.86
11.7,20.8,33.7,Moderate,Sedan,Petrol,2.57
11.4,11.5,59.4,Low,Hatchback,Diesel,1.67
15.1,17.9,50.7,Low,Hatchback,Petrol,2.5
16.7,20.7,48.4,Low,Hatchback,Diesel,2.42
14.8,19.4,45.8,Low,Hatchback,Petrol,2.48
5.8,8.1,43.1,Moderate,Sedan,Petrol,1.17
12.6,20.8,36.3,Moderate,Motorcycle,Petrol,1.27
18.2,170.6,6.4,Severe,Motorcycle,Petrol,2.98
13.5,22.1,36.7,Moderate,Sedan,Diesel,2.58
15.5,29.8,31.2,Moderate,Sedan,Diesel,3.12
16.1,30.1,32.1,Moderate,Hatchback,Diesel,2.65
22.2,153.1,8.7,Severe,Sedan,Petrol,7.41
16.9,19.1,53.2,Low,Hatchback,Petrol,2.78
2.2,3,43.5,Moderate,Sedan,Diesel,0.42
17.2,58,17.8,High,SUV,Petrol,6.57
7.9,57.1,8.3,Severe,Sedan,Petrol,2.61
25.6,51.4,29.9,High,SUV,Diesel,7.18
11.3,11.9,57.1,Low,Hatchback,Diesel,1.57
9.6,55.9,10.3,Severe,Hatchback,Petrol,2.67
6.6,7.9,50.2,Low,SUV,Petrol,1.71
7.5,20.4,22.1,High,Hatchback,Petrol,1.75
13.9,14.8,56.2,Low,Hatchback,Petrol,2.21
8.8,50.3,10.5,Severe,Sedan,Petrol,3
17.8,45.4,23.5,High,Sedan,Petrol,4.92
7.7,8.2,56,Low,Sedan,Petrol,1.45
12.7,25.5,29.9,High,Hatchback,Petrol,2.58
2.2,2.9,46.2,Low,Hatchback,Diesel,0.31
2.4,2.7,53.1,Low,Hatchback,Petrol,0.37
8,8.9,53.8,Low,Sedan,Petrol,1.59
6.6,7.7,51.4,Low,Hatchback,Petrol,1.09
2.7,4.3,38,Moderate,Hatchback,Petrol,0.49
17.2,36.1,28.6,High,Hatchback,Petrol,3.57
7.9,12,39.4,Moderate,Sedan,Petrol,1.72
5.7,55.2,6.2,Severe,Hatchback,Diesel,1.42
4.4,17.4,15.2,High,SUV,Diesel,1.34
18.4,19.9,55.4,Low,SUV,Petrol,4.98
29.9,161.6,11.1,Severe,Hatchback,Diesel,7.77
4.4,7.4,35.7,Moderate,Hatchback,Petrol,0.83
14.1,50.4,16.8,High,Hatchback,Petrol,3.08
9.2,9.9,55.5,Low,Hatchback,Diesel,1.28
6.1,11.6,31.5,Moderate,SUV,Petrol,1.89
3.4,5,40.9,Moderate,SUV,Petrol,0.95
17.8,93.7,11.4,Severe,Hatchback,Diesel,4.62
2.4,4.5,31.8,Moderate,Sedan,Petrol,0.53
8.5,9.2,55.5,Low,Hatchback,Petrol,1.34
9.9,16.6,35.7,Moderate,Sedan,Petrol,2.2
3.7,15.2,14.6,Severe,Sedan,Petrol,1.25
9.8,28.3,20.8,High,Motorcycle,Petrol,1.23
59.3,100.8,35.3,Moderate,Sedan,Petrol,13.02
8.2,15.6,31.5,Moderate,SUV,Petrol,2.57
7.8,9.8,47.9,Low,Hatchback,Diesel,1.07
6.3,24.9,15.2,High,SUV,Petrol,2.26
17.1,128.2,8,Severe,Hatchback,Diesel,4.2
9.6,19.3,29.9,High,Sedan,Petrol,2.48
59,83.1,42.6,Moderate,Sedan,Petrol,11.77
5.2,7.5,41.8,Moderate,SUV,Petrol,1.44
10.8,13.7,47.3,Low,Hatchback,Petrol,1.72
8.8,48,11,Severe,SUV,Diesel,3.49
2.9,4.1,42.3,Moderate,Hatchback,Diesel,0.44
21.5,46.2,27.9,High,Hatchback,Petrol,4.68
19.9,32.7,36.5,Moderate,Hatchback,Petrol,3.58
13.2,66.6,11.9,Severe,Hatchback,Diesel,3.38
38.4,109.2,21.1,High,Sedan,Petrol,10.39
13.2,21.7,36.5,Moderate,Hatchback,Petrol,2.38
13.8,20.5,40.3,Moderate,Hatchback,Petrol,2.51
17.6,52.5,20.1,High,Hatchback,Diesel,3.38
8.7,13,40,Moderate,SUV,Diesel,2.08
19.5,34.1,34.3,Moderate,Hatchback,Diesel,3.01
18.4,28.7,38.4,Moderate,Sedan,Diesel,3.76
33.5,44.9,44.8,Moderate,Motorcycle,Petrol,3.43
26.6,82.7,19.3,High,Sedan,Diesel,6.58
9.5,12.9,44.1,Moderate,Hatchback,Diesel,1.4
46.3,61.6,45.1,Low,Hatchback,Petrol,7.75
12.2,14.7,49.7,Low,Sedan,Diesel,1.99
10.7,16.9,37.9,Moderate,Hatchback,Petrol,2.03
21.4,30.2,42.5,Moderate,SUV,Petrol,5.89
28.8,57.4,30.1,Moderate,Hatchback,Diesel,4.54
16.4,19.6,50.3,Low,Sedan,Diesel,2.89
14.7,27.4,32.2,Moderate,Hatchback,Petrol,2.77
43.1,46.2,56,Low,SUV,Diesel,9.41
11,57.9,11.4,Severe,SUV,Petrol,5.4
29.3,47.1,37.3,Moderate,Hatchback,Diesel,4.96
6.1,14.5,25.3,High,Sedan,Diesel,1.38
6.1,8.3,44.1,Moderate,Motorcycle,Petrol,0.62
5.4,8.5,38,Moderate,SUV,Petrol,1.63
5,7.6,39.3,Moderate,Hatchback,Diesel,0.81
11.6,31.8,21.9,High,Sedan,Petrol,3.28
26.4,78,20.3,High,Motorcycle,Petrol,3.51
31,47.7,39,Moderate,Sedan,Diesel,6.15
27.4,40.7,40.4,Moderate,SUV,Petrol,7.46
24.8,70.2,21.2,High,Hatchback,Diesel,4.87
18.4,32.9,33.6,Moderate,Sedan,Petrol,3.87
11.8,18.9,37.5,Moderate,SUV,Petrol,3.52
15.4,121.6,7.6,Severe,Sedan,Diesel,4.87
9.8,40.8,14.4,Severe,Hatchback,Petrol,2.7
8.4,21.2,23.8,High,SUV,Petrol,3.26
59.6,122.9,29.1,High,Sedan,Diesel,13.08
18.2,26.4,41.3,Moderate,Hatchback,Petrol,3.11
20.5,31.8,38.7,Moderate,Hatchback,Diesel,3.35
14.2,15.5,54.9,Low,Hatchback,Diesel,1.93
7,11.2,37.4,Moderate,Motorcycle,Petrol,0.72
19.7,28.8,41.1,Moderate,Sedan,Petrol,4.09
12.9,22.3,34.7,Moderate,Sedan,Petrol,2.75
8.3,31.7,15.7,High,Sedan,Petrol,2.37
17.8,36.2,29.5,High,Hatchback,Petrol,3.78
7.3,7.5,58.4,Low,Hatchback,Diesel,1.01
26.4,28.7,55.2,Low,Sedan,Petrol,4.82
4.1,6.3,39.2,Moderate,SUV,Petrol,1.28
10.8,16.6,39.1,Moderate,Motorcycle,Petrol,1.18
2.6,2.9,53.3,Low,Sedan,Petrol,0.47
25.8,63.2,24.5,High,Sedan,Petrol,7.36
17.1,131.5,7.8,Severe,SUV,Petrol,7.9
9.9,43.7,13.6,Severe,Motorcycle,Petrol,1.59
14.2,106.5,8,Severe,Sedan,Petrol,4.85
7.5,13.4,33.5,Moderate,Sedan,Petrol,1.63
5.6,10.2,33.1,Moderate,Hatchback,Diesel,0.94
9.9,11.8,50.5,Low,Hatchback,Petrol,1.63
16.1,39.6,24.4,High,SUV,Petrol,6.09
23.1,24.3,57,Low,Hatchback,Diesel,3.16
24.1,35.9,40.3,Moderate,Hatchback,Petrol,4.04
4.1,20,12.3,Severe,Hatchback,Petrol,1.13
34.1,52.5,39,Moderate,Hatchback,Diesel,5.44
12,122,5.9,Severe,Hatchback,Petrol,3.51
26.4,113.1,14,Severe,Hatchback,Diesel,7.01
5.8,6.4,54.2,Low,Hatchback,Diesel,0.82
9.4,11.1,50.7,Low,Hatchback,Petrol,1.54
4,27,8.9,Severe,Hatchback,Diesel,0.98
13.6,48.6,16.8,High,Motorcycle,Petrol,1.82
17.1,82.7,12.4,Severe,Hatchback,Diesel,4.52
9.1,12.7,43.1,Moderate,SUV,Petrol,2.53
29.8,35.4,50.5,Low,Sedan,Petrol,5.66
7.5,15,30.1,Moderate,Sedan,Petrol,1.64
19.2,23.8,48.4,Low,Motorcycle,Petrol,1.7
7.9,15.2,31.2,Moderate,Hatchback,Petrol,1.41
18.6,43.3,25.8,High,Motorcycle,Petrol,2.24
17.7,35.4,30,High,SUV,Petrol,5.8
16.7,17.4,57.5,Low,Sedan,Petrol,3.21
6.3,7.7,49.3,Low,Sedan,Diesel,1.03
3,5.4,33.2,Moderate,Sedan,Petrol,0.67
20,48.8,24.6,High,Motorcycle,Petrol,2.49
12.2,15.5,47.1,Low,Hatchback,Petrol,1.94
30.9,45,41.2,Moderate,Hatchback,Petrol,5.33
58.3,120.2,29.1,High,Sedan,Petrol,14.7
5.7,15.8,21.6,High,Hatchback,Petrol,1.26
6.7,25.9,15.5,High,SUV,Petrol,2.47
4,4.8,49.5,Low,Hatchback,Petrol,0.62
11.2,77.2,8.7,Severe,Motorcycle,Petrol,1.87
16,21.9,43.8,Moderate,Hatchback,Petrol,2.83
4.6,6.3,43.7,Moderate,Sedan,Petrol,0.98
5.4,7.1,45.4,Low,Hatchback,Diesel,0.75
6.9,9.4,43.9,Moderate,Hatchback,Petrol,1.22
2.9,3.3,52.8,Low,SUV,Diesel,0.62
5.4,7.1,45.8,Low,Motorcycle,Petrol,0.5
10.2,16.3,37.5,Moderate,Hatchback,Petrol,1.96
2.3,6.8,20.3,High,Sedan,Petrol,0.64
17.7,21.2,50.2,Low,Hatchback,Petrol,2.75
14.9,52.6,17,High,SUV,Petrol,5.38
2.1,7.2,17.5,High,Sedan,Petrol,0.59
32.6,46.8,41.8,Moderate,SUV,Diesel,7.69
16.9,53.9,18.8,High,Hatchback,Petrol,3.71
3.4,4.5,45.1,Low,Sedan,Petrol,0.62
8.2,10.6,46.6,Low,Hatchback,Diesel,1.15
5,6.9,43.4,Moderate,Sedan,Petrol,1.08
7.4,14,31.8,Moderate,Hatchback,Diesel,1.15
26.2,51.2,30.7,Moderate,Motorcycle,Petrol,2.75
19.7,34.6,34.2,Moderate,Hatchback,Diesel,3.06
57.5,100.3,34.4,Moderate,Motorcycle,Petrol,6.11
3,4.5,40.1,Moderate,SUV,Petrol,0.82
6.6,10.5,37.8,Moderate,Hatchback,Diesel,1.09
58.3,151.4,23.1,High,SUV,Petrol,20.86
9.5,32,17.8,High,SUV,Diesel,3.06
30.1,165.7,10.9,Severe,Motorcycle,Petrol,5.06
6.7,9.3,43,Moderate,Sedan,Petrol,1.47
10.8,24.7,26.2,High,Hatchback,Petrol,2.2
33.5,120.4,16.7,High,Motorcycle,Petrol,4.2
9.7,35.7,16.3,High,Hatchback,Diesel,2.04
14.3,19.5,43.9,Moderate,Motorcycle,Petrol,1.44
15.4,19.8,46.6,Low,Hatchback,Petrol,2.56
8.8,20,26.4,High,Sedan,Petrol,2.14
11.1,12,55.6,Low,Hatchback,Petrol,1.71
5.2,9,34.6,Moderate,Hatchback,Petrol,0.93
12.6,61,12.4,Severe,SUV,Petrol,5.68
2.9,9.3,18.7,High,Hatchback,Petrol,0.65
4.8,6.6,43.8,Moderate,SUV,Petrol,1.4
16.6,18.5,53.7,Low,Sedan,Diesel,2.92
5.6,6.8,49.3,Low,Hatchback,Petrol,0.93
7.1,12,35.5,Moderate,SUV,Petrol,2.15
10,38.2,15.7,High,Hatchback,Diesel,1.92
6.7,10.6,38.1,Moderate,Sedan,Diesel,1.27
57.4,66.1,52.1,Low,Motorcycle,Petrol,4.99
12.9,28.1,27.5,High,Hatchback,Petrol,2.67
8.5,12.8,39.8,Moderate,Sedan,Petrol,1.79
2.9,4.8,36.6,Moderate,Hatchback,Petrol,0.55
50.1,195.2,15.4,High,Hatchback,Petrol,11.52
13.5,21.3,38,Moderate,Sedan,Petrol,2.92
26.5,79.5,20,High,Motorcycle,Petrol,3.59
5.7,8.2,41.9,Moderate,SUV,Petrol,1.64
10.1,22.4,27,High,SUV,Diesel,3.06
16.7,21.7,46.2,Low,Sedan,Petrol,3.08
17.8,19,56.1,Low,Hatchback,Diesel,2.41
6.2,6.8,54.7,Low,SUV,Petrol,1.55
14.6,17.4,50.4,Low,Hatchback,Petrol,2.45
24.7,40.1,37,Moderate,SUV,Diesel,5.97
7.3,7.3,59.7,Low,Sedan,Diesel,1.22
4.7,8,35.3,Moderate,Hatchback,Diesel,0.77
43.8,84.8,31,Moderate,Sedan,Diesel,8.19
34.8,109.9,19,High,SUV,Petrol,12.38
7.2,11.2,38.6,Moderate,Hatchback,Diesel,1.15
26.3,36.3,43.5,Moderate,Sedan,Diesel,5.14
17.9,83.3,12.9,Severe,SUV,Petrol,8.35
14.9,32.3,27.7,High,Sedan,Petrol,3.89
8.7,23.5,22.2,High,Sedan,Petrol,2.48
6.5,8.3,47,Low,Hatchback,Petrol,1.04
14.4,21.5,40.1,Moderate,Sedan,Diesel,2.57
3.1,4,46.8,Low,SUV,Petrol,0.78
29.7,40.9,43.6,Moderate,Hatchback,Petrol,5.29
8.9,14.2,37.6,Moderate,SUV,Petrol,2.75
3.5,11.1,18.9,High,Hatchback,Petrol,0.83
7.4,33.1,13.4,Severe,Hatchback,Petrol,2.2
7,8.8,47.5,Low,Motorcycle,Petrol,0.64
8.6,24.6,21,High,SUV,Petrol,3.2
17.7,51.6,20.6,High,Hatchback,Diesel,3.51
6.1,10.1,36.2,Moderate,Motorcycle,Petrol,0.66
14.6,18.8,46.6,Low,Sedan,Petrol,2.89
5,9.5,31.7,Moderate,Hatchback,Diesel,0.84
4.9,7.1,41.3,Moderate,Hatchback,Petrol,0.87
12.1,15.6,46.4,Low,SUV,Petrol,3.23
2,2.8,43,Moderate,Hatchback,Diesel,0.32
25,35.5,42.2,Moderate,SUV,Diesel,6.32
11,12.4,53.2,Low,Motorcycle,Petrol,1.01
8.8,9.9,53.6,Low,Hatchback,Diesel,1.2
13.4,21.7,37.1,Moderate,Sedan,Petrol,2.96
11.5,18.8,36.8,Moderate,Hatchback,Petrol,2.18
4.4,5.9,44.6,Moderate,SUV,Petrol,1.32
5,22.9,13.1,Severe,SUV,Petrol,2.47
3,5.5,32.7,Moderate,Hatchback,Diesel,0.47
42.8,221.4,11.6,Severe,Hatchback,Diesel,11.36
2.7,4.1,39.3,Moderate,Sedan,Petrol,0.57
3.1,28.2,6.6,Severe,SUV,Petrol,1.5
16.8,32.7,30.8,Moderate,SUV,Petrol,4.92
9.6,34.5,16.7,High,SUV,Petrol,3.68
20,26,46.2,Low,Sedan,Petrol,3.97
13.9,16.7,50,Low,Sedan,Petrol,2.66
33.5,55.8,36,Moderate,Hatchback,Petrol,6.22
12.1,41,17.7,High,Sedan,Diesel,2.97
33.6,133.5,15.1,High,Hatchback,Petrol,7.58
15.4,93.3,9.9,Severe,Motorcycle,Petrol,2.54
14.4,20.6,41.9,Moderate,Hatchback,Petrol,2.5
11.6,20.6,33.8,Moderate,Hatchback,Petrol,2.22
13.4,21.8,36.8,Moderate,Sedan,Diesel,2.73
2.6,3,52.6,Low,SUV,Petrol,0.69
3.3,3.6,54.6,Low,Hatchback,Petrol,0.53
5.6,12.5,26.9,High,Sedan,Petrol,1.44
7,21.3,19.7,High,Motorcycle,Petrol,0.87
2.9,5.4,32.1,Moderate,SUV,Petrol,0.84
14.8,21.2,41.8,Moderate,Hatchback,Petrol,2.61
8.3,29.8,16.7,High,SUV,Petrol,3.13
4.9,25.8,11.4,Severe,Hatchback,Petrol,1.43
3.7,3.7,59.5,Low,SUV,Diesel,0.81
23.3,95.8,14.6,Severe,Sedan,Petrol,8.31
12.1,20.2,35.9,Moderate,Hatchback,Petrol,2.34
28.4,104.5,16.3,High,SUV,Petrol,11.09
11.6,65.7,10.6,Severe,Hatchback,Diesel,2.86
24.8,37.9,39.3,Moderate,Hatchback,Petrol,4.5
2.3,3.9,35.2,Moderate,SUV,Petrol,0.67
43.3,106,24.5,High,Hatchback,Petrol,10.4
19.3,41.2,28.1,High,Hatchback,Petrol,4.06
9.2,15.6,35.4,Moderate,Motorcycle,Petrol,1
8.8,13.5,39,Moderate,Hatchback,Diesel,1.36
8,14.2,33.9,Moderate,Hatchback,Petrol,1.4
3.1,3.4,54.3,Low,SUV,Petrol,0.84
2.8,2.8,59.6,Low,Motorcycle,Petrol,0.26
6.4,9.4,40.7,Moderate,Hatchback,Petrol,1.09
22.3,24,55.8,Low,Motorcycle,Petrol,2.08
26.4,145.3,10.9,Severe,Hatchback,Diesel,6.91
6.2,21.4,17.4,High,Hatchback,Diesel,1.24
9.4,23.5,24,High,Motorcycle,Petrol,1.21
7.5,11.3,39.9,Moderate,Hatchback,Diesel,1.22
17.3,21.5,48.3,Low,Hatchback,Petrol,2.66
4,25.8,9.3,Severe,Hatchback,Petrol,1.13
5.8,9.5,36.5,Moderate,Hatchback,Petrol,1.03
11.8,12.7,55.9,Low,Motorcycle,Petrol,1.04
52.4,53.9,58.3,Low,Hatchback,Petrol,8.16
8.5,41.1,12.4,Severe,Motorcycle,Petrol,1.43
13.2,40,19.8,High,Hatchback,Diesel,2.68
10.1,45.9,13.2,Severe,SUV,Petrol,4.6
47.6,121,23.6,High,Motorcycle,Petrol,6.21
18.3,46.9,23.4,High,SUV,Petrol,6.76
10.1,11.1,54.5,Low,Hatchback,Diesel,1.47
4.8,23.4,12.3,Severe,Hatchback,Petrol,1.35
37.6,51,44.2,Moderate,Hatchback,Diesel,6.04
5.6,10.4,32.4,Moderate,Motorcycle,Petrol,0.59
20.7,89.4,13.9,Severe,Sedan,Petrol,6.9
18,18.2,59.2,Low,Sedan,Diesel,3.09
7.9,15.2,31.2,Moderate,Motorcycle,Petrol,0.82
19.4,75.6,15.4,High,Hatchback,Petrol,4.63
8.1,12.3,39.5,Moderate,Hatchback,Diesel,1.31
2.1,3,41.4,Moderate,SUV,Petrol,0.62
18.5,20,55.5,Low,Sedan,Petrol,3.4
19.4,21.4,54.5,Low,Sedan,Petrol,3.65
16.7,26.9,37.2,Moderate,Sedan,Petrol,3.49
19.8,32,37.1,Moderate,Sedan,Petrol,4.17
10,14.5,41.5,Moderate,Motorcycle,Petrol,0.97
19.4,27.5,42.3,Moderate,Sedan,Petrol,3.99
12.8,21.6,35.6,Moderate,Motorcycle,Petrol,1.34
23.1,38.8,35.7,Moderate,Hatchback,Petrol,4.48
9.7,28.4,20.5,High,SUV,Diesel,2.96
6,9.6,37.4,Moderate,Sedan,Petrol,1.3
7.9,13.6,34.9,Moderate,Hatchback,Diesel,1.22
18,32.7,33,Moderate,Hatchback,Petrol,3.38
2.6,2.8,56.1,Low,Hatchback,Petrol,0.41
4.1,5.5,44.9,Moderate,SUV,Petrol,1.13
18.1,61,17.8,High,Sedan,Petrol,4.73
8.4,14.9,33.9,Moderate,SUV,Diesel,2.14
6,9.8,36.9,Moderate,Sedan,Petrol,1.29
7.6,9.3,49.1,Low,SUV,Diesel,1.6
7,8.4,49.8,Low,SUV,Petrol,1.8
11.3,30.4,22.3,High,SUV,Petrol,4.08
17.7,41.2,25.8,High,Sedan,Petrol,4.2
34.1,48.3,42.4,Moderate,Hatchback,Diesel,5.17
19.5,74.5,15.7,High,Hatchback,Diesel,3.74
6.1,41.1,8.9,Severe,Motorcycle,Petrol,1
48.9,66.7,44,Moderate,Hatchback,Petrol,8.54
5,24.6,12.2,Severe,Hatchback,Diesel,1.22
33.2,91,21.9,High,Hatchback,Petrol,7.5
9.2,31.5,17.5,High,Motorcycle,Petrol,1.13
10.2,14.6,42,Moderate,Hatchback,Diesel,1.52
35.4,120.7,17.6,High,Sedan,Petrol,9.8
15.5,43.7,21.3,High,Sedan,Petrol,4.28
9.6,10.9,52.7,Low,Hatchback,Petrol,1.49
55.5,125.2,26.6,High,Motorcycle,Petrol,6.7
3.3,4,49.6,Low,Hatchback,Petrol,0.54
2.5,4,37.9,Moderate,Sedan,Petrol,0.56
15.9,23.9,40,Moderate,Motorcycle,Petrol,1.52
11.9,12.1,59.1,Low,Hatchback,Diesel,1.75
6.7,13.1,30.7,Moderate,SUV,Diesel,1.69
9.3,10.2,54.6,Low,Sedan,Diesel,1.55
32.8,40.2,48.9,Low,SUV,Diesel,7.04
5.8,12.4,28.1,High,Motorcycle,Petrol,0.71
29.6,136.6,13,Severe,SUV,Petrol,13.5
7.5,14.8,30.5,Moderate,Sedan,Petrol,1.7
15.2,42.2,21.6,High,Hatchback,Petrol,3.58
18.9,126,9,Severe,Hatchback,Petrol,5.51
9.6,13,44.3,Moderate,SUV,Petrol,2.82
43.9,60.4,43.6,Moderate,Motorcycle,Petrol,4.44
24.8,80.9,18.4,High,Hatchback,Petrol,5.54
15.9,19.6,48.7,Low,SUV,Diesel,3.53
54.5,63.4,51.6,Low,SUV,Diesel,11.94
19.5,19.8,59.1,Low,Motorcycle,Petrol,1.69
19,28.9,39.5,Moderate,Hatchback,Petrol,3.64
13.5,14.8,54.9,Low,SUV,Petrol,3.38
4,36.9,6.5,Severe,Hatchback,Diesel,1.03
21,31.8,39.6,Moderate,Hatchback,Petrol,3.87
4,4.1,58.3,Low,Sedan,Petrol,0.74
17.9,45.7,23.5,High,Hatchback,Diesel,3.76
14.9,20.6,43.4,Moderate,SUV,Petrol,4.15
34.7,192.8,10.8,Severe,Hatchback,Diesel,9.01
35.2,61.2,34.5,Moderate,Motorcycle,Petrol,3.65
54.5,121.6,26.9,High,Hatchback,Diesel,10.13
8.2,11.2,44.1,Moderate,Motorcycle,Petrol,0.79
3.6,11.6,18.7,High,SUV,Petrol,1.4
18,19.1,56.6,Low,Sedan,Petrol,3.54
28.2,73.2,23.1,High,SUV,Petrol,11.06
11.4,12.7,53.7,Low,Motorcycle,Petrol,1.02
6.7,54.3,7.4,Severe,SUV,Diesel,2.76
9,11.8,45.6,Low,Hatchback,Petrol,1.43
14.1,18.6,45.6,Low,Hatchback,Petrol,2.23
6.6,11,35.9,Moderate,Hatchback,Petrol,1.24
31.2,68.6,27.3,High,Hatchback,Petrol,6.27
10.8,13.3,48.9,Low,Hatchback,Diesel,1.46
5.7,7.4,46.5,Low,Sedan,Petrol,1.08
4.4,17.4,15.2,High,Hatchback,Diesel,0.92
22.7,49.5,27.5,High,Hatchback,Diesel,4.31
8.2,17,29,High,SUV,Petrol,2.9
12.2,14.4,50.8,Low,Motorcycle,Petrol,1.07
5.7,12.7,26.9,High,Sedan,Petrol,1.42
15.1,29.8,30.4,Moderate,Hatchback,Diesel,2.55
25,189.9,7.9,Severe,SUV,Petrol,11.64
12.6,25.8,29.3,High,SUV,Petrol,4.3
4.3,20,12.9,Severe,Sedan,Petrol,1.52
11.9,35.9,19.9,High,SUV,Petrol,4.63
57.7,76.6,45.2,Low,Hatchback,Diesel,8.05
9,52.9,10.2,Severe,Motorcycle,Petrol,1.5
7.1,8,53.1,Low,SUV,Petrol,1.92
2.5,3.8,39.4,Moderate,Hatchback,Diesel,0.39
41.5,70.1,35.5,Moderate,SUV,Petrol,13.05
19.1,121.9,9.4,Severe,Motorcycle,Petrol,3.18
24.4,53.8,27.2,High,SUV,Petrol,8.59
10.2,57.7,10.6,Severe,Sedan,Diesel,3.22
2,7.1,16.8,High,Sedan,Petrol,0.55
5.6,6.3,53.4,Low,Hatchback,Diesel,0.81
23.1,26.5,52.4,Low,Motorcycle,Petrol,2.08
2.6,5,31.2,Moderate,Motorcycle,Petrol,0.28
23.3,47.4,29.5,High,SUV,Petrol,7.9
3.4,30.4,6.7,Severe,SUV,Diesel,1.39
11.9,17,42,Moderate,SUV,Diesel,2.82
11.8,16.4,43.3,Moderate,Sedan,Petrol,2.56
25.3,95.5,15.9,High,Hatchback,Petrol,5.86
3.3,11.8,16.8,High,Hatchback,Diesel,0.66
9.3,24.6,22.7,High,Hatchback,Diesel,1.87
12.7,41.9,18.2,High,Motorcycle,Petrol,1.62
5.3,13.8,23,High,SUV,Petrol,1.94
17.1,45.8,22.4,High,Sedan,Diesel,4.01
4.6,18.4,15,High,SUV,Petrol,1.74
4,7.6,31.4,Moderate,Sedan,Petrol,0.92
17.5,24.9,42.1,Moderate,Sedan,Petrol,3.57
21.5,62.9,20.5,High,Hatchback,Petrol,5.1
14.7,14.8,59.5,Low,Hatchback,Diesel,2.09
3,3.3,54.3,Low,Motorcycle,Petrol,0.28
18.9,21.8,52.1,Low,Hatchback,Diesel,2.69
13.7,27.2,30.2,Moderate,SUV,Petrol,4.04
4,5.4,44.5,Moderate,Hatchback,Petrol,0.7
11.9,13.8,51.7,Low,Motorcycle,Petrol,1.06
14,14.9,56.3,Low,Sedan,Petrol,2.69
18.6,23.2,48.1,Low,SUV,Petrol,5.06
5.1,9.2,33.3,Moderate,Hatchback,Petrol,0.97
2.2,5.5,23.9,High,Motorcycle,Petrol,0.29
2.2,5,26.2,High,Hatchback,Petrol,0.48
3.4,4.2,48.4,Low,Hatchback,Petrol,0.56
6.7,28.7,14,Severe,Hatchback,Petrol,1.9
27.7,45.9,36.2,Moderate,Hatchback,Petrol,4.89
13.9,18.5,45.1,Low,Motorcycle,Petrol,1.29
7.4,8.8,50.6,Low,Hatchback,Petrol,1.17
33.2,36.2,55.1,Low,Hatchback,Petrol,5.54
9.1,14,38.9,Moderate,Hatchback,Diesel,1.46
6.3,17,22.3,High,Motorcycle,Petrol,0.82
9.1,13.6,40,Moderate,Motorcycle,Petrol,0.94
26.4,40.1,39.5,Moderate,Sedan,Petrol,5.56
17.5,28.6,36.7,Moderate,Sedan,Diesel,3.33
5.8,9.3,37.6,Moderate,Hatchback,Petrol,1.05
16.8,22.1,45.6,Low,SUV,Diesel,3.78
15.1,17.1,53.1,Low,Hatchback,Petrol,2.48
19.3,45.2,25.6,High,Hatchback,Diesel,3.39
26.4,30.6,51.8,Low,Motorcycle,Petrol,2.48
9.6,16.1,35.8,Moderate,Motorcycle,Petrol,1.01
15.4,54.7,16.9,High,Motorcycle,Petrol,2.01
6.5,11.6,33.6,Moderate,Hatchback,Diesel,1.08
33.9,34.1,59.6,Low,Sedan,Petrol,6.62
23.6,35,40.4,Moderate,Sedan,Petrol,4.79
23.4,26.1,53.7,Low,SUV,Petrol,5.95
6.6,6.9,57,Low,Motorcycle,Petrol,0.57
9.5,15.6,36.5,Moderate,Hatchback,Petrol,1.75
10.9,21.6,30.3,Moderate,SUV,Diesel,2.63
9.2,26.3,21,High,SUV,Petrol,3.27
18.2,55.7,19.6,High,Sedan,Diesel,4.62
9.8,49.4,11.9,Severe,SUV,Petrol,4.46
17.6,160,6.6,Severe,Hatchback,Petrol,4.92
21.7,149.7,8.7,Severe,Sedan,Diesel,7.01
5.8,36.2,9.6,Severe,Hatchback,Petrol,1.62
3.1,10.4,17.8,High,Sedan,Petrol,0.86
14.7,52.8,16.7,High,Sedan,Diesel,3.52
6.3,9.8,38.4,Moderate,Hatchback,Petrol,1.16
5.6,11.7,28.8,High,Hatchback,Petrol,1.14
4.6,14.5,19.1,High,Sedan,Petrol,1.3
7.1,14.4,29.5,High,Hatchback,Petrol,1.46
6.5,15.4,25.4,High,Sedan,Petrol,1.57
50.2,69.9,43.1,Moderate,Hatchback,Petrol,8.79
3.3,4.9,40.4,Moderate,Motorcycle,Petrol,0.34
9.1,15.5,35.3,Moderate,SUV,Petrol,2.63
16.7,32.1,31.2,Moderate,Motorcycle,Petrol,1.75
11.3,11.6,58.5,Low,Sedan,Petrol,2.04
13.9,20.3,41,Moderate,Hatchback,Diesel,2.17
4,10.1,23.8,High,Hatchback,Petrol,0.94
3.1,10.3,18.1,High,Sedan,Petrol,0.86
8.7,34.1,15.3,High,Hatchback,Petrol,1.93
32.1,39.1,49.3,Low,Sedan,Petrol,6.01
9.2,14.4,38.3,Moderate,Hatchback,Petrol,1.73
5.5,15.9,20.8,High,Hatchback,Petrol,1.21
13.2,18.8,42.1,Moderate,Sedan,Petrol,2.89
3.7,9.1,24.3,High,SUV,Diesel,1.16
10.3,46.5,13.3,Severe,Hatchback,Petrol,2.98
13.3,19.1,41.7,Moderate,SUV,Diesel,3.36
15.8,33.5,28.3,High,Hatchback,Diesel,2.94
5.7,6.9,49.6,Low,Hatchback,Petrol,0.95
5.7,10.5,32.6,Moderate,Hatchback,Petrol,1.05
12.2,18.1,40.5,Moderate,Hatchback,Diesel,1.95
5.4,16.5,19.6,High,Hatchback,Petrol,1.27
19,38,30,Moderate,Hatchback,Diesel,3
19.3,154.4,7.5,Severe,Hatchback,Petrol,5.5
9.2,13.7,40.4,Moderate,Hatchback,Petrol,1.56
9.2,36.1,15.3,High,SUV,Petrol,3.28
15.8,17.7,53.7,Low,Motorcycle,Petrol,1.39
7.3,17.2,25.5,High,Hatchback,Petrol,1.53
47.6,136.7,20.9,High,Hatchback,Diesel,9.25
8.8,14,37.8,Moderate,Sedan,Petrol,1.92
12.9,71.7,10.8,Severe,Sedan,Petrol,4.26
8.4,9.9,51.1,Low,Sedan,Petrol,1.54
8.8,10.4,50.8,Low,Sedan,Diesel,1.45
11,17.3,38.2,Moderate,Hatchback,Petrol,2.08
17,46.8,21.8,High,Sedan,Petrol,4.47
4.3,7.2,35.7,Moderate,Motorcycle,Petrol,0.44
19.9,142.1,8.4,Severe,Hatchback,Petrol,5.75
19.1,99.7,11.5,Severe,Hatchback,Diesel,4.95
9.8,18.3,32.1,Moderate,Motorcycle,Petrol,1.01
9.4,27.1,20.8,High,Motorcycle,Petrol,1.23
43.6,112.3,23.3,High,Sedan,Petrol,12.08
17.5,70,15,Severe,Motorcycle,Petrol,2.74
16.8,51.2,19.7,High,Motorcycle,Petrol,2.27
17.1,27.7,37,Moderate,Hatchback,Petrol,3.1
2.6,18.4,8.5,Severe,SUV,Petrol,1.18
13,20.4,38.2,Moderate,Sedan,Petrol,2.93
33.3,37.5,53.3,Low,Sedan,Petrol,6.06
18.3,25.2,43.6,Moderate,SUV,Diesel,4.6
16.4,27.3,36.1,Moderate,Sedan,Petrol,3.44
7.1,33.3,12.8,Severe,Sedan,Diesel,2.18
13.4,19.4,41.5,Moderate,Motorcycle,Petrol,1.38
17.3,43.1,24.1,High,Motorcycle,Petrol,2.29
7.9,19,25,High,Hatchback,Diesel,1.38
27.1,46.3,35.1,Moderate,Sedan,Petrol,5.73
23.6,23.7,59.7,Low,Motorcycle,Petrol,2.13
18.2,21.4,51.1,Low,Hatchback,Diesel,2.67
26.6,98.5,16.2,High,Hatchback,Diesel,5.54
8.2,10.7,46.1,Low,SUV,Diesel,1.85
29.8,47.8,37.4,Moderate,Motorcycle,Petrol,3.01
4.6,32.1,8.6,Severe,Hatchback,Petrol,1.3
4.9,58.8,5,Severe,Motorcycle,Petrol,0.81
8.6,13,39.8,Moderate,SUV,Diesel,2.14
9.2,13.4,41.3,Moderate,Sedan,Petrol,1.99
3,5.5,32.9,Moderate,Sedan,Petrol,0.63
33.6,161.3,12.5,Severe,Hatchback,Diesel,8.76
31.7,88.1,21.6,High,Sedan,Petrol,8.99
15.2,26.4,34.5,Moderate,Hatchback,Petrol,2.87
52.1,58.6,53.3,Low,Hatchback,Diesel,7.57
3.4,4.9,41.3,Moderate,SUV,Petrol,1.01
9.5,23.9,23.8,High,Sedan,Petrol,2.63
8.7,17.7,29.5,High,Hatchback,Petrol,1.87
8.7,17.2,30.3,Moderate,SUV,Petrol,2.57
35,304.3,6.9,Severe,Hatchback,Diesel,8.74
15.7,21.1,44.7,Moderate,Motorcycle,Petrol,1.54
15.1,78.8,11.5,Severe,Motorcycle,Petrol,2.39
4.7,10.6,26.7,High,Hatchback,Petrol,1.03
5.6,13.7,24.6,High,Hatchback,Petrol,1.26
23.3,46.4,30.1,Moderate,Sedan,Petrol,5.21
13.3,14,56.8,Low,SUV,Diesel,2.98
57.7,69.8,49.6,Low,Sedan,Petrol,11.48
9.4,11.7,48.4,Low,SUV,Petrol,2.37
9.4,27.6,20.4,High,Hatchback,Petrol,2.07
14.1,23.5,36,Moderate,Sedan,Petrol,3.17
4.7,7.2,39.3,Moderate,Hatchback,Petrol,0.88
18.8,67.5,16.7,High,Hatchback,Petrol,4.24
30.9,57.2,32.4,Moderate,Hatchback,Petrol,5.71
4.5,11.7,23.1,High,Hatchback,Petrol,1.04
5.2,9.3,33.4,Moderate,SUV,Petrol,1.56
2.7,4,41,Moderate,Hatchback,Petrol,0.48
10.1,13.5,44.8,Moderate,SUV,Petrol,3.01
23.9,24.7,58.1,Low,Hatchback,Petrol,3.82
9.8,63.9,9.2,Severe,SUV,Diesel,3.99
57.3,81.7,42.1,Moderate,Hatchback,Petrol,9.83
26.2,86.4,18.2,High,Hatchback,Petrol,5.98
4.7,8.7,32.3,Moderate,Motorcycle,Petrol,0.47
8.6,14.3,36,Moderate,Hatchback,Petrol,1.57
13.6,50.1,16.3,High,Hatchback,Diesel,2.79
9.4,16.3,34.7,Moderate,Sedan,Petrol,2.04
17.8,33.2,32.2,Moderate,SUV,Diesel,4.34
6.8,27.9,14.6,Severe,SUV,Petrol,3.26
15.2,22,41.4,Moderate,Hatchback,Petrol,2.72
7.5,23.7,19,High,SUV,Petrol,2.79
14.5,16.8,51.9,Low,Sedan,Diesel,2.44
8.7,17.5,29.8,High,Hatchback,Petrol,1.91
15,35.6,25.3,High,SUV,Petrol,5.23
14.6,168.5,5.2,Severe,SUV,Petrol,6.58
31.4,46.2,40.8,Moderate,SUV,Petrol,8.82
18.5,140.5,7.9,Severe,Hatchback,Petrol,5.17
2.2,2.9,44.8,Moderate,SUV,Petrol,0.62
32,46,41.7,Moderate,Hatchback,Petrol,5.67
3.9,6.9,34.1,Moderate,Motorcycle,Petrol,0.41
35.9,50.1,43,Moderate,Motorcycle,Petrol,3.47
8.1,16.5,29.5,High,Sedan,Petrol,2.05
17.3,108.1,9.6,Severe,Hatchback,Diesel,4.27
10.5,11.8,53.3,Low,Sedan,Diesel,1.74
11.3,16,42.4,Moderate,Sedan,Petrol,2.29
2.4,7.5,19.1,High,SUV,Petrol,0.87
8.8,13.9,38,Moderate,Motorcycle,Petrol,0.91
10.8,30.4,21.3,High,Motorcycle,Petrol,1.46
12.8,132.4,5.8,Severe,Hatchback,Petrol,3.54
16.4,63.1,15.6,High,Hatchback,Petrol,3.67
4.2,35.5,7.1,Severe,Hatchback,Petrol,1.27
18.8,27.8,40.6,Moderate,Sedan,Diesel,3.49
27.6,46.5,35.6,Moderate,Hatchback,Petrol,4.87
28.5,53.8,31.8,Moderate,Hatchback,Petrol,5.27
54.8,134.2,24.5,High,Sedan,Petrol,14.87
4.7,31,9.1,Severe,Motorcycle,Petrol,0.76
12.3,13.6,54.3,Low,SUV,Diesel,2.74
7.1,31.1,13.7,Severe,Sedan,Petrol,2.42
8.3,41.8,11.9,Severe,Hatchback,Petrol,2.38
7.1,28.8,14.8,Severe,Motorcycle,Petrol,1.2
18.7,30.6,36.7,Moderate,Sedan,Diesel,3.65
15.5,21.5,43.2,Moderate,Hatchback,Petrol,2.7
3.2,5.3,36.2,Moderate,Hatchback,Petrol,0.59
5.1,14.6,20.9,High,Motorcycle,Petrol,0.66
12.1,27,26.9,High,SUV,Diesel,3.39
4.3,15.6,16.5,High,Hatchback,Petrol,1.04
18.2,136.5,8,Severe,Sedan,Petrol,6.4
7.8,79.3,5.9,Severe,Hatchback,Petrol,2.25
18.1,41.6,26.1,High,Sedan,Diesel,3.98
3.4,3.5,57.5,Low,Sedan,Petrol,0.67
3.7,4.5,49.3,Low,Motorcycle,Petrol,0.35
16.6,63.4,15.7,High,SUV,Petrol,6.08
19.3,23.9,48.4,Low,Hatchback,Petrol,3.2
5.4,9.6,33.6,Moderate,SUV,Diesel,1.38
6.4,14.9,25.7,High,Hatchback,Petrol,1.3
5.5,8,41.5,Moderate,Motorcycle,Petrol,0.57
4.4,33.8,7.8,Severe,SUV,Petrol,2.03
9.2,10,55,Low,Hatchback,Petrol,1.41
5.2,28.4,11,Severe,SUV,Petrol,2.56
11.8,126.4,5.6,Severe,Sedan,Diesel,3.66
25.1,50.5,29.8,High,Hatchback,Petrol,5.03
20.6,51.5,24,High,Sedan,Petrol,5.35
3.2,7.7,24.8,High,Motorcycle,Petrol,0.42
24.5,64.5,22.8,High,SUV,Petrol,9.51
3,4.7,38,Moderate,Hatchback,Diesel,0.47
5.9,6.6,54,Low,Hatchback,Diesel,0.83
14.8,27.5,32.3,Moderate,Sedan,Petrol,3.29
6.8,9.3,43.7,Moderate,Sedan,Petrol,1.39
6.7,15.7,25.6,High,Hatchback,Diesel,1.29
20.4,70.8,17.3,High,Motorcycle,Petrol,2.55
6.9,13.1,31.6,Moderate,Motorcycle,Petrol,0.74
6.5,12.6,31,Moderate,Sedan,Diesel,1.27
7.4,12.3,36.2,Moderate,SUV,Diesel,1.91
3.5,33.3,6.3,Severe,Motorcycle,Petrol,0.56
14.9,38.5,23.2,High,Hatchback,Diesel,3.06
21,55,22.9,High,Motorcycle,Petrol,2.67
11.8,14.1,50.2,Low,Hatchback,Petrol,1.82
33.4,62,32.3,Moderate,SUV,Petrol,9.55
6.9,13.6,30.4,Moderate,Hatchback,Petrol,1.21
27.6,69.6,23.8,High,Hatchback,Diesel,5.54
33.7,44.2,45.7,Low,Hatchback,Petrol,5.13
14.4,23.6,36.6,Moderate,Motorcycle,Petrol,1.48
9,16,33.8,Moderate,Hatchback,Petrol,1.61
10.5,10.7,58.8,Low,Hatchback,Petrol,1.68
3.9,6.1,38.1,Moderate,Hatchback,Diesel,0.65
5.7,13.1,26.1,High,SUV,Petrol,2.02
34.1,89,23,High,Hatchback,Diesel,7.1
5,8.5,35.1,Moderate,Hatchback,Diesel,0.79
30.7,81.9,22.5,High,Hatchback,Petrol,6.95
7.8,19.2,24.4,High,SUV,Petrol,2.84
2.1,23.3,5.4,Severe,SUV,Diesel,0.82
15,23.9,37.7,Moderate,Hatchback,Petrol,2.87
6.8,9.6,42.6,Moderate,SUV,Diesel,1.66
16.1,84,11.5,Severe,SUV,Diesel,6.38
3.7,3.7,59.8,Low,Sedan,Petrol,0.71
18.6,26.8,41.6,Moderate,Hatchback,Diesel,2.97
20.1,33.9,35.6,Moderate,Sedan,Petrol,4.41
30.1,104.4,17.3,High,Sedan,Petrol,8.52
53.6,103.4,31.1,Moderate,Hatchback,Petrol,10.34
5.5,21,15.7,High,SUV,Petrol,2.05
33.9,67.6,30.1,Moderate,SUV,Diesel,8.87
16.3,21.5,45.5,Low,SUV,Diesel,3.68
26.6,37.6,42.5,Moderate,SUV,Petrol,7.36
3.8,8.2,27.7,High,SUV,Diesel,1.08
9.9,9.9,59.8,Low,SUV,Petrol,2.65
22.4,96,14,Severe,Sedan,Petrol,7.43
14.9,32.2,27.8,High,Hatchback,Petrol,2.98
3.2,4.7,41.2,Moderate,Hatchback,Diesel,0.5
7.2,42.4,10.2,Severe,Hatchback,Petrol,2.03
6.5,15.2,25.6,High,Hatchback,Petrol,1.32
15.9,37.3,25.6,High,Hatchback,Petrol,3.25
24.2,39.2,37,Moderate,Sedan,Petrol,5.39
8.3,17.9,27.8,High,Sedan,Diesel,1.79
8.6,19.1,27,High,SUV,Petrol,3.02
33,35.3,56.1,Low,Hatchback,Petrol,5.35
13.6,18.6,43.8,Moderate,SUV,Diesel,3.3
3.8,8,28.6,High,Hatchback,Diesel,0.71
6.9,13.7,30.3,Moderate,Sedan,Diesel,1.39
2.7,3.3,49.5,Low,Sedan,Petrol,0.52
14.4,16.9,51.2,Low,Hatchback,Petrol,2.36
23.5,29.3,48.2,Low,Motorcycle,Petrol,2.21
14.8,25.2,35.3,Moderate,SUV,Petrol,4.32
7.1,9.7,43.9,Moderate,Hatchback,Diesel,1.11
13.3,18.6,42.8,Moderate,Hatchback,Petrol,2.42
5.9,10.6,33.3,Moderate,Hatchback,Petrol,1.07
32.3,44.3,43.7,Moderate,SUV,Diesel,7.85
3.7,12.3,18,High,Hatchback,Petrol,0.82
6.9,9.6,43.2,Moderate,Sedan,Diesel,1.23
4.7,8.6,32.7,Moderate,Hatchback,Diesel,0.73
12.5,16.1,46.5,Low,Hatchback,Petrol,2.01
4.6,16.8,16.4,High,Hatchback,Petrol,1.08
14.9,47.1,19,High,Sedan,Petrol,3.97
9.9,13.4,44.2,Moderate,Sedan,Diesel,1.92
18.3,19.5,56.4,Low,Sedan,Diesel,3.18
37.4,66.2,33.9,Moderate,Hatchback,Diesel,6.03
8.1,11.8,41.3,Moderate,SUV,Petrol,2.27
19,19.6,58.2,Low,Hatchback,Diesel,2.7
36.4,64.6,33.8,Moderate,Hatchback,Diesel,5.97
39.7,112.4,21.2,High,Hatchback,Petrol,9.32
11.1,11.8,56.4,Low,Motorcycle,Petrol,1.03
4.5,7.6,35.6,Moderate,Hatchback,Diesel,0.74
20,23.3,51.4,Low,Hatchback,Petrol,3.31
14.2,47.3,18,High,SUV,Petrol,5.1
5.2,6.8,45.9,Low,Motorcycle,Petrol,0.47
3.6,4.5,47.6,Low,SUV,Petrol,0.97
3.9,4.6,51.1,Low,SUV,Diesel,0.86
16.8,48.2,20.9,High,Sedan,Petrol,4.43
6.2,11.4,32.5,Moderate,SUV,Petrol,1.92
16.2,38.4,25.3,High,Hatchback,Diesel,3.01
25.9,37.2,41.8,Moderate,Motorcycle,Petrol,2.53
18.1,30.3,35.8,Moderate,SUV,Diesel,4.5
14.2,39.1,21.8,High,Hatchback,Petrol,3.3
11.6,18.7,37.2,Moderate,Hatchback,Petrol,2.16
5.5,7,47.1,Low,SUV,Petrol,1.45
34.8,49.5,42.2,Moderate,Hatchback,Petrol,6.27
4.2,7.5,33.4,Moderate,Motorcycle,Petrol,0.45
8.3,15.8,31.5,Moderate,Sedan,Petrol,1.76
23.7,32.6,43.6,Moderate,SUV,Petrol,6.47
15.3,129.3,7.1,Severe,Hatchback,Diesel,3.97
10.8,15.7,41.3,Moderate,SUV,Petrol,3.06
10.7,17.4,36.8,Moderate,Motorcycle,Petrol,1.07
5.1,28.6,10.7,Severe,Sedan,Petrol,1.8
2.4,5.3,27,High,Sedan,Petrol,0.59
14.1,18.8,44.9,Moderate,Hatchback,Petrol,2.51
8.1,20.3,23.9,High,Sedan,Diesel,1.96
56.2,58.3,57.8,Low,Motorcycle,Petrol,5.26
16.1,18.7,51.7,Low,Motorcycle,Petrol,1.4
9.9,15,39.7,Moderate,Motorcycle,Petrol,1.05
18.3,30.8,35.6,Moderate,Hatchback,Petrol,3.37
2.1,6.2,20.4,High,Hatchback,Petrol,0.49
3.6,5.2,41.7,Moderate,Sedan,Petrol,0.75
31.9,126.8,15.1,High,Motorcycle,Petrol,4.19
19.9,30.2,39.6,Moderate,Sedan,Petrol,4.47
11.2,18.9,35.6,Moderate,SUV,Petrol,3.28
28.3,29.1,58.4,Low,Sedan,Petrol,5.6
4.4,12.3,21.5,High,Motorcycle,Petrol,0.56
7.6,12.5,36.5,Moderate,Sedan,Petrol,1.65
55.4,99.8,33.3,Moderate,SUV,Petrol,17.06
9.9,26.1,22.8,High,Hatchback,Petrol,2.19
18.9,22.2,51.1,Low,Hatchback,Petrol,3.01
42.4,59.7,42.6,Moderate,Sedan,Diesel,8.29
16.8,65.5,15.4,High,SUV,Petrol,6.26
7,9.8,42.7,Moderate,Hatchback,Petrol,1.19
46.5,82.5,33.8,Moderate,Sedan,Petrol,10.55
5.4,8.7,37.4,Moderate,Motorcycle,Petrol,0.54
20.4,23.7,51.7,Low,Sedan,Petrol,4.05
3.4,3.7,54.7,Low,Hatchback,Diesel,0.47
6.1,7.3,50.2,Low,Hatchback,Petrol,0.96
4.1,6.1,40.6,Moderate,Hatchback,Petrol,0.7
20.3,27.1,45,Moderate,Sedan,Petrol,4.14
3.5,10.5,20,High,Hatchback,Petrol,0.79
5.1,7.8,39.2,Moderate,Hatchback,Petrol,0.95
8.6,29.2,17.7,High,Hatchback,Diesel,1.78
9.8,9.9,59.5,Low,SUV,Petrol,2.65
3.6,4.6,46.5,Low,Hatchback,Petrol,0.58
6.2,17.1,21.8,High,Sedan,Petrol,1.78
6.6,23.7,16.7,High,Sedan,Petrol,1.86
4.1,6.6,37.4,Moderate,SUV,Petrol,1.22
9.7,9.8,59.4,Low,SUV,Diesel,2.13
9.4,12.1,46.5,Low,Sedan,Petrol,1.85
10.4,11.3,55.1,Low,SUV,Petrol,2.76
18.3,26.8,41,Moderate,Hatchback,Petrol,3.33
19.5,28.4,41.2,Moderate,Sedan,Diesel,3.64
6.1,19.5,18.8,High,Hatchback,Diesel,1.27
9.3,26.2,21.3,High,SUV,Diesel,3.05
11.2,13.7,49,Low,Hatchback,Petrol,1.73
9.1,21.7,25.2,High,Motorcycle,Petrol,1.06
7.6,15.7,29.1,High,Hatchback,Petrol,1.53
8.9,33.4,16,High,Hatchback,Petrol,2.03
9.2,13.6,40.5,Moderate,Hatchback,Petrol,1.56
21,92.6,13.6,Severe,Hatchback,Petrol,5.86
15.7,15.8,59.7,Low,SUV,Diesel,3.62
10.5,15.5,40.7,Moderate,SUV,Petrol,2.95
9.9,11.5,51.7,Low,Sedan,Petrol,1.86
27.4,51.7,31.8,Moderate,Motorcycle,Petrol,2.76
7.7,34,13.6,Severe,Motorcycle,Petrol,1.29
33.9,193.7,10.5,Severe,Sedan,Petrol,11.24
10.4,13.5,46.1,Low,Hatchback,Diesel,1.39
17.9,19.6,54.7,Low,Sedan,Diesel,3.04
11.9,19,37.6,Moderate,Hatchback,Petrol,2.12
18.3,43.7,25.1,High,Motorcycle,Petrol,2.17
6.3,9.3,40.8,Moderate,Hatchback,Diesel,0.93
27.1,36.5,44.5,Moderate,SUV,Petrol,7.7
9,18.2,29.7,High,SUV,Petrol,3.18
58.4,123.4,28.4,High,Motorcycle,Petrol,7.09
3,3.1,57.3,Low,SUV,Petrol,0.77
5.1,7.5,40.8,Moderate,SUV,Petrol,1.5
2.6,11.7,13.3,Severe,Sedan,Petrol,0.91
10.1,12.6,48.2,Low,Sedan,Petrol,1.86
14,41.2,20.4,High,Motorcycle,Petrol,1.73
13.2,18.3,43.3,Moderate,Sedan,Diesel,2.58
31.6,91.2,20.8,High,Hatchback,Petrol,7.47
15.3,85,10.8,Severe,Hatchback,Petrol,4.46
31.5,90.4,20.9,High,Hatchback,Petrol,7.43
7.1,13.9,30.7,Moderate,SUV,Petrol,2.23
16.2,21.6,45,Low,SUV,Petrol,4.08
19,57.3,19.9,High,Hatchback,Diesel,3.72
5.1,32.2,9.5,Severe,Hatchback,Petrol,1.49
6.3,6.7,56.7,Low,Motorcycle,Petrol,0.58
11,18.5,35.6,Moderate,Motorcycle,Petrol,1.1
8.1,14.3,33.9,Moderate,Sedan,Diesel,1.51
14.2,26.1,32.7,Moderate,Hatchback,Diesel,2.21
17.6,132,8,Severe,Hatchback,Petrol,5.11
3.2,5.3,36.1,Moderate,Hatchback,Diesel,0.5
21.4,27.6,46.5,Low,Motorcycle,Petrol,1.92
17.4,23.7,44.1,Moderate,Sedan,Petrol,3.49
9.6,15.7,36.7,Moderate,Motorcycle,Petrol,0.97
3.9,4.2,55.1,Low,Hatchback,Petrol,0.65
2.6,3.5,44.3,Moderate,Motorcycle,Petrol,0.27
23.1,70.4,19.7,High,Hatchback,Petrol,5.24
3.3,4.1,48.6,Low,Motorcycle,Petrol,0.3
9,14.8,36.6,Moderate,Hatchback,Petrol,1.68
27.5,79.7,20.7,High,Hatchback,Diesel,5.28
8,11.3,42.6,Moderate,Hatchback,Diesel,1.28
10,13.6,44.2,Moderate,SUV,Petrol,2.8
6.1,23,15.9,High,Sedan,Petrol,1.7
7,11.7,35.8,Moderate,Sedan,Petrol,1.51
13.9,14.7,56.6,Low,Sedan,Petrol,2.56
4.1,4.8,51.2,Low,Sedan,Diesel,0.71
51.8,138.8,22.4,High,Motorcycle,Petrol,6.53
8.9,13.1,40.7,Moderate,Sedan,Petrol,1.81
9.6,101.1,5.7,Severe,Sedan,Petrol,3.24
5.2,18.1,17.2,High,Sedan,Diesel,1.21
7.6,18.2,25,High,Hatchback,Petrol,1.65
6.7,6.8,59.5,Low,Sedan,Petrol,1.31
4.7,40.9,6.9,Severe,Motorcycle,Petrol,0.74
12.7,22.1,34.5,Moderate,Hatchback,Petrol,2.29
7.5,12.6,35.6,Moderate,Sedan,Diesel,1.41
4,15.6,15.4,High,Hatchback,Petrol,0.91
7.5,52.3,8.6,Severe,SUV,Petrol,3.43
17.6,30.8,34.3,Moderate,Hatchback,Diesel,2.88
5.8,8.3,41.8,Moderate,Hatchback,Diesel,0.93
6.1,22.7,16.1,High,SUV,Diesel,1.96
19.7,21,56.3,Low,Sedan,Petrol,3.6
7.7,16.7,27.6,High,Sedan,Petrol,1.94
9.9,36.9,16.1,High,Hatchback,Diesel,1.97
11.8,19.7,36,Moderate,Hatchback,Petrol,2.27
14.7,137.8,6.4,Severe,SUV,Diesel,5.86
2.6,4.8,32.4,Moderate,Sedan,Diesel,0.5
29.2,66.6,26.3,High,SUV,Petrol,9.88
9.4,11.5,48.9,Low,Hatchback,Petrol,1.43
14.2,38.7,22,High,Sedan,Petrol,4.05
3.1,3.3,56.2,Low,SUV,Petrol,0.78
45,107.6,25.1,High,Hatchback,Diesel,8.3
5.1,6.4,48,Low,Hatchback,Petrol,0.83
6.7,8,50.4,Low,SUV,Diesel,1.43
18.4,172.5,6.4,Severe,SUV,Petrol,8.97
8.6,19.7,26.2,High,Motorcycle,Petrol,1.04
17.6,19.8,53.3,Low,Hatchback,Petrol,2.72
6.6,39.6,10,Severe,Hatchback,Petrol,1.92
9.6,36.5,15.8,High,Hatchback,Petrol,2.26
7.3,7.6,57.3,Low,Sedan,Diesel,1.2
21.4,53.3,24.1,High,Motorcycle,Petrol,2.88
28.8,63.1,27.4,High,Sedan,Petrol,7.37
25.5,37,41.3,Moderate,SUV,Diesel,6.36
10.7,19.3,33.3,Moderate,Motorcycle,Petrol,1.1
17.7,32.2,33,Moderate,Sedan,Petrol,3.71
3.1,19.2,9.7,Severe,SUV,Petrol,1.44
7.9,28.6,16.6,High,Hatchback,Petrol,1.83
5.3,5.3,59.7,Low,Hatchback,Petrol,0.84
14.3,15.2,56.6,Low,Motorcycle,Petrol,1.28
16.8,36.3,27.8,High,Motorcycle,Petrol,1.94
12.3,16.8,43.8,Moderate,SUV,Petrol,3.55
17,72.9,14,Severe,Hatchback,Petrol,4.97
16.2,49.6,19.6,High,SUV,Diesel,5.28
4.3,7.2,35.9,Moderate,Sedan,Diesel,0.85
8.4,14.7,34.4,Moderate,Hatchback,Petrol,1.56
18.8,26.6,42.4,Moderate,Hatchback,Diesel,2.85
7.9,17.6,27,High,Sedan,Petrol,1.88
17.2,26.5,38.9,Moderate,Sedan,Petrol,3.62
21.3,75.6,16.9,High,SUV,Petrol,7.69
19.6,27.1,43.4,Moderate,Hatchback,Petrol,3.49
15,68.2,13.2,Severe,Sedan,Petrol,5.26
6.7,9,44.8,Moderate,Sedan,Petrol,1.45
14.8,115.3,7.7,Severe,Sedan,Petrol,5.16
29.3,63.7,27.6,High,Hatchback,Diesel,5.28
55.5,97.4,34.2,Moderate,Sedan,Petrol,11.61
5.1,17.3,17.7,High,Sedan,Petrol,1.38
17.7,23.7,44.9,Moderate,SUV,Diesel,4.17
8.5,15.4,33.1,Moderate,Sedan,Petrol,1.85
13,20.8,37.5,Moderate,Hatchback,Petrol,2.29
6.5,22.4,17.4,High,Sedan,Diesel,1.66
16.4,44.7,22,High,Motorcycle,Petrol,2.03
19.5,29.2,40.1,Moderate,Sedan,Diesel,3.71
9,15.1,35.8,Moderate,Sedan,Petrol,1.88
7.6,10.4,43.7,Moderate,Sedan,Diesel,1.36
5,13.3,22.6,High,Sedan,Diesel,1.2
3.2,3.4,56.1,Low,Hatchback,Diesel,0.47
7.4,38.6,11.5,Severe,Hatchback,Petrol,2.1
10.8,43.2,15,High,Motorcycle,Petrol,1.46
5,12.9,23.2,High,SUV,Petrol,1.95
8.7,13.8,37.9,Moderate,Sedan,Diesel,1.79
33.4,47.7,42,Moderate,Sedan,Petrol,6.69
2.9,5.1,34,Moderate,SUV,Petrol,0.91
4.9,19.6,15,High,SUV,Petrol,1.76
13.6,49.5,16.5,High,Hatchback,Diesel,2.79
9.7,42.8,13.6,Severe,Hatchback,Petrol,2.69
2.8,6.6,25.6,High,Hatchback,Diesel,0.54
29,45.4,38.3,Moderate,Motorcycle,Petrol,3.02
4.1,4.5,55.1,Low,SUV,Petrol,1.09
9.9,14.7,40.4,Moderate,Hatchback,Petrol,1.71
16.7,28.2,35.5,Moderate,Sedan,Petrol,3.79
11.9,15.9,44.8,Moderate,Hatchback,Diesel,1.85
9.3,51.2,10.9,Severe,SUV,Petrol,4.5
2.8,4,42.1,Moderate,SUV,Diesel,0.67
5.8,6.3,55.4,Low,SUV,Diesel,1.29
28,300,5.6,Severe,Hatchback,Petrol,8.13
9.2,23,24,High,Hatchback,Diesel,1.76
9.9,11.1,53.4,Low,Sedan,Diesel,1.63
2.6,3.6,43.2,Moderate,Hatchback,Petrol,0.48
2.9,4,43.9,Moderate,SUV,Diesel,0.73
11.2,12.2,55.2,Low,Hatchback,Diesel,1.64
11.9,13.3,53.8,Low,SUV,Petrol,3.18
7.7,10.5,43.9,Moderate,Motorcycle,Petrol,0.79
11.8,15.5,45.8,Low,Sedan,Diesel,2.05
6.3,7.9,47.8,Low,Motorcycle,Petrol,0.55
25.1,43.8,34.4,Moderate,Hatchback,Petrol,4.46
12.8,24.9,30.9,Moderate,Hatchback,Petrol,2.26
15.5,15.7,59.3,Low,Motorcycle,Petrol,1.33
11.1,15,44.4,Moderate,SUV,Petrol,3.08
38.9,40,58.4,Low,Motorcycle,Petrol,3.49
14.3,24.1,35.6,Moderate,Hatchback,Petrol,2.64
9.1,20.9,26.1,High,Hatchback,Petrol,1.87
6.6,17.1,23.1,High,Motorcycle,Petrol,0.89
33.3,38.7,51.6,Low,Motorcycle,Petrol,3.04
2.4,5.6,25.9,High,Hatchback,Petrol,0.52
18.2,23.1,47.2,Low,Hatchback,Petrol,2.81
2.1,3.3,38.2,Moderate,SUV,Petrol,0.65
21.3,52,24.6,High,SUV,Petrol,8.21
32.6,72.4,27,High,Hatchback,Petrol,6.55
28.9,46.6,37.2,Moderate,Hatchback,Petrol,5.32
15.2,39.8,22.9,High,Motorcycle,Petrol,1.88
34.6,44.1,47.1,Low,Hatchback,Petrol,5.48
31.1,33.3,56.1,Low,Sedan,Diesel,5.27
3.3,5.4,36.9,Moderate,Hatchback,Diesel,0.54
5,11.3,26.5,High,Sedan,Petrol,1.3
4.5,5.8,46.8,Low,SUV,Petrol,1.14
16.4,58.6,16.8,High,Sedan,Petrol,4.68
12.1,22.3,32.6,Moderate,SUV,Diesel,3.21
19.1,21.7,52.9,Low,Hatchback,Diesel,2.66
57.3,180,19.1,High,Hatchback,Petrol,13.31
17.9,50,21.5,High,SUV,Petrol,6.36
16.8,50.1,20.1,High,Sedan,Petrol,4.59
6.1,59,6.2,Severe,Sedan,Petrol,2.04
4.2,6,42.1,Moderate,SUV,Petrol,1.25
31.9,32.1,59.6,Low,Sedan,Diesel,5.41
12.8,17.1,44.8,Moderate,Hatchback,Petrol,2.16
57.1,136,25.2,High,Hatchback,Petrol,11.53
14.9,31.3,28.6,High,Hatchback,Petrol,3.09
33.1,65.3,30.4,Moderate,SUV,Petrol,10.29
20.2,35.5,34.1,Moderate,Sedan,Diesel,4.16
4.6,7.6,36.1,Moderate,Motorcycle,Petrol,0.48
10.6,21.5,29.6,High,SUV,Diesel,3.06
6.6,17.8,22.2,High,Hatchback,Petrol,1.53
7.8,56.4,8.3,Severe,Sedan,Diesel,2.48
9.5,77,7.4,Severe,Hatchback,Diesel,2.52
13.7,25.7,32,Moderate,Hatchback,Petrol,2.46
5.3,8.4,37.7,Moderate,Hatchback,Diesel,0.88
18,55.1,19.6,High,Motorcycle,Petrol,2.44
27.5,48.4,34.1,Moderate,Sedan,Petrol,5.96
13.2,22.4,35.3,Moderate,SUV,Diesel,3.47
4.1,8.4,29.2,High,Sedan,Diesel,0.91
16.9,125.2,8.1,Severe,Sedan,Petrol,5.87
11.5,18.3,37.7,Moderate,Hatchback,Petrol,2.2
20.5,22.4,55,Low,Sedan,Petrol,3.95
17.3,36,28.8,High,Hatchback,Petrol,3.58
7.2,10.2,42.4,Moderate,SUV,Petrol,2.09
2.4,4,36.4,Moderate,Sedan,Diesel,0.46
30.9,63.3,29.3,High,SUV,Diesel,9.35
15.9,180,5.3,Severe,Motorcycle,Petrol,2.66
8.6,9.4,54.7,Low,Motorcycle,Petrol,0.75
8.5,13.5,37.9,Moderate,Sedan,Diesel,1.6
3.3,5.6,35.3,Moderate,Motorcycle,Petrol,0.36
23.5,33,42.7,Moderate,SUV,Diesel,5.9
3.2,7.2,26.8,High,Sedan,Petrol,0.77
21.8,29.5,44.4,Moderate,Sedan,Petrol,4.7
2.2,3.4,39.2,Moderate,Hatchback,Petrol,0.39
18.7,28,40,Moderate,SUV,Petrol,5.21
20.5,31.8,38.7,Moderate,Motorcycle,Petrol,2.23
6.1,10.8,34,Moderate,Hatchback,Petrol,1.16
24.9,29.9,49.9,Low,Sedan,Petrol,4.9
12.5,138.9,5.4,Severe,SUV,Petrol,5.65
18.1,22,49.3,Low,SUV,Petrol,4.82
34.7,184.2,11.3,Severe,SUV,Diesel,13.97
2,2.2,53.8,Low,Hatchback,Petrol,0.33
6,21.8,16.5,High,Hatchback,Petrol,1.37
2.4,2.9,48.9,Low,SUV,Petrol,0.62
14.6,25.9,33.8,Moderate,Hatchback,Petrol,2.65
14.3,18.1,47.3,Low,Sedan,Diesel,2.42
25.8,29.6,52.3,Low,SUV,Diesel,5.72
19.1,24.2,47.3,Low,Hatchback,Petrol,3.07
4.4,6.1,43,Moderate,Sedan,Diesel,0.79
6.1,17.4,21,High,Sedan,Petrol,1.65
7.4,12.8,34.7,Moderate,Hatchback,Diesel,1.2
14.6,20,43.7,Moderate,SUV,Petrol,4.09
2.7,9.5,17,High,Sedan,Diesel,0.63
2.2,3.4,38.9,Moderate,SUV,Petrol,0.63
14.6,56.2,15.6,High,Hatchback,Petrol,3.25
11.4,45.6,15,Severe,SUV,Petrol,4.87
15.1,28.6,31.7,Moderate,SUV,Diesel,3.7
7.6,12.2,37.4,Moderate,Sedan,Petrol,1.6
4,5.5,43.6,Moderate,Sedan,Petrol,0.87
19.1,21.6,53,Low,Motorcycle,Petrol,1.77
7.9,14.9,31.8,Moderate,Hatchback,Diesel,1.25
24.3,45.7,31.9,Moderate,Hatchback,Petrol,4.51
8.1,22.7,21.4,High,Hatchback,Petrol,1.95
3.2,6.8,28.3,High,Hatchback,Diesel,0.58
8.2,13.2,37.3,Moderate,SUV,Petrol,2.57
48.2,56.3,51.4,Low,Sedan,Petrol,9
7,16.9,24.9,High,Hatchback,Diesel,1.39
2.4,7.7,18.8,High,Sedan,Petrol,0.63
19.5,34.9,33.5,Moderate,Hatchback,Petrol,3.72
4.5,5.2,51.9,Low,Hatchback,Petrol,0.73
4.2,10.6,23.8,High,Hatchback,Petrol,0.96
6.4,11.9,32.3,Moderate,Hatchback,Petrol,1.16
15.2,33.2,27.5,High,SUV,Petrol,4.94
9.3,30.7,18.2,High,Sedan,Petrol,2.52
24.6,29.2,50.6,Low,Hatchback,Diesel,3.44
56.2,99.5,33.9,Moderate,Hatchback,Petrol,10.3
3.8,3.8,59.8,Low,Motorcycle,Petrol,0.33
16.9,43.5,23.3,High,Hatchback,Diesel,3.24
14.7,60,14.7,Severe,Motorcycle,Petrol,2.28
5.6,7.6,44.4,Moderate,Sedan,Diesel,1
14,38.5,21.8,High,Hatchback,Diesel,2.92
27.6,37.6,44,Moderate,SUV,Diesel,6.63
6.3,9.9,38,Moderate,SUV,Petrol,1.95
10.4,32.8,19,High,Hatchback,Petrol,2.41
9.7,15.4,37.8,Moderate,Sedan,Petrol,2.21
4.5,7.2,37.3,Moderate,Motorcycle,Petrol,0.48
8.6,15.4,33.5,Moderate,Motorcycle,Petrol,0.9
11.5,14.3,48.1,Low,SUV,Petrol,2.84
29.1,45.9,38,Moderate,Motorcycle,Petrol,2.99
27.4,47.2,34.8,Moderate,Hatchback,Petrol,4.99
10.9,22.9,28.5,High,SUV,Diesel,3.28
3.3,11.6,17.1,High,Hatchback,Petrol,0.76
18.3,43.1,25.5,High,Hatchback,Petrol,3.67
29.7,52.3,34.1,Moderate,Hatchback,Diesel,4.88
18.4,101.3,10.9,Severe,Motorcycle,Petrol,2.93
5.9,21.6,16.4,High,Sedan,Petrol,1.54
3.8,4.5,50.4,Low,Hatchback,Petrol,0.59
4.1,10.6,23.2,High,Sedan,Petrol,1.07
31.3,280.3,6.7,Severe,Hatchback,Diesel,7.6
5.7,16.4,20.8,High,Hatchback,Diesel,1.13
19.8,32,37.1,Moderate,Hatchback,Petrol,3.74
4.3,4.3,59.6,Low,Hatchback,Diesel,0.59
29.5,31.8,55.6,Low,Hatchback,Diesel,4.29
46.8,101.4,27.7,High,SUV,Petrol,15.94
7,12.2,34.4,Moderate,Sedan,Diesel,1.39
29,36.8,47.3,Low,Motorcycle,Petrol,2.66
11.3,34.6,19.6,High,Hatchback,Petrol,2.67
5.7,18.8,18.2,High,Motorcycle,Petrol,0.75
10.5,27.8,22.7,High,SUV,Diesel,3.46
17.5,30.5,34.4,Moderate,Sedan,Diesel,3.36
34.2,62,33.1,Moderate,SUV,Petrol,10.25
18.5,32.9,33.7,Moderate,Hatchback,Petrol,3.51
3.3,3.4,58,Low,Sedan,Petrol,0.64
6.3,7.9,47.9,Low,SUV,Diesel,1.39
6.1,11.2,32.6,Moderate,Hatchback,Diesel,0.95
6.7,22.8,17.6,High,SUV,Petrol,2.58
2.2,2.6,51,Low,SUV,Petrol,0.59
8,14.8,32.4,Moderate,Sedan,Diesel,1.52
12.9,17.5,44.2,Moderate,Sedan,Petrol,2.64
4.2,12.2,20.6,High,SUV,Diesel,1.32
31.4,41,46,Low,Hatchback,Diesel,4.55
13.7,18.5,44.4,Moderate,Hatchback,Petrol,2.39
34.5,103.5,20,High,SUV,Petrol,12.82
13.9,14.8,56.5,Low,Sedan,Diesel,2.36
9.5,86.4,6.6,Severe,Motorcycle,Petrol,1.6
9.7,21.6,27,High,Hatchback,Diesel,1.79
13.2,18.9,41.9,Moderate,Motorcycle,Petrol,1.25
17.8,35.4,30.2,Moderate,Sedan,Diesel,3.5
20.2,63.5,19.1,High,Hatchback,Diesel,4.22
14,15.5,54.2,Low,Hatchback,Petrol,2.23
15.9,24.7,38.6,Moderate,Hatchback,Petrol,2.95
19.8,51.9,22.9,High,Sedan,Petrol,5.38
6.7,18.9,21.3,High,Sedan,Petrol,1.8
16.8,27.6,36.5,Moderate,Sedan,Diesel,3.31
5.4,6.8,48,Low,Sedan,Diesel,0.91
13.7,30.3,27.1,High,Hatchback,Diesel,2.63
7.6,15.7,29.1,High,Hatchback,Diesel,1.4
6.3,23.3,16.2,High,SUV,Diesel,1.99
27.3,36.6,44.8,Moderate,Sedan,Petrol,5.82
14,23.6,35.6,Moderate,SUV,Diesel,3.51
2.2,2.2,59.8,Low,Motorcycle,Petrol,0.2
3.5,6.4,32.9,Moderate,SUV,Diesel,0.9
2.8,3.9,43.5,Moderate,Sedan,Diesel,0.52
5.4,38.1,8.5,Severe,Sedan,Petrol,1.82
10.6,15.4,41.4,Moderate,SUV,Petrol,3.09
3.6,4.4,49.4,Low,Sedan,Diesel,0.58
5.2,17.5,17.8,High,Motorcycle,Petrol,0.65
11.6,15.7,44.2,Moderate,SUV,Diesel,2.72
3,3.4,53.5,Low,Motorcycle,Petrol,0.26
11.3,25.1,27,High,Hatchback,Petrol,2.34
6.7,6.8,59.1,Low,Sedan,Diesel,1.11
3.9,11.4,20.6,High,SUV,Diesel,1.18
17,25,40.8,Moderate,Sedan,Petrol,3.47
5.5,17.2,19.2,High,Sedan,Petrol,1.45
5.6,20.6,16.3,High,Sedan,Petrol,1.59
23.2,61.1,22.8,High,Motorcycle,Petrol,2.86
14.5,15.7,55.4,Low,Sedan,Petrol,2.81
49.5,69.1,43,Moderate,Sedan,Diesel,9.67
2.3,2.5,55,Low,Motorcycle,Petrol,0.2
4.1,8,30.7,Moderate,Motorcycle,Petrol,0.43
3.1,3.9,48.2,Low,Sedan,Diesel,0.51
6.7,47.9,8.4,Severe,SUV,Diesel,2.58
6.7,10,40.4,Moderate,Sedan,Petrol,1.41
4.2,4.9,51.9,Low,Hatchback,Petrol,0.68
2.3,3.1,44.9,Moderate,Hatchback,Diesel,0.36
6,8.3,43.3,Moderate,Sedan,Diesel,1.12
37.4,287.7,7.8,Severe,Sedan,Diesel,11.29
12.6,43,17.6,High,Hatchback,Petrol,3.03
8.5,10,51.1,Low,Motorcycle,Petrol,0.73
18.4,49.5,22.3,High,Hatchback,Petrol,4.37
18,73.5,14.7,Severe,Sedan,Diesel,5.77
2.2,2.4,55,Low,SUV,Petrol,0.58
19.9,71.9,16.6,High,SUV,Petrol,7.36
10.2,68,9,Severe,Sedan,Diesel,3.11
5,9.2,32.7,Moderate,Hatchback,Petrol,0.9
10.7,11.9,53.9,Low,Hatchback,Petrol,1.73
19.9,23.8,50.2,Low,Sedan,Petrol,3.74
6.6,12.4,31.9,Moderate,Motorcycle,Petrol,0.66
10,14.4,41.7,Moderate,SUV,Diesel,2.32
28.5,29.1,58.7,Low,Hatchback,Petrol,4.34
9.4,25.5,22.1,High,Sedan,Petrol,2.55
12.8,14.1,54.4,Low,Hatchback,Diesel,1.72
7.2,15.4,28,High,Motorcycle,Petrol,0.86
29,115.2,15.1,High,Hatchback,Petrol,6.48
11.7,12.5,56.2,Low,SUV,Petrol,3.04
9.2,23.5,23.5,High,Hatchback,Petrol,2.16
17.6,24.4,43.3,Moderate,Hatchback,Petrol,3.21
30.6,56.7,32.4,Moderate,Hatchback,Petrol,5.53
30.5,85.5,21.4,High,Sedan,Petrol,8.42
6,21.1,17.1,High,Motorcycle,Petrol,0.77
9.5,14.4,39.5,Moderate,Sedan,Petrol,2.04
18.9,31.2,36.3,Moderate,Hatchback,Petrol,3.45
32.1,159.2,12.1,Severe,Hatchback,Diesel,7.82
31.5,64.5,29.3,High,Motorcycle,Petrol,3.61
3.1,3.1,59.9,Low,Hatchback,Petrol,0.51
24.3,122.5,11.9,Severe,Hatchback,Petrol,6.76
6.6,6.7,59.2,Low,Hatchback,Petrol,1.09
6.9,11.4,36.3,Moderate,Hatchback,Petrol,1.29
7.3,13.1,33.4,Moderate,Sedan,Petrol,1.6
10.4,16.4,38.1,Moderate,SUV,Petrol,3.14
10.4,75.2,8.3,Severe,SUV,Diesel,4.35
9.7,9.9,58.7,Low,Motorcycle,Petrol,0.83
16.1,21.7,44.5,Moderate,Hatchback,Diesel,2.52
15.9,19.9,47.9,Low,SUV,Petrol,4.24
25.4,177.2,8.6,Severe,Sedan,Diesel,7.72
19.1,20.7,55.4,Low,Hatchback,Petrol,3
25.7,29,53.2,Low,Hatchback,Petrol,3.91
2.4,3.6,40.4,Moderate,Hatchback,Petrol,0.4
9.8,24.2,24.3,High,Sedan,Petrol,2.56
2.6,5.2,29.8,High,Hatchback,Petrol,0.57
33.5,53.6,37.5,Moderate,Hatchback,Petrol,6.19
11.7,18.4,38.2,Moderate,SUV,Petrol,3.35
4.6,7.7,36,Moderate,Sedan,Petrol,1.03
3.6,8.1,26.7,High,Motorcycle,Petrol,0.44
3.6,10.4,20.7,High,SUV,Petrol,1.36
58.1,117.8,29.6,High,Hatchback,Petrol,11.93
20.2,38.8,31.2,Moderate,Motorcycle,Petrol,2.08
3,4,44.8,Moderate,Hatchback,Petrol,0.52
12.2,16.8,43.6,Moderate,Hatchback,Petrol,2.06
7.5,13.6,33.2,Moderate,SUV,Diesel,1.98
9,14.4,37.5,Moderate,SUV,Petrol,2.66
3.1,24.5,7.6,Severe,SUV,Petrol,1.47
57.7,212.4,16.3,High,Hatchback,Diesel,11.43
16.1,193.2,5,Severe,SUV,Petrol,7.77
8.9,12.1,44.3,Moderate,SUV,Petrol,2.67
5.4,10.3,31.5,Moderate,Motorcycle,Petrol,0.58
17.5,50.2,20.9,High,Hatchback,Petrol,3.96
11.2,14.5,46.3,Low,Hatchback,Diesel,1.58
11.9,30.3,23.6,High,Hatchback,Petrol,2.65
31.6,184.1,10.3,Severe,Sedan,Diesel,10.11
7,27.6,15.2,High,Hatchback,Petrol,1.6
5.7,7,49.2,Low,Hatchback,Petrol,0.91
39,87,26.9,High,Hatchback,Diesel,7.47
4.6,5.2,53.2,Low,Hatchback,Diesel,0.63
16.7,37.1,27,High,Hatchback,Petrol,3.38
6.3,7,54.3,Low,Sedan,Petrol,1.19
15,46.9,19.2,High,SUV,Diesel,4.71
18.1,43.4,25,High,Sedan,Diesel,4.06
18.3,33.6,32.7,Moderate,Sedan,Petrol,3.94
18.2,20,54.6,Low,Hatchback,Diesel,2.49
33.4,62.8,31.9,Moderate,SUV,Petrol,9.61
16.2,30.7,31.7,Moderate,SUV,Petrol,4.77
3.3,3.7,53.1,Low,Motorcycle,Petrol,0.31
8.2,22.7,21.7,High,SUV,Petrol,3.21
6.7,10.8,37.1,Moderate,Hatchback,Petrol,1.24
15.2,31.8,28.7,High,Hatchback,Petrol,3.07
32.7,56.2,34.9,Moderate,Motorcycle,Petrol,3.56
33,96.1,20.6,High,Hatchback,Petrol,7.72
13.1,55.7,14.1,Severe,SUV,Diesel,5.46
17.4,32.7,31.9,Moderate,Sedan,Diesel,3.41
2.3,2.4,58,Low,SUV,Diesel,0.49
8.3,8.9,56,Low,Hatchback,Diesel,1.13
25.5,31.5,48.6,Low,SUV,Petrol,6.74
50.5,77.1,39.3,Moderate,Motorcycle,Petrol,5.46
50.8,148,20.6,High,Hatchback,Petrol,11.69
12.3,30.9,23.9,High,SUV,Petrol,4.67
15.2,20.7,44,Moderate,Hatchback,Petrol,2.58
8.3,9.1,54.5,Low,SUV,Petrol,2.17
4.5,8.3,32.4,Moderate,Hatchback,Petrol,0.87
14.5,15.3,56.8,Low,SUV,Petrol,3.81
18.8,30.7,36.7,Moderate,Hatchback,Petrol,3.6
2.2,5,26.2,High,Hatchback,Petrol,0.47
6.9,20.4,20.3,High,Motorcycle,Petrol,0.93
14.3,14.7,58.3,Low,Sedan,Petrol,2.81
9,22,24.5,High,SUV,Petrol,3.38
6,22.8,15.8,High,Sedan,Petrol,1.62
47.9,181.9,15.8,High,Hatchback,Petrol,11.38
13.3,18.3,43.6,Moderate,Hatchback,Petrol,2.4
15.5,26.6,34.9,Moderate,Hatchback,Petrol,2.86
14.5,20.1,43.3,Moderate,Hatchback,Petrol,2.5
5,7.2,41.9,Moderate,Hatchback,Petrol,0.84
2.7,3,53.8,Low,SUV,Diesel,0.59
8.8,48,11,Severe,Hatchback,Petrol,2.59
8.4,20.2,24.9,High,Hatchback,Petrol,1.9
19.7,23.7,49.9,Low,SUV,Petrol,4.96
29.4,60.4,29.2,High,Sedan,Diesel,6.35
6.4,6.5,58.9,Low,Motorcycle,Petrol,0.6
28.9,37.6,46.1,Low,Sedan,Petrol,5.57
21.9,76.4,17.2,High,SUV,Diesel,6.76
10.5,26.8,23.5,High,Hatchback,Diesel,2.11
7.9,11,42.9,Moderate,SUV,Petrol,2.25
15.6,16.6,56.4,Low,Sedan,Diesel,2.71
5.4,7,46.4,Low,Sedan,Petrol,1.05
7.6,9.2,49.4,Low,Hatchback,Petrol,1.16
6.1,8.9,41.3,Moderate,Hatchback,Petrol,1.07
18.6,31.6,35.3,Moderate,SUV,Petrol,5.47
10.7,110.7,5.8,Severe,Motorcycle,Petrol,1.8
5.3,9.9,32,Moderate,SUV,Petrol,1.62
7.1,11.2,38.1,Moderate,SUV,Diesel,1.89
6,11.8,30.4,Moderate,Motorcycle,Petrol,0.65
41.7,110.2,22.7,High,SUV,Petrol,16.3
33.2,88.9,22.4,High,SUV,Petrol,12.49
7.1,12.6,33.8,Moderate,Hatchback,Diesel,1.17
41.4,67.3,36.9,Moderate,SUV,Petrol,12.38
23.9,35.1,40.8,Moderate,SUV,Petrol,7.01
8.5,11.8,43.2,Moderate,SUV,Diesel,2.12
20.5,86,14.3,Severe,Sedan,Petrol,6.76
4,6.1,39.2,Moderate,Hatchback,Petrol,0.76
30.7,45.6,40.4,Moderate,SUV,Petrol,8.39
4.3,4.7,54.8,Low,Hatchback,Diesel,0.59
9,19.6,27.6,High,Hatchback,Petrol,1.82
57.8,62.8,55.2,Low,Hatchback,Diesel,7.76
13.6,30.4,26.8,High,Sedan,Diesel,3.04
21.1,40.4,31.3,Moderate,SUV,Petrol,6.58
2,3.2,37.7,Moderate,SUV,Diesel,0.53
13,39.8,19.6,High,Sedan,Petrol,3.43
13.3,61.9,12.9,Severe,Motorcycle,Petrol,2.21
8,13.6,35.3,Moderate,Sedan,Petrol,1.68
23,32.2,42.9,Moderate,Motorcycle,Petrol,2.36
19.8,63.9,18.6,High,Motorcycle,Petrol,2.55
2.1,2.2,57.5,Low,SUV,Petrol,0.54
18.6,33.7,33.1,Moderate,Motorcycle,Petrol,1.9
13.5,16.4,49.4,Low,Hatchback,Diesel,1.89
26.5,93.5,17,High,Sedan,Diesel,6.68
27.8,278,6,Severe,Motorcycle,Petrol,4.37
17.5,20.7,50.7,Low,SUV,Diesel,3.78
49.4,85.2,34.8,Moderate,SUV,Diesel,12.51
12.5,18.6,40.4,Moderate,Motorcycle,Petrol,1.23
14.1,49.8,17,High,Hatchback,Petrol,3.21
8.5,16.9,30.1,Moderate,Sedan,Petrol,1.95
18.4,36.3,30.4,Moderate,Sedan,Diesel,3.47
31.1,68.6,27.2,High,Hatchback,Petrol,6.79
17.7,21.9,48.4,Low,Hatchback,Petrol,2.71
22.6,33,41.1,Moderate,Hatchback,Petrol,3.78
17.2,34.4,30,High,Sedan,Petrol,4.29
17.8,33.2,32.2,Moderate,Sedan,Diesel,3.6
7.9,59.2,8,Severe,Hatchback,Petrol,2.4
7.5,21.2,21.2,High,Motorcycle,Petrol,0.99
5.3,7.4,42.8,Moderate,Hatchback,Diesel,0.85
9.2,16.6,33.2,Moderate,Sedan,Diesel,1.85
8,21.5,22.3,High,Hatchback,Petrol,1.83
9.8,30.9,19,High,Hatchback,Petrol,2.35
9,15.2,35.6,Moderate,SUV,Petrol,2.76
13.3,26.5,30.1,Moderate,Hatchback,Petrol,2.48
10.5,28,22.5,High,Sedan,Petrol,2.77
4.6,4.9,56.3,Low,Motorcycle,Petrol,0.41
11.5,32.2,21.4,High,Motorcycle,Petrol,1.47
4.2,5.9,42.9,Moderate,SUV,Diesel,1.06
4.6,5.2,52.9,Low,SUV,Petrol,1.17
4.3,8.3,31,Moderate,Motorcycle,Petrol,0.46
19.6,25.6,46,Low,Sedan,Diesel,3.21
3,5.8,30.9,Moderate,Sedan,Petrol,0.68
18,23.8,45.4,Low,Hatchback,Petrol,2.89
34.1,60.7,33.7,Moderate,Hatchback,Petrol,6.04
14.1,19.6,43.2,Moderate,Hatchback,Diesel,2.13
41,76.4,32.2,Moderate,Hatchback,Diesel,6.67
12.5,29,25.9,High,Motorcycle,Petrol,1.44
8.3,9.4,53.1,Low,SUV,Petrol,2.11
5.4,5.6,57.6,Low,Hatchback,Diesel,0.79
15.7,33.8,27.9,High,SUV,Petrol,5.42
15.7,27,34.9,Moderate,Motorcycle,Petrol,1.71
13,16.9,46.2,Low,Hatchback,Petrol,2.05
3.8,5.5,41.3,Moderate,Hatchback,Petrol,0.65
3.3,7.2,27.4,High,Hatchback,Petrol,0.72
16,19.3,49.7,Low,Hatchback,Diesel,2.14
7.2,23.2,18.6,High,SUV,Petrol,2.61
5.1,12.4,24.7,High,SUV,Diesel,1.63
19.6,31.9,36.9,Moderate,Sedan,Diesel,3.8
31.2,131.8,14.2,Severe,Sedan,Petrol,10.84
3.1,4.2,44.5,Moderate,Hatchback,Diesel,0.49
5.1,7.6,40.4,Moderate,Hatchback,Petrol,0.85
18.6,90.7,12.3,Severe,Hatchback,Diesel,4.55
4.3,10.1,25.6,High,SUV,Petrol,1.44
21.1,26.1,48.5,Low,Hatchback,Petrol,3.33
8.2,26.6,18.5,High,SUV,Diesel,2.52
2.8,5.9,28.5,High,Hatchback,Petrol,0.6
3.1,4.2,44.8,Moderate,SUV,Petrol,0.9
3.4,14.1,14.5,Severe,SUV,Petrol,1.62
11.5,42.9,16.1,High,Sedan,Petrol,3.16
7.8,12.1,38.8,Moderate,Hatchback,Petrol,1.38
10.6,16,39.7,Moderate,Hatchback,Petrol,1.97
45.6,414.5,6.6,Severe,Motorcycle,Petrol,7.68
15.6,21.4,43.8,Moderate,SUV,Petrol,4.48
3.6,4.8,45,Moderate,SUV,Diesel,0.86
41.2,244.8,10.1,Severe,Sedan,Petrol,14.25
46.3,101.8,27.3,High,Sedan,Petrol,11.44
10.5,17.4,36.3,Moderate,Hatchback,Diesel,1.72
27.9,137.2,12.2,Severe,Hatchback,Petrol,8.25
28.8,78.2,22.1,High,Motorcycle,Petrol,3.75
33.6,62.6,32.2,Moderate,SUV,Petrol,10.49
6.7,8.1,49.5,Low,Hatchback,Petrol,1.1
32.4,35.3,55.1,Low,SUV,Petrol,8.53
6.1,9.7,37.9,Moderate,Motorcycle,Petrol,0.62
18.3,32.5,33.8,Moderate,Hatchback,Petrol,3.29
18.2,44,24.8,High,Hatchback,Petrol,4.07
5.6,10.8,31.1,Moderate,Motorcycle,Petrol,0.57
28.9,55.4,31.3,Moderate,SUV,Petrol,8.61
7.3,78.2,5.6,Severe,SUV,Diesel,2.97
10.5,13.5,46.7,Low,Hatchback,Petrol,1.63
18.3,25.8,42.6,Moderate,Sedan,Petrol,3.99
18.5,19,58.3,Low,Sedan,Diesel,3.1
13,25.7,30.3,Moderate,SUV,Petrol,4.03
7.3,21,20.9,High,SUV,Petrol,2.73
8,12.7,37.8,Moderate,Hatchback,Diesel,1.33
16.8,35.1,28.7,High,Sedan,Petrol,4.37
8.3,14.1,35.3,Moderate,Sedan,Diesel,1.55
14.2,45.3,18.8,High,Hatchback,Diesel,2.88
10.5,15.1,41.8,Moderate,Hatchback,Diesel,1.67
8.5,64.6,7.9,Severe,Motorcycle,Petrol,1.35
8.1,16.4,29.6,High,Sedan,Petrol,2.11
11,76.7,8.6,Severe,SUV,Petrol,5
32.4,38.9,50,Low,Sedan,Petrol,6.38
9.2,17.6,31.3,Moderate,Sedan,Diesel,1.81
19.2,30.6,37.7,Moderate,Sedan,Petrol,4.41
4.3,4.6,55.5,Low,Hatchback,Petrol,0.71
3.3,5.7,34.6,Moderate,Hatchback,Petrol,0.58
18.1,32.1,33.8,Moderate,Sedan,Petrol,3.97
26.9,55.1,29.3,High,SUV,Diesel,7.98
15.9,23.2,41.1,Moderate,Sedan,Petrol,3.29
3.7,6.1,36.5,Moderate,Hatchback,Diesel,0.6
15.3,34.8,26.4,High,Hatchback,Petrol,3.36
24.3,42,34.7,Moderate,SUV,Diesel,5.98
7.4,10.1,43.9,Moderate,Hatchback,Diesel,1.18
14.4,18,47.9,Low,Sedan,Petrol,2.64
4.8,22.9,12.6,Severe,SUV,Petrol,2.28
14.5,56.9,15.3,High,SUV,Petrol,5.53
28.1,290.7,5.8,Severe,Hatchback,Petrol,7.94
18.8,125.3,9,Severe,Hatchback,Petrol,5.43
19.4,51.7,22.5,High,Hatchback,Petrol,4.31
34.6,86.5,24,High,Sedan,Diesel,8.47
17.1,19.1,53.6,Low,SUV,Diesel,3.94
15.7,40.1,23.5,High,Hatchback,Diesel,3.21
7.1,7.5,56.7,Low,Motorcycle,Petrol,0.64
10.4,28,22.3,High,SUV,Petrol,3.93
2.1,4.9,25.9,High,Sedan,Petrol,0.55
2.6,2.7,58.6,Low,Hatchback,Diesel,0.36
11.9,26.5,26.9,High,Hatchback,Diesel,2.16
14.8,30.7,28.9,High,Sedan,Diesel,3.38
22.2,51.2,26,High,Hatchback,Petrol,4.61
18.6,57.8,19.3,High,Motorcycle,Petrol,2.49
31.3,79.2,23.7,High,Hatchback,Petrol,6.84
10,32.6,18.4,High,SUV,Petrol,3.72
59.2,127.8,27.8,High,Hatchback,Diesel,11.05
3,18.8,9.6,Severe,Motorcycle,Petrol,0.5
15.4,33.7,27.4,High,SUV,Diesel,4.4
13.2,19.7,40.3,Moderate,Hatchback,Petrol,2.28
22.6,25.9,52.3,Low,Hatchback,Diesel,3.26
16.3,19.3,50.8,Low,Hatchback,Petrol,2.55
12.3,24.6,30,High,Hatchback,Diesel,2.31
6.3,23.8,15.9,High,Sedan,Petrol,1.75
10,17.9,33.5,Moderate,Motorcycle,Petrol,1.03
5.5,10.1,32.6,Moderate,Motorcycle,Petrol,0.59
7.7,11.6,39.9,Moderate,SUV,Petrol,2.35
11.2,13.2,50.8,Low,Hatchback,Petrol,1.76
20.8,26.1,47.8,Low,Hatchback,Diesel,3.02
2.8,5.7,29.5,High,Hatchback,Petrol,0.57
7.4,16.9,26.2,High,Sedan,Petrol,1.76
3.6,8.4,25.8,High,SUV,Petrol,1.24
11.4,34.7,19.7,High,Motorcycle,Petrol,1.48
9.8,16.9,34.8,Moderate,Hatchback,Petrol,1.77
29.3,56,31.4,Moderate,SUV,Petrol,9.08
12.2,15.8,46.4,Low,Hatchback,Petrol,1.98
54.8,118.3,27.8,High,SUV,Petrol,18.31
12.5,23.6,31.8,Moderate,SUV,Petrol,3.82
8.9,13.7,39.1,Moderate,Sedan,Petrol,1.93
2.8,6.4,26.2,High,SUV,Petrol,0.94
23.1,26.9,51.5,Low,Sedan,Petrol,4.46
9.4,38.6,14.6,Severe,SUV,Diesel,3.77
2.2,3.8,35.2,Moderate,Motorcycle,Petrol,0.23
2.2,3.3,39.5,Moderate,SUV,Petrol,0.68
7.5,13.6,33.1,Moderate,Sedan,Petrol,1.67
10.5,76.8,8.2,Severe,Hatchback,Diesel,2.65
18.8,25.5,44.2,Moderate,Hatchback,Diesel,2.88
33.4,58.8,34.1,Moderate,Hatchback,Petrol,6.08
11.3,36.3,18.7,High,SUV,Petrol,4.28
10.4,41.1,15.2,High,Sedan,Diesel,2.54
56,142.4,23.6,High,Motorcycle,Petrol,7.48
19.5,21.1,55.4,Low,Sedan,Petrol,3.54
5.2,5.4,58,Low,SUV,Petrol,1.32
11,25.2,26.2,High,Hatchback,Petrol,2.32
16.2,21.5,45.2,Low,Hatchback,Petrol,2.62
5.5,5.6,58.5,Low,Motorcycle,Petrol,0.49
13,31,25.2,High,SUV,Petrol,4.27
6.1,10.9,33.7,Moderate,Hatchback,Diesel,0.96
18.2,20,54.6,Low,Sedan,Petrol,3.46
2.9,25.6,6.8,Severe,SUV,Petrol,1.34
7.1,12.1,35.1,Moderate,Sedan,Diesel,1.36
6.3,10.7,35.3,Moderate,Sedan,Petrol,1.39
12.6,19.3,39.1,Moderate,Hatchback,Petrol,2.44
7.7,18.5,25,High,Motorcycle,Petrol,0.93
17.3,39.5,26.3,High,Hatchback,Petrol,3.57
6.8,7.7,52.9,Low,Hatchback,Petrol,1.08
18.5,102.8,10.8,Severe,Motorcycle,Petrol,3.14
6.1,6.7,54.5,Low,Hatchback,Petrol,0.97
22.3,94.9,14.1,Severe,Motorcycle,Petrol,3.76
3.8,9.4,24.2,High,Hatchback,Petrol,0.83
56.8,330.9,10.3,Severe,SUV,Diesel,21.67
6.4,17,22.6,High,Motorcycle,Petrol,0.79
13.4,30.5,26.4,High,Hatchback,Petrol,2.71
28.9,83.8,20.7,High,Hatchback,Petrol,6.37
44.4,96.5,27.6,High,Hatchback,Diesel,8.1
2.4,5.3,27.3,High,SUV,Petrol,0.83
21.2,37,34.4,Moderate,Sedan,Diesel,4.11
43.2,75.6,34.3,Moderate,Hatchback,Diesel,7.32
35,47.4,44.3,Moderate,Hatchback,Petrol,6.3
25.7,27.4,56.3,Low,Motorcycle,Petrol,2.26
5.1,10.8,28.3,High,Motorcycle,Petrol,0.59
17.5,116.7,9,Severe,Hatchback,Petrol,5.02
5.1,9.8,31.3,Moderate,Sedan,Diesel,1
3.8,12.8,17.8,High,Motorcycle,Petrol,0.5
23.4,38.7,36.3,Moderate,Motorcycle,Petrol,2.43
4.8,5.4,52.9,Low,Motorcycle,Petrol,0.44
5.6,9,37.5,Moderate,Hatchback,Diesel,0.9
21.7,89.8,14.5,Severe,Motorcycle,Petrol,3.53
10.5,15.3,41.2,Moderate,Hatchback,Petrol,1.93
31.7,34.5,55.1,Low,SUV,Diesel,7.27
18.9,46.1,24.6,High,Sedan,Petrol,5.17
4.4,11.8,22.4,High,Hatchback,Petrol,1.06
33.5,47.9,42,Moderate,Hatchback,Diesel,5.35
3.4,5.4,38.1,Moderate,Sedan,Petrol,0.75
34.5,39.9,51.9,Low,Sedan,Diesel,5.77
5.7,61.1,5.6,Severe,Motorcycle,Petrol,0.96
5.9,6.4,55.2,Low,SUV,Diesel,1.32
7.7,10.5,44.1,Moderate,Sedan,Petrol,1.59
34.8,65.7,31.8,Moderate,Hatchback,Diesel,5.43
7.7,27.3,16.9,High,Hatchback,Diesel,1.56
9.4,32,17.6,High,SUV,Petrol,3.37
6.3,41.1,9.2,Severe,Hatchback,Petrol,1.75
19,28.7,39.7,Moderate,Sedan,Petrol,4.2
7.1,7.1,59.9,Low,Hatchback,Petrol,1.09
5.3,9.1,35.1,Moderate,SUV,Petrol,1.64
8.2,9.3,53,Low,Sedan,Petrol,1.54
3.5,20,10.5,Severe,Sedan,Petrol,1.21
8.7,9.8,53.1,Low,Motorcycle,Petrol,0.78
5.1,7.7,39.8,Moderate,Hatchback,Petrol,0.97
11,18.4,35.9,Moderate,Sedan,Diesel,2.07
14,22.2,37.9,Moderate,Hatchback,Diesel,2.17
31.7,240.8,7.9,Severe,Sedan,Petrol,10.98
8.8,15.6,33.9,Moderate,Motorcycle,Petrol,0.92
14.8,19.8,44.9,Moderate,SUV,Diesel,3.46
12.4,17.5,42.4,Moderate,Sedan,Petrol,2.5
12.3,28.1,26.3,High,SUV,Diesel,3.49
33.6,83,24.3,High,Hatchback,Diesel,7.04
2.5,2.7,56.2,Low,Hatchback,Petrol,0.41
17.9,28.4,37.8,Moderate,SUV,Petrol,5.45
5.5,7.1,46.7,Low,Sedan,Petrol,1.01
6.7,12.8,31.3,Moderate,Sedan,Petrol,1.53
49,76.8,38.3,Moderate,Hatchback,Petrol,9.18
7.9,29.8,15.9,High,Hatchback,Diesel,1.64
3.6,23.2,9.3,Severe,Sedan,Petrol,1.22
8.8,16,32.9,Moderate,Hatchback,Petrol,1.67
9.1,15.7,34.7,Moderate,Hatchback,Petrol,1.71
5,5.5,54.2,Low,SUV,Diesel,1.12
3.1,5.2,36,Moderate,SUV,Petrol,0.96
30.1,35.4,51,Low,Sedan,Petrol,5.45
16.7,26.2,38.2,Moderate,Sedan,Petrol,3.57
34.8,62.5,33.4,Moderate,Hatchback,Diesel,5.62
7.6,7.9,57.9,Low,Motorcycle,Petrol,0.69
4,4.3,55.2,Low,Hatchback,Diesel,0.57
30.3,55.6,32.7,Moderate,Hatchback,Diesel,4.9
4.3,5.8,44.8,Moderate,Sedan,Petrol,0.94
2.2,6.9,19.1,High,Hatchback,Petrol,0.51
17.3,54.3,19.1,High,Hatchback,Diesel,3.42
37.5,43.7,51.5,Low,SUV,Diesel,8.32
2.5,4.5,33.7,Moderate,Hatchback,Petrol,0.46
9.8,19.9,29.6,High,Hatchback,Diesel,1.89
7.9,12.1,39.2,Moderate,Hatchback,Petrol,1.46
12.4,20.2,36.8,Moderate,Sedan,Diesel,2.52
6.1,9.7,37.9,Moderate,Motorcycle,Petrol,0.63
12.8,29.2,26.3,High,SUV,Petrol,4.39
6.1,32.4,11.3,Severe,Hatchback,Petrol,1.73
20.7,49.1,25.3,High,Sedan,Diesel,4.69
6.1,12.2,30.1,Moderate,Hatchback,Diesel,0.98
6.3,17.2,22,High,SUV,Diesel,2.09
7.6,10.6,43.1,Moderate,SUV,Petrol,2.23
2.1,2.2,56.4,Low,Hatchback,Petrol,0.34
9.8,29.4,20,High,SUV,Diesel,3.22
19.3,46,25.2,High,Hatchback,Diesel,3.6
7.8,10.8,43.5,Moderate,Hatchback,Petrol,1.43
10,16,37.5,Moderate,Hatchback,Diesel,1.69
7.3,78.2,5.6,Severe,Sedan,Diesel,2.21
3,3.4,52.7,Low,Motorcycle,Petrol,0.27
2.1,3.6,34.9,Moderate,Hatchback,Diesel,0.34
7.7,10.7,43.3,Moderate,Hatchback,Petrol,1.4
18,18.3,59,Low,SUV,Petrol,4.79
2.8,4.4,38.3,Moderate,Sedan,Petrol,0.64
11.2,18.6,36.2,Moderate,Motorcycle,Petrol,1.15
4.2,5.7,43.9,Moderate,Hatchback,Diesel,0.67
16.4,23.9,41.1,Moderate,Hatchback,Petrol,2.88
5.1,32.9,9.3,Severe,SUV,Petrol,2.32
7.1,22.2,19.2,High,Sedan,Petrol,2.01
15.8,21.9,43.3,Moderate,Motorcycle,Petrol,1.59
7.4,8.2,53.9,Low,Sedan,Diesel,1.26
3.1,6.6,28.1,High,Sedan,Petrol,0.77
27.3,30.4,53.9,Low,Hatchback,Petrol,4.25
10.2,13.6,44.9,Moderate,Hatchback,Petrol,1.88
3.5,21.2,9.9,Severe,Hatchback,Petrol,1.04
5.4,9,35.9,Moderate,SUV,Diesel,1.42
2.5,4.7,31.8,Moderate,SUV,Diesel,0.63
25.8,31.1,49.7,Low,Motorcycle,Petrol,2.33
14,29.5,28.5,High,Sedan,Petrol,3.59
8,10.1,47.5,Low,Hatchback,Diesel,1.15
30.3,38.7,47,Low,Sedan,Diesel,5.24
23.4,49.3,28.5,High,Sedan,Petrol,5.71
13.7,19.2,42.8,Moderate,Motorcycle,Petrol,1.36
9.5,13.3,42.7,Moderate,Hatchback,Diesel,1.48
22.7,31,43.9,Moderate,SUV,Petrol,6.37
14.1,27.2,31.1,Moderate,Motorcycle,Petrol,1.54
6.7,8.1,49.6,Low,Hatchback,Diesel,0.97
12,17.1,42,Moderate,Motorcycle,Petrol,1.21
27.8,85.5,19.5,High,Hatchback,Petrol,6.11
35.6,51,41.9,Moderate,Hatchback,Petrol,6.02
37.3,55.9,40,Moderate,Sedan,Diesel,7.12
18.3,18.5,59.2,Low,Hatchback,Petrol,3.01
7.4,14.6,30.4,Moderate,Hatchback,Petrol,1.32
10,13.8,43.6,Moderate,Hatchback,Diesel,1.48
5.2,9.4,33.3,Moderate,Sedan,Petrol,1.15
9.9,11.6,51.3,Low,Hatchback,Petrol,1.57
16.4,62.3,15.8,High,Hatchback,Diesel,3.28
2.4,9.7,14.8,Severe,Motorcycle,Petrol,0.41
27.3,224.4,7.3,Severe,Sedan,Petrol,9.61
54.4,96.6,33.8,Moderate,Hatchback,Petrol,9.65
10.7,22.8,28.1,High,Sedan,Diesel,2.43
2.9,3.1,55.8,Low,SUV,Petrol,0.75
13.3,30.2,26.4,High,Hatchback,Petrol,2.69
14.3,25.9,33.1,Moderate,Sedan,Petrol,3.18
4.9,5.1,57.9,Low,Motorcycle,Petrol,0.46
10.1,13.4,45.3,Low,Motorcycle,Petrol,0.93
6.6,10.8,36.5,Moderate,Hatchback,Petrol,1.2
18.1,21,51.7,Low,Hatchback,Petrol,2.87
20.9,136.3,9.2,Severe,Hatchback,Petrol,5.84
29.5,34,52.1,Low,Motorcycle,Petrol,2.57
45.6,448.5,6.1,Severe,Motorcycle,Petrol,7.27
2.7,2.9,55.3,Low,SUV,Diesel,0.62
19.8,188.6,6.3,Severe,Hatchback,Petrol,5.59
9.9,81.4,7.3,Severe,Hatchback,Petrol,2.93
26.6,28.7,55.6,Low,Sedan,Diesel,4.75
6.4,9.9,38.8,Moderate,SUV,Petrol,1.86
11.9,19,37.6,Moderate,SUV,Petrol,3.72
14.5,64,13.6,Severe,Sedan,Petrol,4.91
11.2,17.7,38,Moderate,SUV,Petrol,3.24
12,13.6,52.8,Low,Sedan,Petrol,2.21
14.6,21.1,41.6,Moderate,Motorcycle,Petrol,1.44
4.6,17.9,15.4,High,Motorcycle,Petrol,0.61
13.5,13.6,59.7,Low,Motorcycle,Petrol,1.21
20.6,29.5,41.9,Moderate,Hatchback,Petrol,3.66
24.2,26.2,55.4,Low,Motorcycle,Petrol,2.17
15.1,21.9,41.3,Moderate,SUV,Diesel,3.81
8.7,41.8,12.5,Severe,Hatchback,Petrol,2.47
13.7,22.3,36.8,Moderate,Hatchback,Petrol,2.64
13.5,24,33.8,Moderate,Hatchback,Diesel,2.23
9.3,14.3,38.9,Moderate,Motorcycle,Petrol,0.95
33.5,62,32.4,Moderate,Motorcycle,Petrol,3.33
3.2,4.6,42.1,Moderate,Hatchback,Diesel,0.5
6.8,40.4,10.1,Severe,Sedan,Petrol,2.46
14.7,76,11.6,Severe,Hatchback,Petrol,4.42
6.6,16.9,23.4,High,Hatchback,Diesel,1.38
3,6,30.1,Moderate,SUV,Petrol,0.91
6.4,7,55,Low,SUV,Petrol,1.74
8.4,60.7,8.3,Severe,Hatchback,Petrol,2.46
2.5,16.3,9.2,Severe,SUV,Petrol,1.23
21.1,81.2,15.6,High,Motorcycle,Petrol,2.76
11,58.4,11.3,Severe,Hatchback,Petrol,3.31
20,31.3,38.4,Moderate,Sedan,Petrol,4.42
3.7,8.6,25.8,High,Hatchback,Diesel,0.67
36.6,53.3,41.2,Moderate,SUV,Petrol,10.08
13.9,38.1,21.9,High,Hatchback,Petrol,3.12
8.5,13.3,38.3,Moderate,Hatchback,Petrol,1.63
47.3,64.6,43.9,Moderate,Sedan,Diesel,8.89
29.5,112,15.8,High,Sedan,Diesel,7.1
15.5,56.7,16.4,High,Hatchback,Petrol,3.42
18.4,19.1,57.7,Low,Hatchback,Petrol,2.8
3.4,5.6,36.4,Moderate,Hatchback,Diesel,0.54
15.9,30.6,31.2,Moderate,Motorcycle,Petrol,1.6
16.7,91.1,11,Severe,Hatchback,Diesel,4.32
4.5,6.8,39.8,Moderate,Hatchback,Diesel,0.73
4.8,16.6,17.4,High,SUV,Petrol,1.84
8.3,12.9,38.7,Moderate,Sedan,Petrol,1.82
3.9,7.4,31.6,Moderate,Hatchback,Petrol,0.7
22.1,28.8,46,Low,Hatchback,Petrol,3.67
23.7,29.5,48.2,Low,Sedan,Diesel,4.05
8.6,29.5,17.5,High,Hatchback,Petrol,2.03
17.9,24.3,44.2,Moderate,Motorcycle,Petrol,1.7
5.5,16.5,20,High,Motorcycle,Petrol,0.68
2.4,3.7,38.6,Moderate,Hatchback,Petrol,0.44
2.2,5.4,24.4,High,Hatchback,Diesel,0.46
33.2,35.9,55.5,Low,Hatchback,Diesel,4.75
8.7,11,47.5,Low,Sedan,Diesel,1.54
6.2,8.9,42,Moderate,Hatchback,Petrol,1.09
14.4,25.2,34.3,Moderate,Motorcycle,Petrol,1.5
21.6,26.4,49.1,Low,Hatchback,Petrol,3.42
17.9,20.5,52.4,Low,SUV,Petrol,4.68
17.9,26.3,40.8,Moderate,Hatchback,Petrol,3.25
18.8,90.2,12.5,Severe,Hatchback,Diesel,4.82
10.6,13.1,48.4,Low,Hatchback,Diesel,1.52
10.1,22.3,27.2,High,Motorcycle,Petrol,1.24
13.6,18.6,43.8,Moderate,Hatchback,Diesel,2.17
58.4,153,22.9,High,Hatchback,Petrol,12.9
5.6,5.6,59.7,Low,Sedan,Petrol,1.06
45.8,46.8,58.7,Low,Hatchback,Diesel,6.55
2.3,2.4,56.4,Low,Hatchback,Petrol,0.38
12.3,22.9,32.2,Moderate,Sedan,Petrol,2.79
10.2,21.1,29,High,SUV,Petrol,3.62
26.4,27.6,57.3,Low,Hatchback,Petrol,4.21
8,12.7,37.9,Moderate,Hatchback,Diesel,1.26
12.8,43.9,17.5,High,Hatchback,Petrol,2.86
21.4,125.9,10.2,Severe,SUV,Petrol,10.47
4.2,10.4,24.2,High,Hatchback,Petrol,1.01
28.6,70.6,24.3,High,Sedan,Petrol,7.95
5,10.2,29.5,High,Sedan,Petrol,1.29
2.6,3.2,48.6,Low,Motorcycle,Petrol,0.24
14.9,21.3,42,Moderate,Sedan,Diesel,2.87
15.2,52.1,17.5,High,Motorcycle,Petrol,1.88
8.2,76.9,6.4,Severe,Hatchback,Petrol,2.45
7.1,14.6,29.2,High,Sedan,Petrol,1.86
7.6,30.2,15.1,High,Motorcycle,Petrol,1.02
6.5,27.9,14,Severe,SUV,Diesel,2.65
27.8,76.5,21.8,High,Sedan,Petrol,7.23
12.6,16.7,45.4,Low,Motorcycle,Petrol,1.17
7.4,44.4,10,Severe,Motorcycle,Petrol,1.17
16.3,63.1,15.5,High,SUV,Petrol,5.92
31.4,35,53.9,Low,Hatchback,Diesel,4.41
5.6,9.4,35.6,Moderate,SUV,Petrol,1.63
5.6,26.5,12.7,Severe,Hatchback,Petrol,1.62
33.7,60.7,33.3,Moderate,Sedan,Petrol,7.57
20.2,32.1,37.7,Moderate,Motorcycle,Petrol,2.03
18.3,24.1,45.5,Low,SUV,Diesel,3.87
3.1,27.8,6.7,Severe,Sedan,Diesel,0.98
15.7,42.1,22.4,High,SUV,Petrol,6.02
6.8,63.8,6.4,Severe,Hatchback,Petrol,2.04
14.2,84.4,10.1,Severe,SUV,Petrol,6.75
11.5,37.9,18.2,High,Sedan,Petrol,2.99
29.5,33.8,52.4,Low,Hatchback,Diesel,4.06
19.1,20.7,55.3,Low,SUV,Petrol,5.07
14.1,22.5,37.6,Moderate,Sedan,Petrol,3.19
5.7,11.3,30.3,Moderate,Hatchback,Diesel,0.88
43.5,50.4,51.8,Low,Sedan,Petrol,8.36
27.2,38.4,42.5,Moderate,Motorcycle,Petrol,2.63
6.4,6.5,59,Low,Hatchback,Petrol,0.98
27.8,60,27.8,High,Sedan,Diesel,5.93
11.1,18.2,36.6,Moderate,SUV,Petrol,3.33
3.6,13.5,16,High,Sedan,Petrol,0.95
9.7,14.2,41,Moderate,Hatchback,Diesel,1.45
3,13.7,13.1,Severe,Sedan,Petrol,1.03
4.1,27,9.1,Severe,Motorcycle,Petrol,0.69
8.5,12.8,39.7,Moderate,Hatchback,Petrol,1.51
15.3,27.1,33.9,Moderate,Hatchback,Diesel,2.58
11.1,52.4,12.7,Severe,Hatchback,Petrol,3.2
14,23.1,36.3,Moderate,Motorcycle,Petrol,1.45
25.5,44.6,34.3,Moderate,Sedan,Diesel,5.05
12.2,18.9,38.7,Moderate,Sedan,Petrol,2.64
10.7,25.2,25.5,High,Hatchback,Petrol,2.33
9.1,10.9,50.3,Low,SUV,Diesel,2.07
7.4,30,14.8,Severe,SUV,Petrol,3.4
48.1,74.2,38.9,Moderate,SUV,Petrol,14.86
15.8,23.2,40.9,Moderate,Hatchback,Petrol,2.87
9.4,9.5,59.2,Low,Hatchback,Petrol,1.46
6.2,19.3,19.3,High,Sedan,Petrol,1.69
5.8,9.3,37.4,Moderate,Hatchback,Petrol,1.07
49.3,69,42.9,Moderate,Hatchback,Diesel,7.54
3.3,5.5,36,Moderate,Hatchback,Diesel,0.52
14.8,19.1,46.4,Low,Motorcycle,Petrol,1.34
24.3,36.7,39.7,Moderate,Sedan,Petrol,5.18
24.1,32,45.2,Low,Hatchback,Diesel,3.53
58.5,183.8,19.1,High,Motorcycle,Petrol,7.91
2.3,3.1,44.4,Moderate,Hatchback,Petrol,0.39
11.8,13,54.3,Low,Sedan,Petrol,2.22
13.2,14.6,54.4,Low,Sedan,Petrol,2.41
19.8,75.2,15.8,High,Sedan,Petrol,5.2
17.6,32.2,32.8,Moderate,Sedan,Petrol,4.02
10.7,21.3,30.1,Moderate,Hatchback,Petrol,1.97
14.2,35.5,24,High,Sedan,Petrol,3.78
8.1,13,37.5,Moderate,Hatchback,Diesel,1.27
10.4,12.3,50.9,Low,Hatchback,Petrol,1.64
6.9,27.8,14.9,Severe,Sedan,Diesel,2.12
55.5,55.7,59.8,Low,Hatchback,Petrol,8.46
12.4,23.5,31.7,Moderate,Hatchback,Diesel,2.09
8.7,28.1,18.6,High,Motorcycle,Petrol,1.13
11.4,16.1,42.6,Moderate,Hatchback,Petrol,1.94
7.4,27.4,16.2,High,Sedan,Petrol,2.1
10.6,19,33.4,Moderate,Hatchback,Petrol,2.04
12.1,62.6,11.6,Severe,Hatchback,Diesel,3.11
5,27.5,10.9,Severe,Hatchback,Petrol,1.5
3.1,23.5,7.9,Severe,Sedan,Petrol,1.04
4.4,6.7,39.5,Moderate,Hatchback,Diesel,0.72
3.1,9.3,20,High,Hatchback,Diesel,0.65
27.9,49.1,34.1,Moderate,Motorcycle,Petrol,2.99
7,15.6,27,High,SUV,Diesel,2.02
8,16.5,29.1,High,Hatchback,Diesel,1.49
8.5,9.9,51.6,Low,Hatchback,Diesel,1.19
6.1,11.4,32.2,Moderate,SUV,Petrol,1.83
6.4,14.1,27.3,High,Sedan,Petrol,1.58
4.9,5,59.1,Low,Hatchback,Diesel,0.69
7.9,7.9,59.9,Low,Motorcycle,Petrol,0.71
3.2,5.9,32.5,Moderate,Hatchback,Diesel,0.5
5.9,7.9,44.8,Moderate,Sedan,Petrol,1.27
6.3,6.4,59.5,Low,Hatchback,Diesel,0.85
25.8,48.1,32.2,Moderate,Motorcycle,Petrol,2.62
30.4,84.1,21.7,High,Hatchback,Petrol,6.89
8.9,9.8,54.3,Low,Hatchback,Petrol,1.48
12.3,22.7,32.5,Moderate,Sedan,Diesel,2.38
4.7,8.9,31.7,Moderate,SUV,Diesel,1.16
2.6,4.7,32.9,Moderate,SUV,Petrol,0.79
11.3,11.5,59.1,Low,Hatchback,Diesel,1.66
29.5,113.5,15.6,High,SUV,Petrol,11.17
28.3,80.1,21.2,High,Hatchback,Diesel,5.42
14.1,19.1,44.4,Moderate,Sedan,Petrol,2.97
18.5,30.5,36.4,Moderate,Motorcycle,Petrol,1.94
17.6,23.8,44.4,Moderate,Hatchback,Petrol,3.13
15.8,22.1,42.9,Moderate,Hatchback,Diesel,2.37
25.5,27.4,55.8,Low,Sedan,Diesel,4.44
7.5,8.1,55.5,Low,Hatchback,Petrol,1.25
5.2,9.5,33,Moderate,Hatchback,Petrol,1
34.5,44.5,46.5,Low,Sedan,Petrol,6.81
19.8,26.5,44.9,Moderate,Hatchback,Diesel,3.13
33.9,84.4,24.1,High,Hatchback,Petrol,8.01
28.9,47.5,36.5,Moderate,Hatchback,Petrol,5.08
12,15.8,45.6,Low,Hatchback,Petrol,1.97
18.6,38.9,28.7,High,Hatchback,Diesel,3.34
11.2,43.9,15.3,High,Hatchback,Petrol,2.58
12.2,30.1,24.3,High,Hatchback,Diesel,2.51
9,29,18.6,High,Sedan,Petrol,2.52
9.8,90.5,6.5,Severe,Motorcycle,Petrol,1.61
12.1,23.4,31,Moderate,SUV,Diesel,2.95
4.9,5,58.7,Low,Motorcycle,Petrol,0.46
18.1,29.2,37.2,Moderate,Hatchback,Diesel,2.97
15.8,32.4,29.3,High,SUV,Petrol,5.61
12.4,135.3,5.5,Severe,Motorcycle,Petrol,1.99
7.8,18.3,25.6,High,Hatchback,Petrol,1.59
8.5,11,46.2,Low,Motorcycle,Petrol,0.76
16.4,26.5,37.2,Moderate,Hatchback,Petrol,2.95
8.2,56.6,8.7,Severe,Sedan,Petrol,2.77
23.9,38.3,37.4,Moderate,Motorcycle,Petrol,2.56
12.9,18.1,42.8,Moderate,Motorcycle,Petrol,1.21
45,71.6,37.7,Moderate,Motorcycle,Petrol,4.81
12.2,14,52.3,Low,Sedan,Petrol,2.41
5,8.9,33.6,Moderate,Hatchback,Petrol,0.95
3.7,5.8,38.4,Moderate,Hatchback,Petrol,0.67
6.2,6.8,55.1,Low,Motorcycle,Petrol,0.54
56.8,405.7,8.4,Severe,Sedan,Petrol,20.5
3,6.3,28.6,High,Hatchback,Petrol,0.6
7.1,66.6,6.4,Severe,Motorcycle,Petrol,1.14
31.8,87.5,21.8,High,Hatchback,Diesel,6.15
13.6,16.7,48.9,Low,Hatchback,Petrol,2.19
6.9,14.3,29,High,Motorcycle,Petrol,0.83
12.5,13.9,54.1,Low,Hatchback,Petrol,2
11.5,27.6,25,High,SUV,Petrol,4.02
7,7.3,57.4,Low,Sedan,Diesel,1.22
3.2,4.6,42,Moderate,SUV,Diesel,0.81
7.5,12.4,36.4,Moderate,SUV,Petrol,2.35
7.4,28.5,15.6,High,Sedan,Petrol,2.09
13,29.7,26.3,High,Motorcycle,Petrol,1.54
4.3,7.2,35.7,Moderate,Hatchback,Diesel,0.71
36,41.2,52.4,Low,Hatchback,Petrol,6.01
34.6,91.1,22.8,High,Hatchback,Petrol,7.77
20.7,30.1,41.2,Moderate,Hatchback,Diesel,3.08
16.4,75.1,13.1,Severe,SUV,Petrol,7.96
15.5,34.3,27.1,High,Hatchback,Diesel,2.72
3.5,3.7,56.9,Low,Sedan,Diesel,0.61
11.3,13.5,50.4,Low,Hatchback,Petrol,1.82
6.6,11.3,35.1,Moderate,Motorcycle,Petrol,0.68
3,3.5,50.8,Low,Hatchback,Petrol,0.47
10.5,14.5,43.4,Moderate,Hatchback,Diesel,1.61
18,92.3,11.7,Severe,Motorcycle,Petrol,3
5.2,5.2,59.9,Low,Hatchback,Diesel,0.76
27.2,39,41.8,Moderate,Hatchback,Petrol,4.72
5.6,26.9,12.5,Severe,Sedan,Petrol,1.84
13.4,143.6,5.6,Severe,Sedan,Petrol,4.54
12.4,17.3,42.9,Moderate,Hatchback,Petrol,2.14
7.2,7.3,59.1,Low,Hatchback,Petrol,1.14
5.9,11.1,31.9,Moderate,SUV,Petrol,1.69
3.9,5.5,42.4,Moderate,Hatchback,Petrol,0.71
14.4,22.1,39.1,Moderate,Hatchback,Petrol,2.64
4.7,10.8,26.1,High,Sedan,Petrol,1.23
41.7,156.4,16,High,SUV,Petrol,15.77
6.5,16.7,23.4,High,Hatchback,Diesel,1.26
9.3,16.1,34.6,Moderate,SUV,Petrol,2.73
7.1,18.7,22.8,High,Motorcycle,Petrol,0.88
3.9,7.7,30.2,Moderate,Sedan,Diesel,0.76
57.8,108.7,31.9,Moderate,Motorcycle,Petrol,6.23
3.6,5.2,41.9,Moderate,Sedan,Petrol,0.73
8.1,14.3,34,Moderate,Hatchback,Petrol,1.48
12.7,59.1,12.9,Severe,Motorcycle,Petrol,2.1
2.9,15.7,11.1,Severe,Hatchback,Petrol,0.85
5.9,18.8,18.8,High,Hatchback,Diesel,1.23
35.7,38.3,56,Low,Sedan,Diesel,5.85
2.5,2.7,55.4,Low,Sedan,Petrol,0.46
28.8,108,16,High,Sedan,Diesel,7.03
18.2,19.3,56.7,Low,Hatchback,Diesel,2.43
30.2,74.6,24.3,High,Motorcycle,Petrol,4.01
8.4,12.7,39.8,Moderate,SUV,Petrol,2.4
5.2,6.1,51.5,Low,Hatchback,Petrol,0.84
8.8,9.3,56.9,Low,Motorcycle,Petrol,0.79
11.8,54.9,12.9,Severe,SUV,Petrol,5.79
33.8,90.1,22.5,High,Hatchback,Petrol,7.65
5.4,8.3,39.1,Moderate,Motorcycle,Petrol,0.56
12.7,17.5,43.6,Moderate,SUV,Diesel,3.17
16.5,104.2,9.5,Severe,SUV,Petrol,7.73
2.8,3.5,47.7,Low,Hatchback,Diesel,0.39
27.6,27.6,60,Low,Motorcycle,Petrol,2.52
11.7,26.5,26.5,High,Hatchback,Diesel,2.26
4,4.6,52.7,Low,SUV,Petrol,1.02
21.9,113.3,11.6,Severe,Sedan,Petrol,7.27
23.3,172.6,8.1,Severe,Hatchback,Petrol,6.47
24.7,62.5,23.7,High,Sedan,Diesel,6.23
7,17.8,23.6,High,Sedan,Petrol,1.94
8.3,28.3,17.6,High,Hatchback,Petrol,1.97
18.7,27.1,41.4,Moderate,Hatchback,Petrol,3.24
19.3,46.3,25,High,Sedan,Petrol,4.91
24.1,28,51.6,Low,Sedan,Petrol,4.79
14.1,23.1,36.6,Moderate,Hatchback,Petrol,2.52
21.5,34.6,37.3,Moderate,Motorcycle,Petrol,2.22
31.2,58.1,32.2,Moderate,Sedan,Diesel,5.85
3.4,6.7,30.3,Moderate,SUV,Petrol,0.97
23.6,26.8,52.8,Low,SUV,Petrol,6.05
17.2,32,32.3,Moderate,Sedan,Diesel,3.42
5.4,13.2,24.6,High,SUV,Petrol,2.1
9.8,106.9,5.5,Severe,Hatchback,Diesel,2.49
5.6,15.5,21.7,High,Hatchback,Petrol,1.3
9,21.2,25.5,High,Sedan,Petrol,2.32
15.9,19.4,49.2,Low,SUV,Petrol,4.29
15.8,28.2,33.6,Moderate,Motorcycle,Petrol,1.7
12.7,13,58.6,Low,Hatchback,Diesel,1.79
16.3,27,36.2,Moderate,Hatchback,Petrol,3
10.9,12.2,53.6,Low,Hatchback,Diesel,1.52
9.3,16,34.8,Moderate,SUV,Diesel,2.46
19.9,36.7,32.5,Moderate,Hatchback,Petrol,3.73
18.1,21.4,50.8,Low,Sedan,Diesel,3.19
34.1,110.6,18.5,High,Sedan,Diesel,8.06
32,32.5,59.1,Low,Hatchback,Diesel,4.31
17,17.3,58.9,Low,Hatchback,Petrol,2.75
8.9,11.9,44.8,Moderate,SUV,Petrol,2.66
7.5,9.4,47.9,Low,Hatchback,Petrol,1.19
21.3,77.9,16.4,High,Hatchback,Diesel,4.38
28.7,44,39.1,Moderate,Sedan,Diesel,5.48
13.2,23.2,34.1,Moderate,Hatchback,Diesel,2.16
8.6,20,25.8,High,Hatchback,Petrol,1.8
5.7,11.6,29.6,High,Hatchback,Diesel,1.08
13.3,29.1,27.4,High,SUV,Diesel,3.95
18.8,27.1,41.6,Moderate,Sedan,Petrol,3.85
24.5,35.3,41.6,Moderate,Hatchback,Petrol,4.25
2.5,3.2,47,Low,Sedan,Petrol,0.48
13.1,81,9.7,Severe,Sedan,Petrol,4.52
39.4,73.9,32,Moderate,Hatchback,Petrol,7.06
15,24.5,36.8,Moderate,Hatchback,Diesel,2.48
7.2,20.3,21.3,High,Motorcycle,Petrol,0.91
11.7,34.4,20.4,High,Hatchback,Diesel,2.44
8.5,29.7,17.2,High,Hatchback,Diesel,1.66
53.4,262.6,12.2,Severe,Hatchback,Diesel,13.88
6.9,7.4,56.2,Low,Hatchback,Petrol,1.05
30.1,57,31.7,Moderate,SUV,Diesel,7.72
6.5,7.6,51.6,Low,Sedan,Diesel,1.12
28.5,244.3,7,Severe,Hatchback,Petrol,7.93
7.7,16.7,27.6,High,Sedan,Diesel,1.66
2.5,6.3,23.7,High,Sedan,Diesel,0.62
17.7,33.1,32.1,Moderate,Motorcycle,Petrol,1.8
26.6,53.2,30,Moderate,Motorcycle,Petrol,2.67
31,48.6,38.3,Moderate,Hatchback,Petrol,5.83
6.8,7.1,57.1,Low,Sedan,Petrol,1.26
24.4,33.1,44.2,Moderate,Hatchback,Diesel,3.92
9.8,14.4,40.9,Moderate,Hatchback,Petrol,1.79
7.8,8.8,53.4,Low,Sedan,Petrol,1.53
24.7,44.8,33.1,Moderate,Motorcycle,Petrol,2.47
19.3,22.6,51.3,Low,Hatchback,Diesel,2.83
16.2,19.7,49.4,Low,Sedan,Diesel,2.88
9.4,16.3,34.5,Moderate,Sedan,Petrol,2.12
32.3,116.7,16.6,High,Sedan,Petrol,8.81
14.9,58.4,15.3,High,SUV,Petrol,5.47
11.6,22,31.6,Moderate,Hatchback,Diesel,1.87
14.7,48.7,18.1,High,SUV,Petrol,5.77
2.3,2.4,58.1,Low,Hatchback,Petrol,0.36
5.1,10.3,29.7,High,Sedan,Diesel,1.19
26.8,57.4,28,High,SUV,Diesel,7.52
19.9,28.4,42,Moderate,SUV,Diesel,4.8
5.5,35.5,9.3,Severe,Motorcycle,Petrol,0.89
3.4,6.5,31.4,Moderate,Hatchback,Petrol,0.63
7.5,14.7,30.6,Moderate,Sedan,Diesel,1.54
35,45.6,46.1,Low,SUV,Petrol,9.38
7,10.6,39.8,Moderate,Hatchback,Diesel,1.16
11.1,20.1,33.1,Moderate,Hatchback,Petrol,1.98
22.2,36.8,36.2,Moderate,Hatchback,Petrol,4.24
4.4,5.9,44.7,Moderate,Hatchback,Petrol,0.74
15.1,26.9,33.7,Moderate,Hatchback,Petrol,2.82
32.5,61.9,31.5,Moderate,SUV,Petrol,9.9
53.6,54.3,59.2,Low,Motorcycle,Petrol,4.82
19.7,23.5,50.4,Low,Sedan,Petrol,3.92
10.8,15.8,40.9,Moderate,Sedan,Petrol,2.24
22.4,43.1,31.2,Moderate,SUV,Diesel,5.63
49.7,63.4,47,Low,SUV,Petrol,12.68
13.5,30,27,High,SUV,Diesel,3.87
14.7,133.6,6.6,Severe,SUV,Diesel,6.15
7.3,20.3,21.6,High,Hatchback,Petrol,1.62
7.3,11.2,39.2,Moderate,Hatchback,Petrol,1.42
17,48.3,21.1,High,SUV,Petrol,6.31
17.1,45,22.8,High,Hatchback,Petrol,3.84
40.7,116.3,21,High,Hatchback,Diesel,8.37
18.6,22.5,49.6,Low,Hatchback,Diesel,2.57
6.8,7.4,54.9,Low,SUV,Petrol,1.78
5.4,8.3,38.9,Moderate,SUV,Diesel,1.44
18.4,64.2,17.2,High,Hatchback,Petrol,4.16
7.9,26.2,18.1,High,Motorcycle,Petrol,1.04
3.3,4.6,43.5,Moderate,Motorcycle,Petrol,0.34
2.4,14.1,10.2,Severe,Motorcycle,Petrol,0.4
19.8,51.9,22.9,High,SUV,Petrol,7.14
14.7,56.5,15.6,High,Hatchback,Petrol,3.46
9.5,10.8,52.9,Low,Sedan,Petrol,1.74
16.3,28.7,34.1,Moderate,Hatchback,Diesel,2.68
25.5,70.2,21.8,High,Sedan,Petrol,6.83
4,13.6,17.7,High,Hatchback,Diesel,0.81
8.8,33.2,15.9,High,Hatchback,Petrol,2
10.8,53.6,12.1,Severe,SUV,Petrol,5.16
11.5,23.3,29.6,High,Motorcycle,Petrol,1.35
29.3,54.9,32,Moderate,Hatchback,Petrol,5.53
18.9,37.9,29.9,High,Hatchback,Petrol,4.04
6.9,48.1,8.6,Severe,SUV,Diesel,2.72
6.9,14,29.5,High,Motorcycle,Petrol,0.83
23.3,60.5,23.1,High,SUV,Petrol,9.13
3.4,5.6,36.4,Moderate,Hatchback,Petrol,0.62
10.7,18.7,34.4,Moderate,Hatchback,Diesel,1.65
2.4,22.5,6.4,Severe,SUV,Diesel,0.98
7.6,27.6,16.5,High,Hatchback,Petrol,1.7
2.7,2.9,55.6,Low,Hatchback,Diesel,0.38
9.6,18,32,Moderate,Motorcycle,Petrol,0.96
26.2,53.7,29.3,High,Hatchback,Petrol,5.41
8.1,17.6,27.6,High,SUV,Petrol,2.67
18,18.8,57.5,Low,SUV,Petrol,4.46
3.2,6.1,31.3,Moderate,Motorcycle,Petrol,0.33
17.2,23.5,43.9,Moderate,Sedan,Diesel,3.26
2.4,22.5,6.4,Severe,Sedan,Petrol,0.81
9.5,9.6,59.2,Low,Sedan,Diesel,1.57
13.2,22.6,35,Moderate,Motorcycle,Petrol,1.44
19.6,45.2,26,High,Hatchback,Diesel,3.73
18.2,34.6,31.6,Moderate,Hatchback,Petrol,3.28
19.5,31.1,37.6,Moderate,Hatchback,Petrol,3.52
17.6,88,12,Severe,SUV,Diesel,7.32
8.6,37.9,13.6,Severe,Hatchback,Diesel,2.18
25.2,27.2,55.5,Low,Hatchback,Diesel,3.66
16.2,16.5,59,Low,Sedan,Diesel,2.73
16,24.5,39.2,Moderate,Hatchback,Diesel,2.65
29.6,35,50.7,Low,Hatchback,Petrol,4.93
6,12.9,27.8,High,SUV,Petrol,1.98
5.4,14.3,22.7,High,Hatchback,Petrol,1.27
16.8,32.1,31.4,Moderate,Hatchback,Diesel,2.69
39.7,105.9,22.5,High,Hatchback,Petrol,9.59
17.4,47.9,21.8,High,SUV,Petrol,6.63
53.3,100.6,31.8,Moderate,SUV,Diesel,12.91
7,48.8,8.6,Severe,Hatchback,Petrol,1.95
32.6,115.1,17,High,SUV,Diesel,9.85
8.8,10.2,52,Low,Hatchback,Petrol,1.46
5.3,34.6,9.2,Severe,Sedan,Petrol,1.85
26.7,27.1,59.1,Low,Hatchback,Petrol,4.48
19.5,21.4,54.8,Low,Motorcycle,Petrol,1.78
3.4,4.6,44.8,Moderate,Hatchback,Petrol,0.62
9.5,12.7,44.8,Moderate,SUV,Petrol,2.8
2.4,3.7,39.4,Moderate,Hatchback,Petrol,0.45
6.3,12.8,29.5,High,Sedan,Petrol,1.59
7,11.8,35.6,Moderate,Sedan,Petrol,1.55
6.5,15.4,25.3,High,Hatchback,Petrol,1.32
29.8,244.9,7.3,Severe,Motorcycle,Petrol,4.66
4.9,8.6,34,Moderate,Hatchback,Petrol,0.95
8.7,15.6,33.4,Moderate,Motorcycle,Petrol,0.89
7.8,13.2,35.5,Moderate,Hatchback,Petrol,1.49
14.6,21.2,41.4,Moderate,Motorcycle,Petrol,1.41
10.4,15.8,39.5,Moderate,Motorcycle,Petrol,1.04
21.1,39.8,31.8,Moderate,Hatchback,Petrol,4.07
7.7,15.8,29.2,High,SUV,Petrol,2.53
17.9,27.3,39.4,Moderate,SUV,Diesel,4.72
6.6,10.7,37.1,Moderate,Motorcycle,Petrol,0.69
3.9,4.8,48.6,Low,SUV,Petrol,1.04
17.7,19.7,53.9,Low,Hatchback,Petrol,2.88
13.6,41.8,19.5,High,Hatchback,Diesel,2.73
12.5,14.9,50.5,Low,Hatchback,Diesel,1.67
3.6,3.8,56.6,Low,Motorcycle,Petrol,0.32
3.5,25.9,8.1,Severe,SUV,Petrol,1.59
11,19.5,33.8,Moderate,Hatchback,Petrol,1.96
2.6,5.3,29.6,High,Hatchback,Petrol,0.52
7.4,11.4,39.1,Moderate,SUV,Petrol,2.3
50.9,154.2,19.8,High,Sedan,Diesel,12.77
19.1,27.2,42.1,Moderate,Motorcycle,Petrol,1.93
33,128.6,15.4,High,Sedan,Petrol,8.77
7.9,9.1,52.1,Low,Hatchback,Petrol,1.21
29.7,59.6,29.9,High,Motorcycle,Petrol,3.43
10.6,15.8,40.3,Moderate,Hatchback,Petrol,1.95
3.3,10.2,19.5,High,Motorcycle,Petrol,0.42
4.4,6.6,40.3,Moderate,SUV,Diesel,1.11
6.6,10.6,37.2,Moderate,SUV,Diesel,1.69
9.2,11.1,49.8,Low,SUV,Petrol,2.34
7.1,26.8,15.9,High,Hatchback,Petrol,1.68
4.9,7.3,40.1,Moderate,Hatchback,Petrol,0.85
13.6,21.4,38.1,Moderate,Hatchback,Petrol,2.41
29.5,40.5,43.7,Moderate,Hatchback,Petrol,5.17
24.1,71.6,20.2,High,Motorcycle,Petrol,3.14
6.9,24.9,16.6,High,SUV,Diesel,2.09
32.1,112,17.2,High,SUV,Petrol,11.62
31.5,32.1,58.8,Low,SUV,Diesel,7.2
4.9,5.2,56.9,Low,Sedan,Diesel,0.8
8.3,21.8,22.8,High,SUV,Petrol,2.98
9.5,10.9,52.5,Low,Hatchback,Petrol,1.51
31.4,81.2,23.2,High,SUV,Petrol,12.2
6.2,6.6,56.7,Low,Motorcycle,Petrol,0.58
20.9,137.8,9.1,Severe,Hatchback,Diesel,5.08
29.3,199.8,8.8,Severe,Hatchback,Diesel,7.64
34.6,49.9,41.6,Moderate,Sedan,Petrol,7.36
4.9,27.7,10.6,Severe,Motorcycle,Petrol,0.76
6.5,10.5,37,Moderate,Hatchback,Petrol,1.21
7.3,27.5,15.9,High,Sedan,Petrol,1.98
3.5,38.9,5.4,Severe,Sedan,Petrol,1.16
57.2,112.5,30.5,Moderate,Hatchback,Petrol,10.08
24.3,33.1,44.1,Moderate,Sedan,Petrol,4.9
4.5,6.9,39.3,Moderate,Motorcycle,Petrol,0.47
27.6,41.5,39.9,Moderate,Sedan,Petrol,6.36
5.2,7.7,40.4,Moderate,Sedan,Diesel,0.99
33.3,92.5,21.6,High,SUV,Diesel,10.87
10.4,14.4,43.2,Moderate,SUV,Petrol,3
5.2,10.2,30.5,Moderate,Hatchback,Diesel,0.84
3.4,10.7,19.1,High,Motorcycle,Petrol,0.45
33.9,66.3,30.7,Moderate,Hatchback,Petrol,6.18
4.5,5.1,53.1,Low,Sedan,Petrol,0.89
6.6,12.5,31.8,Moderate,Sedan,Petrol,1.49
6.6,8.9,44.7,Moderate,Motorcycle,Petrol,0.67
11.9,13.2,54,Low,Hatchback,Diesel,1.71
8.7,61.4,8.5,Severe,Hatchback,Petrol,2.58
10.7,10.8,59.5,Low,Hatchback,Petrol,1.68
31.4,35.4,53.2,Low,SUV,Petrol,7.92
18.7,23.6,47.6,Low,Motorcycle,Petrol,1.68
59,81.8,43.3,Moderate,Hatchback,Petrol,10.77
12.1,23.7,30.6,Moderate,SUV,Petrol,3.64
7.9,10.6,44.7,Moderate,Hatchback,Petrol,1.32
16.2,28.9,33.6,Moderate,Hatchback,Petrol,3.04
26.6,312.9,5.1,Severe,Motorcycle,Petrol,4.14
17.1,23.2,44.3,Moderate,Sedan,Petrol,3.4
16.7,49.6,20.2,High,SUV,Petrol,6.29
24.1,39.4,36.7,Moderate,Hatchback,Petrol,4.34
28.2,51.1,33.1,Moderate,Motorcycle,Petrol,2.87
20.9,130.6,9.6,Severe,SUV,Petrol,9.8
23.9,27.9,51.4,Low,Motorcycle,Petrol,2.11
16.1,29,33.3,Moderate,Sedan,Petrol,3.41
7,10.6,39.6,Moderate,Sedan,Diesel,1.36
23.6,137.5,10.3,Severe,Motorcycle,Petrol,3.75
3.4,4.2,48.5,Low,Hatchback,Diesel,0.47
10.6,25.5,24.9,High,Hatchback,Petrol,2.4
2.4,4.1,35.5,Moderate,Motorcycle,Petrol,0.24
4.8,11.7,24.6,High,Motorcycle,Petrol,0.65
18.7,62.7,17.9,High,SUV,Diesel,5.71
7.8,65.9,7.1,Severe,Sedan,Diesel,2.34
18.4,32.6,33.9,Moderate,SUV,Petrol,5.65
7,10,42.1,Moderate,Sedan,Petrol,1.49
22.5,23.5,57.4,Low,SUV,Diesel,5.11
7.7,18.3,25.2,High,SUV,Petrol,2.73
2.7,11.9,13.6,Severe,SUV,Petrol,1.34
55.2,209.6,15.8,High,Sedan,Petrol,15.03
19.4,21,55.4,Low,Sedan,Petrol,3.55
5,6.4,47.2,Low,SUV,Diesel,1.05
15,17.7,50.8,Low,SUV,Diesel,3.45
13.6,22.3,36.6,Moderate,Hatchback,Petrol,2.4
3,5.2,34.7,Moderate,SUV,Petrol,0.87
25.7,26.7,57.8,Low,Motorcycle,Petrol,2.42
13.9,23.8,35.1,Moderate,Sedan,Petrol,3.11
2.5,3.1,49.1,Low,Hatchback,Petrol,0.42
5.3,8.6,37,Moderate,Sedan,Petrol,1.16
18.1,40.1,27.1,High,Hatchback,Petrol,3.9
30.7,196,9.4,Severe,Hatchback,Petrol,9.19
4.4,4.8,55.4,Low,Hatchback,Petrol,0.68
15,35.7,25.2,High,Hatchback,Petrol,3.23
3.1,4.7,39.3,Moderate,Motorcycle,Petrol,0.33
11.2,14.5,46.5,Low,Hatchback,Petrol,1.87
9.5,34.3,16.6,High,Motorcycle,Petrol,1.28
3,3.3,53.9,Low,SUV,Petrol,0.79
8.3,18.7,26.7,High,Hatchback,Petrol,1.73
14.7,26.8,32.9,Moderate,Sedan,Petrol,3.21
6.8,9.6,42.6,Moderate,Sedan,Petrol,1.41
15.4,20.6,44.8,Moderate,Sedan,Petrol,3.09
4.3,7.2,35.6,Moderate,Hatchback,Petrol,0.78
5.1,5.8,53,Low,Sedan,Petrol,0.97
10,23.5,25.5,High,Sedan,Petrol,2.42
6.8,13.5,30.3,Moderate,Hatchback,Petrol,1.2
25.2,26.8,56.5,Low,Sedan,Petrol,4.86
34.6,62.7,33.1,Moderate,Sedan,Petrol,7.58
3.3,4.5,44.2,Moderate,Motorcycle,Petrol,0.33
30.5,49.3,37.1,Moderate,SUV,Petrol,8.88
15.7,34.1,27.6,High,Hatchback,Petrol,3.39
8.9,14.5,36.9,Moderate,SUV,Petrol,2.56
9.4,27.8,20.3,High,Sedan,Petrol,2.54
53.9,114.7,28.2,High,Sedan,Petrol,13.69
27.1,32.6,49.9,Low,SUV,Petrol,6.8
19.5,75,15.6,High,Motorcycle,Petrol,2.58
5.8,12.8,27.1,High,Hatchback,Diesel,1.11
16.9,26.5,38.2,Moderate,Sedan,Diesel,3.17
12.7,18.7,40.7,Moderate,Motorcycle,Petrol,1.3
2.8,4.6,36.2,Moderate,SUV,Petrol,0.86
7.2,13.8,31.2,Moderate,Hatchback,Petrol,1.26
11.5,22.4,30.8,Moderate,Sedan,Diesel,2.24
9.7,22,26.5,High,Hatchback,Petrol,2.13
9.4,23.8,23.7,High,SUV,Petrol,3.43
2.5,2.8,53.9,Low,Motorcycle,Petrol,0.22
4.8,14.4,20,High,Sedan,Diesel,1.22
7.3,9.2,47.4,Low,Motorcycle,Petrol,0.62
26.3,45.5,34.7,Moderate,Motorcycle,Petrol,2.61
10.2,31.9,19.2,High,Sedan,Petrol,2.79
7.3,19.8,22.1,High,Motorcycle,Petrol,0.95
4.8,16.4,17.6,High,Hatchback,Petrol,1.08
21.9,56.6,23.2,High,Hatchback,Diesel,4.21
5.9,29.7,11.9,Severe,Motorcycle,Petrol,0.97
15.9,28.7,33.2,Moderate,SUV,Diesel,4.13
11.9,24.5,29.1,High,Sedan,Diesel,2.56
10.6,16.9,37.6,Moderate,SUV,Diesel,2.71
17.8,27.2,39.2,Moderate,Motorcycle,Petrol,1.77
2.9,9.5,18.3,High,Hatchback,Petrol,0.64
20.8,38.9,32.1,Moderate,SUV,Petrol,5.95
8.9,20.2,26.4,High,SUV,Diesel,2.68
16.2,21.8,44.5,Moderate,Hatchback,Diesel,2.49
12.3,46.4,15.9,High,SUV,Petrol,4.65
28.8,42.8,40.4,Moderate,Sedan,Petrol,5.89
10.1,73,8.3,Severe,Hatchback,Petrol,2.86
8.8,24.1,21.9,High,Hatchback,Petrol,2
12.8,24.9,30.9,Moderate,SUV,Petrol,3.89
58.2,78.3,44.6,Moderate,Hatchback,Petrol,10.03
14.4,21.9,39.5,Moderate,Sedan,Diesel,2.85
2.2,3.6,36.7,Moderate,Hatchback,Petrol,0.39
45.7,55.8,49.1,Low,Hatchback,Diesel,6.55
14.7,40.5,21.8,High,Motorcycle,Petrol,1.93
2.2,2.8,47.6,Low,SUV,Diesel,0.51
8.9,61.4,8.7,Severe,Sedan,Petrol,3.08
3,3.7,48.3,Low,SUV,Petrol,0.79
21,29.3,43,Moderate,Motorcycle,Petrol,1.98
10.8,32.7,19.8,High,Motorcycle,Petrol,1.35
9.4,13.7,41.1,Moderate,Motorcycle,Petrol,0.94
8.4,21.4,23.5,High,Sedan,Diesel,2.08
43.7,133.8,19.6,High,Hatchback,Petrol,10.39
19,42.1,27.1,High,Hatchback,Diesel,3.34
7.8,11.2,41.8,Moderate,Hatchback,Petrol,1.35
28.8,33.2,52,Low,SUV,Petrol,7.74
32.6,75.2,26,High,Sedan,Petrol,8.31
10.8,23.5,27.6,High,SUV,Diesel,3.11
9,14.5,37.2,Moderate,Motorcycle,Petrol,0.9
5.3,22.1,14.4,Severe,Motorcycle,Petrol,0.83
37.8,68.9,32.9,Moderate,Motorcycle,Petrol,4.06
2.8,5.4,31.4,Moderate,SUV,Petrol,0.85
3.5,5.3,39.6,Moderate,Hatchback,Petrol,0.62
7.6,10.3,44.4,Moderate,SUV,Petrol,2.2
4.5,8.9,30.3,Moderate,Hatchback,Petrol,0.83
12.2,41.6,17.6,High,Sedan,Diesel,2.86
5.7,9.7,35.1,Moderate,Hatchback,Petrol,1.09
7.2,28.1,15.4,High,Sedan,Petrol,1.94
3.3,4.7,42.5,Moderate,Sedan,Petrol,0.72
18.2,28.9,37.8,Moderate,Motorcycle,Petrol,1.85
36.2,42.5,51.1,Low,Hatchback,Petrol,5.83
7.8,20.4,22.9,High,Motorcycle,Petrol,1.03
18.9,36.6,31,Moderate,Sedan,Petrol,4.19
5,9.9,30.3,Moderate,Sedan,Diesel,1.02
5.9,12.3,28.8,High,Hatchback,Petrol,1.19
19.6,31.1,37.8,Moderate,Sedan,Petrol,4.4
6.6,12,32.9,Moderate,Sedan,Petrol,1.41
4.1,6.2,39.4,Moderate,Hatchback,Petrol,0.73
12.8,49.5,15.5,High,Sedan,Diesel,3.25
32.7,55.4,35.4,Moderate,Hatchback,Petrol,6.18
16.1,32.1,30.1,Moderate,Hatchback,Petrol,2.99
48.3,241.5,12,Severe,Sedan,Petrol,16.31
9.7,13.5,43.1,Moderate,Hatchback,Petrol,1.71
18.8,21.5,52.4,Low,Hatchback,Diesel,2.55
2.7,7.1,22.8,High,Hatchback,Petrol,0.64
7.7,15,30.8,Moderate,SUV,Petrol,2.39
3.1,3.3,56.5,Low,Hatchback,Diesel,0.45
57,80.1,42.7,Moderate,Hatchback,Petrol,10.36
13.4,23.2,34.6,Moderate,Hatchback,Petrol,2.51
19.6,57.9,20.3,High,Hatchback,Diesel,3.84
9.3,29.7,18.8,High,Hatchback,Petrol,2.04
29.6,52.5,33.8,Moderate,Hatchback,Petrol,5.27
11.9,41.8,17.1,High,Hatchback,Diesel,2.33
18.9,23.4,48.4,Low,Sedan,Diesel,3.1
15.3,34.1,26.9,High,SUV,Diesel,4.52
7.1,8.3,51.4,Low,SUV,Petrol,1.91
9,26,20.8,High,Sedan,Diesel,2.2
14.6,18.6,47.1,Low,Sedan,Petrol,2.81
19.2,67,17.2,High,Sedan,Petrol,5.5
27.1,71.6,22.7,High,SUV,Petrol,10.35
12.2,33.9,21.6,High,SUV,Diesel,3.74
9.3,22.6,24.7,High,Sedan,Diesel,2.29
2.4,8.7,16.6,High,Sedan,Petrol,0.67
17.7,47.4,22.4,High,Hatchback,Petrol,4.25
22.6,31.8,42.7,Moderate,SUV,Petrol,6.33
5.1,13.7,22.4,High,SUV,Petrol,1.92
7.8,16,29.3,High,SUV,Diesel,2.29
18.1,31.1,34.9,Moderate,Hatchback,Petrol,3.38
7.2,9.5,45.5,Low,Hatchback,Petrol,1.13
2.1,4.8,26.3,High,Hatchback,Petrol,0.42
6.4,17.1,22.5,High,Sedan,Petrol,1.71
20.3,55.1,22.1,High,Hatchback,Petrol,4.61
5.9,10.7,33,Moderate,SUV,Diesel,1.48
32,33.3,57.7,Low,Hatchback,Diesel,4.62
11.2,18.9,35.5,Moderate,Sedan,Petrol,2.57
19.4,32.8,35.5,Moderate,Sedan,Diesel,3.7
7.4,13.5,32.8,Moderate,Hatchback,Diesel,1.21
19.5,34.6,33.8,Moderate,Hatchback,Diesel,3.24
9,15.7,34.5,Moderate,Hatchback,Petrol,1.73
34.9,48.7,43,Moderate,Motorcycle,Petrol,3.49
6.8,18.2,22.4,High,Motorcycle,Petrol,0.88
42.9,122,21.1,High,Sedan,Petrol,11.71
7.6,20.8,21.9,High,Hatchback,Petrol,1.74
10,19.6,30.6,Moderate,Sedan,Petrol,2.11
9.1,20.3,26.9,High,Hatchback,Petrol,1.9
5.9,9.9,35.9,Moderate,Sedan,Petrol,1.32
8.1,22.1,22,High,Motorcycle,Petrol,1.08
3.3,4.9,40.5,Moderate,Hatchback,Diesel,0.51
26.4,26.7,59.3,Low,SUV,Diesel,6.09
17.7,26,40.8,Moderate,Motorcycle,Petrol,1.71
4.8,13.8,20.9,High,Motorcycle,Petrol,0.63
8.6,21.4,24.1,High,SUV,Petrol,3.17
4.7,9.6,29.4,High,Sedan,Petrol,1.19
3.5,3.8,55.2,Low,Hatchback,Diesel,0.49
16.1,91.1,10.6,Severe,Sedan,Diesel,4.74
14.6,22,39.9,Moderate,Hatchback,Diesel,2.29
11.1,91.2,7.3,Severe,SUV,Petrol,5.33
15.2,56.3,16.2,High,SUV,Petrol,5.88
8.1,9.3,52.4,Low,Sedan,Diesel,1.38
3.9,20.5,11.4,Severe,Hatchback,Diesel,0.98
4.7,11.8,23.8,High,SUV,Petrol,1.7
20.1,38.8,31.1,Moderate,Hatchback,Diesel,3.12
7.3,10.7,40.9,Moderate,Sedan,Petrol,1.57
13.9,105.6,7.9,Severe,Hatchback,Petrol,4.01
2.4,3.7,39.4,Moderate,Hatchback,Petrol,0.47
5.8,8.8,39.7,Moderate,Hatchback,Petrol,1.05
4.5,4.7,56.9,Low,Hatchback,Diesel,0.63
11.8,44.5,15.9,High,Sedan,Diesel,2.83
21.1,23.3,54.3,Low,Sedan,Diesel,3.53
26,98.7,15.8,High,Hatchback,Petrol,6.01
9.7,45.1,12.9,Severe,Sedan,Diesel,2.98
2.8,27.1,6.2,Severe,Hatchback,Petrol,0.77
3.6,4.5,47.9,Low,SUV,Diesel,0.76
19.7,20.7,57.1,Low,Hatchback,Diesel,2.76
8.3,38.3,13,Severe,Hatchback,Diesel,2.03
18.1,57.5,18.9,High,Sedan,Petrol,4.71
6.6,9.9,39.9,Moderate,Hatchback,Petrol,1.23
17,50.5,20.2,High,Sedan,Petrol,4.56
4.1,15.2,16.2,High,Motorcycle,Petrol,0.53
6.4,11.7,32.7,Moderate,Sedan,Petrol,1.41
6.1,15.6,23.5,High,Motorcycle,Petrol,0.79
7.5,18.6,24.2,High,Hatchback,Petrol,1.64
24.8,59.8,24.9,High,Sedan,Petrol,6.52
9.2,48.4,11.4,Severe,Hatchback,Petrol,2.8
4.2,9,28.1,High,Hatchback,Petrol,0.92
15.1,53,17.1,High,SUV,Petrol,5.53
11.6,44.1,15.8,High,Sedan,Petrol,3.28
5.8,11.5,30.3,Moderate,Sedan,Petrol,1.26
9.8,13.4,43.8,Moderate,Motorcycle,Petrol,0.94
8.6,12.8,40.4,Moderate,Hatchback,Petrol,1.59
21.2,49.1,25.9,High,Sedan,Diesel,4.95
9.6,13,44.2,Moderate,Sedan,Petrol,1.99
5,8.9,33.6,Moderate,Hatchback,Petrol,0.9
19.2,32.8,35.1,Moderate,Hatchback,Diesel,2.96
19.9,37.5,31.8,Moderate,Hatchback,Petrol,3.8
5.7,6.7,50.9,Low,Motorcycle,Petrol,0.51
16.3,35.2,27.8,High,Motorcycle,Petrol,1.94
12.4,52.8,14.1,Severe,Hatchback,Diesel,3.16
4.3,7.7,33.7,Moderate,Hatchback,Diesel,0.72
3.2,6.4,29.9,High,SUV,Diesel,0.97
28.9,79.9,21.7,High,Hatchback,Petrol,6.45
16.3,20.7,47.2,Low,Motorcycle,Petrol,1.4
3.8,5.8,39.5,Moderate,SUV,Diesel,1
8.4,39.4,12.8,Severe,Hatchback,Petrol,2.43
8.9,16.5,32.4,Moderate,Sedan,Petrol,1.87
13.4,32.2,25,High,Motorcycle,Petrol,1.65
2.6,5.5,28.2,High,Hatchback,Diesel,0.49
14.4,19.5,44.4,Moderate,SUV,Petrol,4.21
3.1,10.2,18.3,High,SUV,Diesel,1.03
18.8,22.7,49.6,Low,Hatchback,Petrol,2.93
2.7,8.8,18.4,High,Sedan,Petrol,0.72
39.7,43.3,55,Low,Hatchback,Diesel,5.29
6.2,9.3,39.8,Moderate,Sedan,Petrol,1.35
9,9.3,58.1,Low,SUV,Diesel,1.96
34.1,66,31,Moderate,Motorcycle,Petrol,3.44
7.9,11.3,42,Moderate,Hatchback,Petrol,1.34
14.9,27.9,32.1,Moderate,Sedan,Petrol,3.21
5.5,8.1,40.8,Moderate,Sedan,Petrol,1.19
29.6,49.6,35.8,Moderate,Sedan,Petrol,6.21
8.6,11.5,45,Moderate,Hatchback,Diesel,1.26
16.1,58.2,16.6,High,Motorcycle,Petrol,2.1
9,20.9,25.8,High,Sedan,Diesel,2.06
7.7,8.5,54.5,Low,Hatchback,Petrol,1.23
40.6,57.5,42.4,Moderate,Hatchback,Petrol,7.07
29.3,139.5,12.6,Severe,SUV,Diesel,11.54
19.3,55.1,21,High,Hatchback,Petrol,4.34
7.1,7.6,56,Low,Hatchback,Diesel,0.95
16.2,17.9,54.4,Low,SUV,Diesel,3.45
5.3,8.8,36.3,Moderate,Sedan,Diesel,1.08
4,9.2,26,High,Motorcycle,Petrol,0.49
8.7,28.2,18.5,High,Sedan,Petrol,2.45
38.7,59.8,38.8,Moderate,Sedan,Petrol,8.34
27.4,36.6,44.9,Moderate,Hatchback,Petrol,4.79
25.7,252.8,6.1,Severe,Hatchback,Diesel,6.32
15.5,27.4,33.9,Moderate,Sedan,Petrol,3.42
42.6,89.1,28.7,High,Hatchback,Diesel,7.98
6.2,6.3,58.6,Low,Hatchback,Diesel,0.84
4.5,19.7,13.7,Severe,Hatchback,Diesel,1.12
7.2,18.3,23.6,High,SUV,Petrol,2.56
5.3,20.3,15.7,High,Sedan,Petrol,1.42
6,6.7,53.8,Low,Sedan,Diesel,1.05
17.5,22.8,46,Low,Hatchback,Petrol,2.69
28,73,23,High,Sedan,Diesel,6.56
13.9,75.1,11.1,Severe,Sedan,Diesel,4.13
33.2,69.2,28.8,High,Sedan,Diesel,7.25
45,50.5,53.5,Low,SUV,Petrol,11.81
8,19,25.2,High,SUV,Petrol,2.6
12.6,30.5,24.8,High,Hatchback,Diesel,2.51
4.7,5.1,55,Low,Motorcycle,Petrol,0.44
23.3,191.5,7.3,Severe,Hatchback,Diesel,5.68
5.8,6.1,57.4,Low,Hatchback,Petrol,0.96
2.5,4.1,36.5,Moderate,Sedan,Petrol,0.56
5.4,21.6,15,Severe,Motorcycle,Petrol,0.77
24.3,265.1,5.5,Severe,Sedan,Diesel,7.84
4.4,4.6,57,Low,Sedan,Petrol,0.83
50.6,106.9,28.4,High,Sedan,Petrol,13.05
26.5,58.5,27.2,High,Sedan,Petrol,6.46
18,27.7,39,Moderate,Sedan,Diesel,3.49
9.7,13.3,43.7,Moderate,Hatchback,Petrol,1.66
8.3,8.4,59.6,Low,Sedan,Petrol,1.58
4,9.1,26.5,High,Sedan,Diesel,0.9
17.5,59.3,17.7,High,Sedan,Petrol,4.79
13.3,36.9,21.6,High,SUV,Petrol,4.77
14.2,21.4,39.8,Moderate,Motorcycle,Petrol,1.42
18.2,27.9,39.2,Moderate,SUV,Petrol,5.7
19.5,68.8,17,High,Hatchback,Diesel,3.88
15.3,113.3,8.1,Severe,Hatchback,Petrol,4.48
3.6,5.2,41.3,Moderate,Motorcycle,Petrol,0.36
26.5,34.6,46,Low,Motorcycle,Petrol,2.38
7.5,11.2,40.3,Moderate,Sedan,Diesel,1.41
24.1,48.4,29.9,High,Sedan,Petrol,5.73
18.6,32.3,34.6,Moderate,Motorcycle,Petrol,1.89
22.1,31.3,42.3,Moderate,Hatchback,Diesel,3.56
6.8,24,17,High,Sedan,Petrol,1.85
10.6,35.9,17.7,High,Sedan,Petrol,2.99
23.3,85.2,16.4,High,Sedan,Petrol,6.67
6.5,16.2,24.1,High,Hatchback,Petrol,1.49
54.9,109.1,30.2,Moderate,Hatchback,Petrol,10.14
8.9,39.9,13.4,Severe,Sedan,Petrol,2.98
16.3,45.9,21.3,High,Hatchback,Diesel,3.36
12.3,21.8,33.9,Moderate,SUV,Petrol,3.56
11.6,12.7,54.9,Low,SUV,Petrol,2.92
17.8,35.2,30.3,Moderate,Sedan,Diesel,3.48
9.6,15.7,36.6,Moderate,SUV,Petrol,3.01
53.1,108.4,29.4,High,Motorcycle,Petrol,6.22
19.3,35.7,32.4,Moderate,Sedan,Petrol,4.22
8.1,25.1,19.4,High,Motorcycle,Petrol,1.08
5.9,14.4,24.6,High,Hatchback,Petrol,1.38
12.7,20.3,37.5,Moderate,Hatchback,Petrol,2.32
30.9,43.7,42.4,Moderate,Motorcycle,Petrol,3.1
5.4,10.6,30.7,Moderate,Sedan,Petrol,1.19
19.1,28.3,40.5,Moderate,Hatchback,Petrol,3.4
6.3,10.6,35.6,Moderate,Sedan,Diesel,1.2
9.9,10.1,58.6,Low,Hatchback,Diesel,1.32
9.5,33.9,16.8,High,Hatchback,Petrol,2.13
14.6,77.5,11.3,Severe,SUV,Petrol,6.8
12.3,17.2,42.8,Moderate,Hatchback,Petrol,2.2
7.1,12.9,33.1,Moderate,SUV,Diesel,1.85
11,40,16.5,High,Sedan,Diesel,2.76
4.2,6.7,37.8,Moderate,Motorcycle,Petrol,0.43
5,8,37.7,Moderate,Motorcycle,Petrol,0.53
22.5,30.1,44.9,Moderate,Motorcycle,Petrol,2.31
14.7,26.3,33.5,Moderate,Sedan,Petrol,3.12
13.1,13.7,57.5,Low,Hatchback,Petrol,2.08
2.4,5.1,28,High,SUV,Petrol,0.8
10.9,49.9,13.1,Severe,Hatchback,Petrol,3.08
18.6,23.4,47.6,Low,Hatchback,Diesel,2.64
11.9,37.8,18.9,High,Hatchback,Petrol,2.76
6.6,7.7,51.2,Low,SUV,Petrol,1.65
17,182.1,5.6,Severe,Hatchback,Petrol,4.79
8.2,8.9,55,Low,SUV,Petrol,2.15
3.2,29.5,6.5,Severe,Motorcycle,Petrol,0.52
24.5,35.9,41,Moderate,Sedan,Diesel,4.36
10.5,19.6,32.2,Moderate,Motorcycle,Petrol,1.09
7.6,10.7,42.8,Moderate,Sedan,Petrol,1.55
7.9,25.8,18.4,High,Hatchback,Petrol,1.82
12.6,14,54,Low,Motorcycle,Petrol,1.12
5.6,8.5,39.5,Moderate,Sedan,Petrol,1.19
7.8,11.2,41.8,Moderate,Sedan,Petrol,1.59
5.5,6.7,49.5,Low,Hatchback,Petrol,0.9
17,25.6,39.8,Moderate,Sedan,Diesel,3.2
19.4,27.7,42,Moderate,Motorcycle,Petrol,1.91
6.8,22.8,17.9,High,Sedan,Petrol,1.94
9.2,100.4,5.5,Severe,Motorcycle,Petrol,1.53
7.6,17.2,26.5,High,Hatchback,Petrol,1.63
11.2,11.3,59.6,Low,Motorcycle,Petrol,1.01
32.1,78.6,24.5,High,Hatchback,Petrol,7.68
13.2,22.2,35.7,Moderate,Sedan,Diesel,2.69
5.6,6.1,55.4,Low,Sedan,Petrol,1.1
8.5,16.9,30.1,Moderate,Sedan,Petrol,1.83
15.1,177.6,5.1,Severe,Sedan,Petrol,5.3
55.1,74.6,44.3,Moderate,Hatchback,Diesel,8.84
34.9,222.8,9.4,Severe,Sedan,Petrol,12.59
9.2,21.4,25.8,High,Hatchback,Petrol,1.86
15.5,41.2,22.6,High,Motorcycle,Petrol,2.04
18.6,26.5,42.1,Moderate,SUV,Petrol,5.14
27.3,68.5,23.9,High,Sedan,Petrol,7.43
18.8,27.2,41.5,Moderate,Hatchback,Petrol,3.45
9.1,23,23.7,High,Hatchback,Diesel,1.78
31.5,41.6,45.4,Low,SUV,Petrol,8.15
20.1,211.6,5.7,Severe,SUV,Petrol,9.71
6.5,11.6,33.7,Moderate,SUV,Petrol,1.95
5.4,7.7,42.3,Moderate,Motorcycle,Petrol,0.56
7,23.9,17.6,High,Hatchback,Diesel,1.35
6.4,17.8,21.6,High,Hatchback,Petrol,1.53
9.4,9.8,57.4,Low,SUV,Diesel,1.97
5.4,14.5,22.3,High,Hatchback,Petrol,1.3
15.6,23.1,40.6,Moderate,Motorcycle,Petrol,1.48
8.7,13.9,37.6,Moderate,Hatchback,Petrol,1.58
4.1,6.2,39.7,Moderate,Sedan,Diesel,0.82
13,20.2,38.6,Moderate,Hatchback,Petrol,2.4
30.6,185.5,9.9,Severe,Hatchback,Petrol,9.17
18.5,25.6,43.3,Moderate,Hatchback,Diesel,2.75
14.6,39.3,22.3,High,Sedan,Petrol,3.89
9.4,23.5,24,High,Hatchback,Diesel,1.8
19.1,37.2,30.8,Moderate,SUV,Petrol,5.48
35,63.1,33.3,Moderate,Hatchback,Petrol,6.77
9.1,13,42,Moderate,SUV,Petrol,2.56
7.1,25.1,17,High,Hatchback,Diesel,1.41
7,19.4,21.7,High,Sedan,Diesel,1.65
4.3,39.7,6.5,Severe,Motorcycle,Petrol,0.68
50.3,170.5,17.7,High,SUV,Diesel,16.18
5.3,21.1,15.1,High,Sedan,Petrol,1.51
4.7,31.3,9,Severe,Hatchback,Petrol,1.42
4.9,7,42,Moderate,Sedan,Petrol,1.07
10.5,20.7,30.4,Moderate,Sedan,Diesel,2.12
18,60.7,17.8,High,Sedan,Petrol,5.06
18.6,25.5,43.8,Moderate,Motorcycle,Petrol,1.83
6.9,18.5,22.4,High,Hatchback,Diesel,1.35
19.5,21.2,55.2,Low,SUV,Petrol,5.08
9,12.8,42.2,Moderate,Hatchback,Petrol,1.61
11.1,18.3,36.3,Moderate,Hatchback,Petrol,2.05
3.6,5.4,40,Moderate,Hatchback,Petrol,0.63
27.3,34.3,47.8,Low,Hatchback,Diesel,3.99
25.5,92.2,16.6,High,Sedan,Diesel,6.28
20.9,38.2,32.8,Moderate,Sedan,Petrol,4.46
7.3,24.3,18,High,Hatchback,Petrol,1.71
7.2,9.1,47.6,Low,Hatchback,Diesel,0.97
16.4,24.4,40.4,Moderate,Hatchback,Petrol,2.81
5.9,9.1,38.7,Moderate,Motorcycle,Petrol,0.63
14.8,45.5,19.5,High,Motorcycle,Petrol,1.99
7.1,13.4,31.8,Moderate,Hatchback,Diesel,1.2
10.1,25.9,23.4,High,Sedan,Petrol,2.77
9.9,10.9,54.6,Low,Hatchback,Petrol,1.61
13,18.7,41.7,Moderate,SUV,Petrol,3.88
3.6,15.8,13.7,Severe,Hatchback,Petrol,1.07
5.4,9.7,33.3,Moderate,Motorcycle,Petrol,0.59
9.5,27.3,20.9,High,SUV,Diesel,3.09
19,26.5,43,Moderate,SUV,Petrol,5.68
9,12.6,42.7,Moderate,Hatchback,Petrol,1.61
31.8,37,51.6,Low,Hatchback,Diesel,4.41
11.3,39.9,17,High,Sedan,Petrol,2.99
2.1,3.4,37.3,Moderate,Hatchback,Diesel,0.32
3.9,9.2,25.5,High,Motorcycle,Petrol,0.46
14.1,19.8,42.8,Moderate,Sedan,Diesel,2.67
7.9,18.9,25.1,High,Sedan,Petrol,2.04
9,11.4,47.4,Low,Sedan,Diesel,1.5
3.3,5.8,34.4,Moderate,Hatchback,Petrol,0.63
23.5,30.7,45.9,Low,Hatchback,Diesel,3.18
2,2.6,46.9,Low,Hatchback,Petrol,0.31
16.4,21.7,45.4,Low,Sedan,Petrol,2.97
13.3,24,33.2,Moderate,Sedan,Petrol,2.9
8.5,26.8,19,High,Sedan,Petrol,2.26
20.1,34.2,35.3,Moderate,Sedan,Diesel,3.91
7.9,47.9,9.9,Severe,SUV,Diesel,3.19
5.7,9.3,36.6,Moderate,Hatchback,Diesel,0.9
12.3,21.6,34.1,Moderate,Motorcycle,Petrol,1.24
17.8,54.2,19.7,High,SUV,Petrol,6.88
3.9,6.3,37.1,Moderate,Sedan,Petrol,0.87
8.2,22.5,21.9,High,Sedan,Petrol,2.33
15.4,22.1,41.9,Moderate,SUV,Petrol,4.53
25.5,68,22.5,High,Hatchback,Petrol,5.77
8.1,9.9,49.3,Low,Hatchback,Petrol,1.3
25.4,26,58.6,Low,Hatchback,Diesel,3.47
32.4,33.8,57.5,Low,Motorcycle,Petrol,2.92
6.9,16,25.9,High,Sedan,Diesel,1.55
8.3,24.4,20.4,High,Hatchback,Petrol,1.97
6.3,7.4,51.4,Low,Hatchback,Petrol,1
19.7,69.1,17.1,High,SUV,Petrol,7.13
4.9,5.3,55,Low,SUV,Petrol,1.31
7.3,14.8,29.6,High,Hatchback,Petrol,1.56
9.4,25.6,22,High,Motorcycle,Petrol,1.23
9,17.1,31.5,Moderate,Hatchback,Petrol,1.59
12.9,18.9,41,Moderate,Hatchback,Diesel,1.98
7.9,22.8,20.8,High,Hatchback,Petrol,1.89
7.8,37.1,12.6,Severe,Hatchback,Petrol,2.22
8.1,28.3,17.2,High,Hatchback,Diesel,1.61
16.3,32.4,30.2,Moderate,SUV,Petrol,5.06
6.2,9.5,39.1,Moderate,Hatchback,Diesel,0.99
2.5,3.7,40.7,Moderate,Motorcycle,Petrol,0.25
36.5,135.2,16.2,High,SUV,Petrol,13.96
11.6,35.3,19.7,High,Hatchback,Petrol,2.64
8.8,12.2,43.4,Moderate,Sedan,Petrol,1.83
17.1,25.5,40.3,Moderate,Sedan,Petrol,3.59
29.9,46.2,38.8,Moderate,Sedan,Petrol,6.77
6.2,31,12,Severe,Hatchback,Petrol,1.73
10.2,18.4,33.3,Moderate,Sedan,Diesel,1.96
7.7,21.4,21.6,High,Hatchback,Diesel,1.59
5.3,8,39.9,Moderate,Sedan,Petrol,1.11
11.3,27.8,24.4,High,Hatchback,Diesel,2.2
20.4,27.3,44.9,Moderate,Motorcycle,Petrol,1.98
11.8,43.4,16.3,High,Hatchback,Diesel,2.32
17.3,55.8,18.6,High,SUV,Petrol,6.58
2.7,5,32.2,Moderate,Motorcycle,Petrol,0.27
17.4,62.1,16.8,High,Hatchback,Petrol,4.18
2.5,17,8.8,Severe,SUV,Diesel,1.01
43.7,53.7,48.8,Low,SUV,Petrol,11.14
54.5,191.2,17.1,High,Motorcycle,Petrol,6.83
11.5,16.2,42.5,Moderate,Motorcycle,Petrol,1.19
5.4,8.2,39.7,Moderate,Sedan,Petrol,1.22
3.1,4.7,39.2,Moderate,Sedan,Diesel,0.58
11.3,14,48.4,Low,Hatchback,Petrol,1.84
17.1,38.9,26.4,High,SUV,Diesel,4.74
4.9,6.9,42.9,Moderate,Hatchback,Petrol,0.83
18.5,26.1,42.6,Moderate,Sedan,Petrol,4.02
8.2,20.8,23.6,High,Hatchback,Petrol,1.82
8.4,20.7,24.3,High,Sedan,Petrol,2.3
3.5,7.1,29.6,High,SUV,Petrol,1.18
6.3,8.4,44.8,Moderate,Hatchback,Diesel,0.98
4.6,9.2,30.1,Moderate,SUV,Diesel,1.13
5.1,12.5,24.5,High,SUV,Diesel,1.63
18,24.3,44.4,Moderate,Sedan,Petrol,3.86
23,74.6,18.5,High,SUV,Petrol,8.27
2.9,6.9,25.3,High,Sedan,Petrol,0.74
4.5,11.8,22.9,High,Motorcycle,Petrol,0.61
16.6,51.9,19.2,High,Sedan,Petrol,4.35
7.9,12.8,37.1,Moderate,Sedan,Petrol,1.82
2,5.7,21,High,Hatchback,Petrol,0.45
3.7,3.9,56.3,Low,Sedan,Petrol,0.72
9.7,14.2,41.1,Moderate,Hatchback,Petrol,1.67
12.1,93.1,7.8,Severe,SUV,Petrol,5.79
4.5,6.1,44.4,Moderate,Hatchback,Diesel,0.72
24.7,57.4,25.8,High,SUV,Petrol,8.13
3.6,7,30.9,Moderate,SUV,Diesel,0.91
15.1,15.7,57.8,Low,Hatchback,Diesel,2.2
3.7,3.8,59.1,Low,Sedan,Diesel,0.62
14,20.9,40.1,Moderate,Sedan,Petrol,2.81
16,23,41.8,Moderate,Motorcycle,Petrol,1.54
2.9,11,15.8,High,Sedan,Petrol,0.8
11.4,29.4,23.3,High,Motorcycle,Petrol,1.49
34.7,108.4,19.2,High,Sedan,Petrol,9.8
5.1,21.9,14,Severe,Sedan,Petrol,1.74
6.9,7.1,58.4,Low,Sedan,Petrol,1.35
8.8,13,40.6,Moderate,Hatchback,Petrol,1.54
6,6.5,55.4,Low,Hatchback,Petrol,0.97
2.5,3.4,43.7,Moderate,SUV,Petrol,0.68
13.6,30.3,26.9,High,Sedan,Petrol,3.47
28.2,76.6,22.1,High,Hatchback,Petrol,6.57
27.5,97.1,17,High,Motorcycle,Petrol,3.52
3,4.8,37.6,Moderate,Sedan,Petrol,0.65
17.7,35.9,29.6,High,Sedan,Diesel,4
2.5,5.7,26.2,High,Motorcycle,Petrol,0.28
2.6,8,19.5,High,Hatchback,Petrol,0.6
4.8,8.2,35.3,Moderate,Motorcycle,Petrol,0.47
6.3,11.5,32.9,Moderate,SUV,Petrol,1.97
3.5,6.8,31,Moderate,Motorcycle,Petrol,0.38
46,82.9,33.3,Moderate,Motorcycle,Petrol,4.92
2.8,3.8,44.6,Moderate,Hatchback,Petrol,0.5
11.2,28.1,23.9,High,SUV,Diesel,3.59
4.1,9.3,26.4,High,Sedan,Diesel,0.91
7.7,10.5,44,Moderate,Hatchback,Diesel,1.21
10.7,45.2,14.2,Severe,SUV,Diesel,4.29
17.1,29.8,34.4,Moderate,SUV,Petrol,5.38
25.4,55.6,27.4,High,Hatchback,Petrol,5.38
11.6,13.6,51,Low,Sedan,Petrol,2.26
7.9,19.4,24.4,High,Hatchback,Diesel,1.58
15.5,29.5,31.5,Moderate,Hatchback,Diesel,2.44
10.8,11.3,57.3,Low,Hatchback,Diesel,1.44
12.9,28.8,26.9,High,Sedan,Petrol,3.3
10.2,25.3,24.2,High,Sedan,Petrol,2.89
33.5,47.1,42.7,Moderate,Sedan,Petrol,7.1
6.3,11.8,32,Moderate,SUV,Petrol,1.95
15.9,16.9,56.4,Low,Motorcycle,Petrol,1.48
24.8,54.5,27.3,High,Motorcycle,Petrol,3.02
8.7,16.1,32.4,Moderate,Hatchback,Petrol,1.6
15.6,39,24,High,Hatchback,Petrol,3.49
21.4,72.5,17.7,High,Motorcycle,Petrol,2.9
17.2,62.9,16.4,High,Sedan,Petrol,4.7
10.2,13.2,46.5,Low,SUV,Petrol,2.67
9.7,16.7,34.8,Moderate,Sedan,Petrol,2.09
19.8,228.5,5.2,Severe,Hatchback,Diesel,5.25
18.3,129.2,8.5,Severe,Hatchback,Diesel,4.71
7.4,29.6,15,High,Motorcycle,Petrol,0.95
55.9,145.2,23.1,High,Hatchback,Petrol,13.13
29.4,98,18,High,Hatchback,Petrol,6.66
21.1,21.7,58.3,Low,Motorcycle,Petrol,1.95
24.3,38.3,38.1,Moderate,Hatchback,Diesel,4
8.5,33.3,15.3,High,SUV,Diesel,2.57
4.5,5,54,Low,Hatchback,Petrol,0.75
15.6,15.7,59.5,Low,Sedan,Diesel,2.52
39.6,55.8,42.6,Moderate,Hatchback,Diesel,6.29
2.6,5.8,27,High,Sedan,Petrol,0.65
8.8,28.9,18.3,High,Motorcycle,Petrol,1.16
14.8,21.7,40.9,Moderate,Sedan,Petrol,2.95
6.9,24.5,16.9,High,Hatchback,Diesel,1.43
23.7,30.6,46.4,Low,SUV,Petrol,6.16
9.3,10,55.6,Low,Sedan,Diesel,1.52
52.1,164.5,19,High,Hatchback,Petrol,11.88
2.1,3,42.4,Moderate,SUV,Petrol,0.6
4.5,4.6,58.1,Low,Motorcycle,Petrol,0.41
12.4,19,39.1,Moderate,Motorcycle,Petrol,1.34
7.9,13.7,34.7,Moderate,Hatchback,Petrol,1.45
7.4,17,26.1,High,Sedan,Petrol,1.93
20.9,27.3,45.9,Low,Motorcycle,Petrol,1.9
10,22.4,26.8,High,Hatchback,Petrol,2.08
18,22.4,48.2,Low,SUV,Petrol,4.6
2.9,4.7,37,Moderate,Hatchback,Diesel,0.49
32.6,305.6,6.4,Severe,Hatchback,Diesel,8.03
3,6,30.1,Moderate,Hatchback,Diesel,0.49
8.8,11.6,45.7,Low,Sedan,Petrol,1.69
29.1,30.7,56.8,Low,Motorcycle,Petrol,2.56
17.6,23.3,45.3,Low,Hatchback,Petrol,2.7
3.1,10.8,17.3,High,Motorcycle,Petrol,0.4
28.8,46.3,37.3,Moderate,SUV,Diesel,7.18
17.3,30.5,34,Moderate,Sedan,Petrol,3.72
27.9,69.5,24.1,High,Hatchback,Diesel,5.62
5.4,5.6,58.1,Low,Hatchback,Petrol,0.89
32.7,50.1,39.2,Moderate,SUV,Petrol,9.34
6.4,8.4,45.5,Low,Hatchback,Petrol,1.02
18.6,35.2,31.7,Moderate,Motorcycle,Petrol,1.87
19.2,44.3,26,High,Hatchback,Diesel,3.67
5.5,9,36.8,Moderate,Motorcycle,Petrol,0.57
4.5,8,33.6,Moderate,Sedan,Petrol,1.03
30.2,64.9,27.9,High,Hatchback,Diesel,5.55
13,16.5,47.4,Low,SUV,Diesel,2.94
18,23.2,46.6,Low,Hatchback,Diesel,2.44
7,24.7,17,High,Motorcycle,Petrol,0.88
6.7,20.2,19.9,High,Sedan,Petrol,1.9
6.1,12.1,30.2,Moderate,Hatchback,Diesel,0.95
2.4,3.3,43.8,Moderate,Motorcycle,Petrol,0.23
5.1,5.4,57,Low,SUV,Petrol,1.36
12,12.5,57.6,Low,SUV,Petrol,3.23
3.4,4.8,42.7,Moderate,Hatchback,Petrol,0.58
2.8,5.4,31.2,Moderate,Hatchback,Petrol,0.53
5.5,8,41.4,Moderate,Hatchback,Petrol,1.01
4.8,14.1,20.4,High,Hatchback,Diesel,0.98
12.2,106.1,6.9,Severe,SUV,Petrol,5.93
22.4,89,15.1,High,Motorcycle,Petrol,2.99
10.8,21.3,30.4,Moderate,Sedan,Diesel,2.05
16.5,45.4,21.8,High,Hatchback,Petrol,3.73
14.4,27.2,31.8,Moderate,Hatchback,Petrol,2.72
19.9,37.8,31.6,Moderate,SUV,Petrol,5.85
32.7,69.1,28.4,High,Hatchback,Diesel,6.07
9.5,12.1,47.2,Low,Sedan,Diesel,1.62
2.8,3,55.3,Low,Hatchback,Petrol,0.44
3.5,4.3,49,Low,SUV,Petrol,0.93
7,12.7,33,Moderate,Hatchback,Petrol,1.32
4.5,35.5,7.6,Severe,Sedan,Petrol,1.6
3.4,3.9,52.9,Low,Hatchback,Petrol,0.53
